Name,City,Country
"1 Marybank Estate ,",Stornoway,Scotland
151 Products Ltd,St Helens,Uk
1675 Logistics,Crewe,Uk
1bola Border Biscuits,Lanarkshire,Scotland
2 Fl,Rungis,France
2 Sisters Deeside,Deeside,Uk
2 Sisters Food Group,Carlisle,Uk
2 Sisters Food Group,Cullompton,Uk
2 Sisters Food Group,Scunthorpe,Uk
2 Sisters,Bungay,Uk
2 Sisters,Coupar Angus,Scotland
2 Xl Zeebrugge,Zeebrugge,Belgium
24h Frost,Loon-plage,France
2b&c,Wellesbourne,Uk
Pallex,Oranmore,Ireland
3663 - Basingstoke,Basingstoke,Uk
3d Trading,Lisburn,Northern Ireland
4 Acres Wholesale,Portlaoise,Ireland
4 Feet Shoes,Finsbury Park,Uk
4 Fruit Company B.v,Ridderkerk,Netherlands
45-47 Sinclair Road,Aberdeen,Uk
4th Cliff,Boulogne-sur-mer,France
6 Sunbank Lane M90 5aa,Manchester,Uk
Tss - Technical Support Services,Dublin,Ireland
Docle S.r.l.,Palmero,Italy
A & R Packaging Plateforme,Chollet,France
A - Transport Ltd,Co.kildare,Ireland
A De Bruijn & Zn,De Lier,Holland
A Gomez Ltd,Kent,Uk
A Leau Poissin (delanchy),Boulogne-sur-mer,France
A Thompson Jnr,Fraserburgh,Uk
A&asf Ltd (airidas),Kilkeel,Northern Ireland
A&asf Ltd,Kilkeel,Northern Ireland
A&j Audhali Fresh Farm Foods Ltd,Royal Leamington Spa,Uk
A&m Commercials,Armagh,Northern Ireland
A&m Commercials,Co.monaghan,Ireland
A&m Commercials,Derrynoose,Northern Ireland
A&m Commercials,Warrington,Uk
A&m Foodservice Ltd,Garvagh,Northern Ireland
A. De Jong Internationaal Transport Leerbroek B.v.,Leerbroek,Netherlands
A. Graupner Gmbh,Raschau-markersbach,Germany
A.-ehrmann-strabe 2,Oberschonegg Im Allgau,Germany
A.de Bruijn & Zn B.v,Delier,Holland
A.h.  Worth,Lincolnshire,Uk
A1 Coldstore,Lancaster,Uk
A1 Tyres,Dromore,United Kingdom
A123,Boulogne-sur-mer,France
A125 (delanchy),Boulogne-sur-mer,France
A190,Boulogne-sur-mer,France
A203,Boulogne-sur-mer,France
A477,Carmarthen,Uk
A5 Layby,Shrewsbury,Uk
A55 - Rhualt,Saint Asaph,Uk
A55,Cerrigceinwen,Uk
A55,Holyhead,Uk
A57->marine Products Of Scotland Ltd,Larkhall,Scotland
A645,Boulogne-sur-mer,France
A652 (delanchy),Boulogne-sur-mer,France
A671,Boulogne-sur-mer,France
A683 (heysham),Lancaster,Uk
A75 Layby,Kirkcurdbright,Uk
A77,Girvan,Uk
A931,Boulogne-sur-mer,France
A931,Boulogne-sur-mer,France
Aa Seafoods,Ballyhornan,Northern Ireland
Aaa,Los Angeles,Us
Aark Display Ltd,Leicester,Uk
Aartsenfruit Breda Bv,Breda,Holland
Aasf Ltd,Kilkeel,Northern Ireland
Ab Converters Limited,Naas,Ireland
Ab Halal Ltd,London,Uk
Abbey Frozen Foods Limited (sligo),Sligo,Ireland
Abbey Labels Limited,Bury St Edmunds,Uk
Abc Fresh Bv,Poeldijk,Holland
Abc Logistics Bv,Poeldijk,Holland
Abc Westland 451,Poeldijk,Holland
Aberdeen International Airport,Aberdeen,Scotland
Wild Water Group,Cardiff,Uk
Abergavenny Fine Foods,Torfaen,Uk
Abi,Beverley,Uk
Abiglobal Foods,Barking,Uk
Abington Services,Biggar,Uk
Abp Abbey Road Cahir,Cahir,Ireland
Abp Bandon,Bandon,Ireland
Abp Clones,Clones,Ireland
Abp Ellesmere,Ellesmere,Uk
Abp Food Group Kilcommon Cahir,Cahir,Ireland
Abp Food Group,Bandon,Ireland
Abp Food Group,Glasgow,Scotland
Abp Food Group,Rathkeale,Ireland
Abp Penston,Glasgow,Uk
Abp Slaney,Bunclody,Ireland
Abp Waterford,Kilkenny,Ireland
Abp Wessex Foods,Northallerton,United Kingdom
Abp,Donacster,Uk
Abp Food Group,Nenagh,Ireland
Abrahams Feine Fischkost,Zetel,Germany
Absolute Warehouse Services,Wakefield,Uk
Ac Goatham & Son,Rochester,Uk
Ac Trading Srl,Castel Maggiore Bo,Italy
Acampa Trasporti,Caserta,Italy
Acco Uk Distribution Centre,Halesowen,Uk
Acdoco Ltd,Irlam,Uk
Ace Express Freight,Blakes Cross,Ireland
Ace Express,Balbriggan,Ireland
Ace Express,Dublin,Ireland
Ace Vegetable Suppliers,Dublin,Ireland
Aceh Transport,Bapaume,France
Aceland,Dublin,Ireland
Acetum Spa,Cavezzo,Italy
Acia Automotive,Northampton,Uk
Acquachiara Bv,Boulogne Sur Mer,France
Acquachiara Bv,Boulogne-sur-mer,France
Acs Clothing,Motherwell,Scotland
Acs&t Logistics Ltd Stage 5,Grimsby,Uk
Acs&t Logistics Ltd,Grimsby,Uk
Acs&t Logistics,Grimsby,Uk
Acs&t,Wolverhampton,Uk
Action Logistics,Verrieres-en-anjoe,France
Active Flexible Packaging Ltd,Drogheda,Ireland
Acuhold Bvba,Brugge,Belgium
Adamsons Drinks,Pitreavie,Scotland
Adega Cooperativa Regional De Moncao,Mazedo E Cortes,Portugal
Adegas Terra De Asorei,San Martino De Meis Pontevedre,Spain
Falcon Rd,Belfast,Belfast
Ades Cash & Carry,Thamesmead,Uk
Adhex Tech Tapes S.l.,Porrino,Spain
Adial,Lisieux,France
Adm Milling,Edinburgh,Uk
Adri & Zoon (kotra),Boulogne-sur-mer,France
Adri & Zoon,Urk,Netherlands
Adri & Zoon,Yerseke,Netherlands
Adri & Zoon,Yerseke,Netherlands
Adrian Garrett,Kings Lynn,Uk
Adrian Scripps Ltd,Tonbridge,Uk
Adrian Weir C/o Jason Steele,Quigleys Point,Ireland
Adrian Weir C/o Paul Mc Crossan,Lifford,Ireland
Adriatica Logistics Srl,Forli,Italy
Adrigole Mussels - Dan O Shea,Beara,Ireland
Adrigole Parking,Adrigole,Ireland
Aduana De San Gines,San Gines,Spain
Adva Food Services Ltd,London,Uk
Advanced Global Productions - Lancashire,Langley,Uk
Advanced Global Productions,Langley,Uk
Advanced Global Productions,Manchester,Uk
Advanced Inspection Services Ltd,Wellingborough,Uk
Advanced Labels - Dublin,Dublin,Ireland
Advanced Supply Chain,Corby,Uk
Aegirfish (stef),Boulogne-sur-mer,France
Aer Lingus Cargo,Swords,Ireland
Aerie Pharmaceuticals Ireland Limited,Athlone,Ireland
Aero Board,Askeaton,Ireland
Aeroaid Ltd,Navan,Ireland
Affinity Fragnanes Limited,Ridgeway,Uk
Affinity Fragrances,Iver,Uk
Afi Rentals,Bellshill,Scotland
Afl Barendrecht,Barendrecht,Netherlands
Afl Barendrecht,Ridderkerk,Holland
Afru - Log,Beveren,Belgium
Ag Barr,Glasgow,Scotland
Ag Duff,Bridge Of Don,Uk
Agamix Przedsiebiorstwo Przetwórczo,Poniec,Poland
Agatino Mare Srl,Siracusa,Italy
Agc,Listowel,Ireland
Agencia Marítima Davimar,Vigo,Spain
Agglo Baghin Srl,Riese Pio X ( Tv ),Italy
Agraz,Badajoz,Spain
Agricola Don Camillo,Brescello,Italy
Agricollibio Srl,Sezze Lt,Italy
Agricoper Srl,Noicattaro,Italy
Agrifish S.r.l,Località Produttiva Poggino Vt,Italy
Agrifish Srl/ Civitavecchia Fruit,00053 Cibitavecchia Rm,Italy
Agrifreeze,Esquelbecq,France
Agrintesa Gambettola,Gambettola,Italy
Agrintesa,Castel Bolognese,Italy
Agrintesa,Castelfranco Emilia,Italy
Agrintesa,Faenza,Italy
Agrintesa,Ravenna,Italy
Agris,Le Portel,France
Agristo Bv,Tilburg,Netherlands
Agristo,Nazareth,Belgium
Agristo,Wielsbeke,Belgium
Agro Continental,Whitchurch,Uk
Agro Merchants Group,Castleblayney,Ireland
Agro Merchants,Monaghan,Ireland
Agro Merchants,Swords,Ireland
Agro Mousquetaires C/o Capt Houat,Lanester,France
Agropecuaria De Guissona,E-verdu,Spain
Agrozumos S.a.,Lecumberri,Spain
Ags Worldwide Movers - London,Uxbridge,Uk
Ahlstrom - Munksjo,Berwickshire,Uk
Ahorramas Sa,Madrid,Spain
Ahumados Gilmar,Alicante,Spain
Aib Foods Ltd,Wednesbury,Uk
Aib Foods,Wolverhampton,Uk
Aidan Doherty Transport,Tipperary,Ireland
Aimia Foods,St Helens,Uk
Ainslie Car Park,Girvan,Uk
Air Top Italia Srl,Soliera (mo),Italy
Aire Cantepie,Carentan Le Marais,France
Aire Cantepie,Carentan Les Marais,France
Aire D'armor Et D'argoat,Saint Gilles,France
Aire D'orléans-gidy,Gidy,France
Aire D'urrugne,Urrugne,France
Aire De Portes Lès Valence,Valence Est,France
Aire D Agen,"Sainte-colombe-en-bruilhois,",France
Aire De Beaugency Messas,Messas,France
Aire De Bedun - A714 - Aprr,Bizeneuille,France
Aire De Boitray - A6 - Aprr,Saint Georges De Reneins,France
Aire De Bordeaux-cestas - Nord,Cestas,France
Aire De Bosgouet Nord,Bosgouet,France
Aire De Bourg Jasseron,Jasseron,France
Aire De Bourges-sainte Thorette,Marmagne,France
Aire De Buzet - Sur - Baise Sud,Buzet Sur Baise,France
Aire De Ceignes Haut - Bugey,Ceignes,France
Aire De Chatellerault - Antran,Antran,France
Aire De Coeur Des Hauts-de-france Est,Assevillers,France
Aire De Covoiturage Chateaulin,Chateaulin,France
Aire De Cressanges,Cressanges,France
Aire De Crisnee,Fexhe Le Haut Clocher,Belgium
Aire De Deux Caps,Leubringhen,France
Aire De Dijon - Spoy,Brognan,France
Aire De Fenioux Quest,Fenioux,France
Aire De Garonne,Saint Nicholas De La Grave,France
Aire De Gevrey-chambertin Est,Gevrey Chambertin,France
Aire De Giberville Nord,Caen,France
Aire De L' Allier Doyet,Doyet,France
Aire De L'ocean Est,Lesperon,France
Aire De La Baie De Somme,Sailly-flibeaucourt,France
Aire De La Chaponne,Guillon Terre Plaine,France
Aire De La Fontaine Colette,Saint Epain,France
Aire De La Loyere - A6 - Aprr,Fontaines,France
Aire De La Sarthe,Sarge Le Mans,France
Aire De La Vallée De La Vire Gouvets,Gouvets,France
Aire De La Vendee,Saint Hermaine,France
Aire De Lambrecy Est,Treillières,France
Aire De Laudmarois,Setques,France
Aire De Les Brouzils,Les Brouzils,France
Aire De Les Pelerins,Samoussy,France
Aire De Lormaison Quest,Meru,France
Aire De Macon La Salle,Saint Albain,France
Aire De Meillac,Cubzac Les Ponts,France
Aire De Morainvilliers Nord,Morainvillers,France
Aire De Narbonne Vinassan Nord A9 -,Vinnassan,France
Aire De Poitiers Chince,Jaunay Marigny,France
Aire De Poitou-charentes Nord,Vouille,France
Aire De Port Lauragais Nord,Avignonet Lauragais,France
Aire De Portes D'angers Sud,Angers,France
Aire De Portes Les Valence,Valence Est,France
Aire De Pruille Le Chetif Ouest,Pruille,France
Aire De Reims Champagne Nord,Les Petites Loges,France
Aire De Remouillé-ouest,Remouille,France
Aire De Repos Dentelle D Alençon,Valframbert,France
Aire De Saint - Leger Est,Saint Leger,France
Aire De Saint-hilaire-cottes,Saint-hilaire-cottes,France
Aire De Salbris La Loge,Theillay,France
Aire De Saugon Est,Saint-savin,France
Aire De Service D Authezat,Authezat,France
Aire De Service D'authezat,Authezat,France
Aire De Service De L'Églantier,Barro,France
Aire De Service Du Mont Saint Michel,Saint Aubin Terregatte,France
Aire De Service Du Mont Saint Michel,Saint-aubin-de-terregatte,France
Aire De Servico Viseu Sul,Viseu,Portugal
Aire De Servizio San Nicola Est,Caserta,Italy
Aire De Sommesous,Sommesous,France
Aire De Tours Val De Loire Retour,Tours,France
Aire De Trellieres,Trellieres,France
Aire De Troyes Le Plessis - Northbound,Fresnoy Le Chateau,France
Aire De Val Neuvy,Fresnay L'eveque,France
Aire De Valleiry Nord,Valleiry,France
Aire De Valmy Le Moulin,Valmy,France
Aire De Vignacourt Est,Vignacourt,France
Aire De Vilabe,Paris,France
Aire De Villechétif - A26,Troyes,France
Aire Des Brouzils,Les Brouzils,France
Station Autoroutiere Rompetrol,Les Herbiers,France
Aire Des Terres De Graves Nord,Saint Michel De Rieufret,France
Aire Des Terres De Graves Sud,Saint-michel-de-rieufret,France
Aire Des Volcans,Bourges Champs,France
Aire Du Belvédère D’auriac,Carcassonne,France
Aire Du Centre De La France,Bourges,France
Aire Du Guiers,Romagnieu,France
Aire Du Hil,Rennes,France
Aire Du Val De Cher,Blere,France
Aire Jardin Des Causses Du Lot,Coeur De Causse,France
Aire Macon St. Albain,Saint Albain,France
Aire Sarthe Touraine,Dissay Sous Courcullon,France
Aire Sarthe Touraine,Dissay  Sous Courcillon,France
Aires De Service De Froyennes Site Q8,Tournai,Belgium
Airpharm Logistics,Barcelona,Spain
Airport Road Service Station,Crumlin,Northern Ireland
Ais Ltd,Wellingborough,Uk
Ais,"Dunshaughlin,",Ireland
Ajk,Hull,Uk
Ajs Transport / Trailer Wash - Tamworth,Swadlincote,Uk
Akzonobel Ashington,Ashington,Uk
Al Hamoor General Trading L.l.c,"Dubai,",Dubai
Al Lee,Ely,Uk
Al-va Transitos Y Aduanas,La Junquera,Spain
Alam And Sons Ltd,Bradford,United Kingdom
Alan Baybutt & Sons Ltd,Preston,Uk
Alan Mc Glinchey,Mulroy,Ireland
Alan Rankin,Muff,Ireland
Alara Foods,London,Uk
Alba Tramezzini Srl,Taranto,Italy
Albany Products Ireland Ltd,Lancashire,Uk
Albatross Seafoods,Killybegs,Ireland
Albatross Seafoods C/o Starcrest,Donegal Town,Ireland
Albatross Seafoods,Larkhall,Uk
Albea Uk Limited,Colchester,United Kingdom
Albergo L'angolo,Carisio Vc,Italy
Albero Forte Composite S.l.u.,BaÑeres,Spain
Albert Bartlett,Airdrie,Scotland
Alberti International S.r.l.,Motteggiana,Italy
Albertt Bartlett,Boston,Uk
Albice,Torrente De Cinca,Spain
Albini & Pitigliani Spa Correggio,Correggio Re,Italy
Albini & Pitigliani Spa,Prato,Italy
Albini Pitigliani - Milan,Vignate - Milan,Italy
Albini Pitigliani Srl,Verona,Italy
Albini Pitigliani,Lemizzone Di Correggio,Italy
Albion Fine Foods Ltd,Dartford,Uk
Albizu Bodega S.l,Lanciego,Spain
Albo,Pontevedra,Spain
Aldi Distribution Warehouse,Springfield,Uk
Aldi Rdc,Mitchelstown,Ireland
Aldi Rdc,Naas,Ireland
Aldi Rdc,Bathgate,Scotland
Aldi Rdc,Bolton,Uk
Aldi Rdc,Darlington,Uk
Aldi Rdc,Goldsthrope,Uk
Aldi Rdc,Neston,Uk
Aldi Rdc,Swindon,Uk
Aldi Stores Ltd,Chelmsford,Uk
Aldi Stores,Atherstone,Uk
Aldi Uk Sheppey,Queenborough,Uk
Aldi Uk Swaley,Derby,Uk
Aldi- Distribution Centre (cardiff),Cardiff,Uk
Aldi-darlington,Darlington,Uk
A Leau Poisson,Toulouse,France
Alessandria,Piemonte,Italy
Alex Crawley C/o Cloverhill,Millstreet,Ireland
Alex Crowley C/o Bc Shellfish,Cahersiveen,Ireland
Alex Crowley C/o Musgraves Killarney,Killarney,Ireland
Alex Crowley,Cahirciveen,Ireland
Alex Crowley-cromane,Cromane,Ireland
Alexander Nash Collection,Belfast,Northern Ireland
"Alexandrino Pereira & Silva Pereira, Lda",Perelhal,Portugal
Alexion Pharma Internation Operations Uc,Blanchardstown,Ireland
Alexir Partnership,Uckfield,Uk
Alexir Packaging Ltd,Edenbridge,United Kingdom
Alfa Fish,Boulogne-sur-mer,France
Alfa Fish,Brecht,Belgium
Alfano Tomasso,Battipaglia,Italy
Alfatherm Spa,Gorla Minore,Italy
Alfein Feinkost Gmbh & Co,Muhlen,Germany
Alfi S.r.l,Camponogara,Italy
Alfrecell Ltd,Alfreton,Uk
Alfred Enderby,Grimsby,United Kingdom
Alfred Price & Sons,Burscough,Uk
Ali Brothers Limited,Highgate,Uk
Alice Surgleati Ingrosso,Carbonia,Italy
Alice,Campogalliano,Italy
Alice,Castelvetro Piacentino,Italy
Alice,Sardinia,Italy
Alignan Du Vent Cepages,Alignan Du Vent,France
Alimer,Lorca,Spain
Alimerka Plataforma Pola (nave De Frio De Alimerka,Bobes,Spain
Alinter,Funes,Spain
Aliomer  C/o John Driege,Boulogne,France
Alis S..r.l.,Castelnuovo Rangone,Italy
Alisha Mary Fisheries C/o Mcdaids,Carndonagh,Ireland
Alisha Mary Fisheries Ltd (malin),Culkeeney,Ireland
All About Kombucha,Claregalway,Ireland
All Euro Great Limited,Cork,Ireland
All Fresh,Little Island,Ireland
All Green Ltd,Clondalkin,Ireland
All Meats,Sint-niklaas,Belgium
All Star Heating,Claremorris,Ireland
All-meats Int.co Nv,Sint-niklaas,Belgium
All4trucks,Marck,France
Allan & Dey Ltd,Bellshill,Gb
Allard Maree Sa,Lorient,France
Allard Maree Sa (mesguen),Boulogne-sur-mer,France
Allen Upholstery Ltd,Sheffield,Uk
Allfein Feinkost Gmbh & Co. Kg,Lohne,Germany
Allfein Feinkost Gmbh & Co.,Dannenberg,Germany
Allfein Feinkost,Steinfeld,Germany
Allfish Srl,Milan,Italy
Alliance Automotive Logistics,Rotherham,Uk
Alliance C/o Jenkinsons Logistics,Cloghran,Ireland
Alliance Foods Co. Llc,London,United Kingdom
Allied Bakeries Ltd,Lincoln,Uk
Allied Bakeries,Belfast,Northern Ireland
Allied Foods La Rouse Musgrave Tallaght,Dublin,Ireland
Maghnala,Malow,Ireland
Allied Imports,Ballycoolin,Ireland
Allied Irish Growers,Bandon,Ireland
Allinall Ingredients,Dublin,Ireland
Allingham Transport Limited,Portadown,Ireland
Alloga Ap7,Sutton In Ashfield,Uk
Alloga Uk,South Normanton,Uk
Allround Cargo Handling Bv,Ridderkerk,Netherlands
Allseas Fisheries Inc C/o K&n,London,Uk
Allshires Foods Ltd,Haucknall,Uk
Allstock,Rang Du Fliers,France
Alma Food,Le Havre,France
Almac Pharma Services B1,Craigavon,Northern Ireland
Almacenes Bonel,Zaragoza,Spain
Almacenes Navajas S.l.,Agoncillo,Spain
Aloha,Le Portel,France
Alondra,Boulogne-sur-mer,France
Alonso & Pedrajo Viticultores C/o Ramon Bilbao,Haro,Spain
Alpack Limited,Dublin 18,Ireland
Alpha Bay Sas,Penmarch,France
Alpha Bay,Le Harve,France
Alpha Bay,Le Harve,France
Alpha Bay,Wimille,France
Alpha Storage,Drung,Ireland
Alphacom Italia Srl Eboli,Eboli,Italy
Alphacom Italia Srl Martinengo,Martinengo,Italy
Alpi Adriatica (s.r.l.),Civitanova Marche  Mc,Italy
Alpi Iberica Sea & Air,Atalayas,Spain
Alpi Iberica,Arragua,Spain
Alpi Iberica,Barcelona,Spain
Alpi Ireland Ltd,Dublin,Ireland
Alpi Uk Head Office,Basildon,Uk
Alpi Uk Ltd,Dordan,Uk
Alpi Uk Ltd.,Wythenshawe,Uk
Alpro Sojinal,Issenheim,France
Alpro Uk Ltd,Kettering,Uk
Alpro,Wevelgem,Belgium
Als Customs Services Gmbh,Weil Am Rhein,Germany
Als Customs,Casnate Con Bernate,Italy
Als Water Testing (life Sciences),Little Island,Ireland
Altamura Op,Pontecagnano,Italy
Altanza Winery,Fuenmayor,Spain
Altis Catering,Northampton,Uk
Altro Security,Letchworth Garden City,Uk
Alucraft Ltd,Dublin 22,Ireland
Alva / Celys Sa,Reze,France
Alymaan Traders,Samora Correia,Palestine
Am Fresh Alconbury,Bambridgeshire,Uk
Am Logistics,Larne,Northern Ireland
Amacore Bv,Wimille,France
Amacore Bv,Wimille,France
Amazon - Ag_barr__mk17_8fl_311,Milton Keynes,Uk
Amazon - Bathgate,Bathgate,Uk
Amazon - Bhx2,Ellistown,Uk
Amazon - Bhx4,Coventry,Uk
Amazon - Bhx5,Warwickshire,Uk
Amazon - Bul_l40_8ab_165,Burscough,United Kingdom
Amazon - Dbi7,Lutterworth,Uk
Amazon - Dbr1,Bexley,Uk
Amazon - Dbs2,Bristol,Uk
Amazon - Dng2,Kegworth,Uk
Amazon - Dpr1,Preston,Uk
Amazon - Dxp1,Plymouth,Uk
Amazon - Fullhous_m50_1bb_860,Salford,Uk
Amazon - Hsa7,Wakefield,Uk
Amazon - Lpl2 Liverpool,Liverpool,Uk
Amazon - Lpl9,North West,Uk
Amazon - Lpl9,Westhoughton,Uk
Amazon - Mad6,Toledo,Spain
Amazon - Man1,Manchester,Uk
Amazon - Man4,Barlborough,Uk
Amazon - Man8 Saint Helens,Merseyside,Uk
Amazon - Ncl1,Gateshead,Uk
Amazon - Veka,Lutterworth,Uk
Amazon - Wv11_3ds_497,Wolverhampton,Uk
Amazon - Xbh8,Staffordshire,Uk
Amazon Aberdeen,Aberdeen,Uk
Amazon Acltext_ol165sj_942,Rochdale,Uk
Amazon Alt1,Milton Keyes,Uk
Amazon Argos____mk43_9aa_968,Kempston,Uk
Amazon Baketime_ts6_6ba_516,Middlesbrough,Uk
Amazon Bcn1,Barcelona,Spain
Amazon Bcn4,Girona,Spain
Amazon Bcn4,Girona,Spain
Amazon Bcn8,Barcelona,Spain
Amazon Beam_gro_cb24_4uq_521,Cambridge,Uk
Amazon Bhx1,Rugeley,Uk
Amazon Bhx2,Ellistown,Uk
Amazon Bhx3,Northamptonshire,Uk
Amazon Bhx4,Coventry,Uk
Amazon Bhx5,Rugby,Uk
Amazon Bhx7,Leicestershire,Uk
Amazon Bhx8,Redditch,Uk
Amazon Brq2,Kojetin,Czech Republic
Amazon Brs1,Bristol,Uk
Amazon Brs2 Swindon,Swindon,Uk
Amazon Bwaa,Bury St. Edmonds,Uk
Amazon Charles__ip6_0nl_597,Ipswich,Uk
Amazon Codestor_dy5_1ut_734,Brierley Hill,Uk
Amazon Cuk9,Derby,United Kingdom
Amazon Currys_ng24_2nh_799,Winthorpe,Uk
Amazon Cv21_1pr_cv21_1aa_531,Rugby,Uk
Amazon Cwl1,Swansea,Uk
Amazon Dab1,Aberdeen,Scotland
Amazon Dac8,Bordeaux,France
Amazon Dao1,Strasbourg,France
Amazon Darlington Mme1,Darlington,Uk
Amazon Dbi2,Birmingham,United Kingdom
Amazon Dbi3,Birmingham,Uk
Amazon Dbi4,Redditch,Uk
Amazon Dbi5,Minworth,Uk
Amazon Dbi7,Lutterworth,Uk
Amazon Dbn2,Littlehampton,Uk
Amazon Dbs 2,Bristol,Uk
Amazon Dbs3,Bristol,Uk
Amazon Dbt3,Belfast,Northern Ireland
Amazon Dbt4 Portadown,Portadown,Northern Ireland
Amazon Dc1,Rugby,Uk
Amazon Dcb1,Huntingdon,Uk
Amazon Dce1,Chester,Uk
Amazon Dcf1,Newport,Uk
Amazon Dcr 2,Croydon,Uk
Amazon Ddn1,Doncaster,Uk
Amazon Deh1,"Bathgate,",Uk
Amazon Dex2,Exeter,Uk
Amazon Dha1,London,Uk
Amazon Dhp1,Hemel Hempstead,Uk
Amazon Dhu2,Hull,Uk
Amazon Dhw1 Harlow,Harlow,Uk
Amazon Dif3,Velizy Villacoublay,France
Amazon Dig1,Enfield,Uk
Amazon Dis1,Dublin,Ireland
Amazon Dis2 Ballycoolin,Dublin,Ireland
Amazon Distribution Depot,Tilbury,Uk
Amazon Dlp2,Toulouse,France
Amazon Dlp4,Rivesaltes,France
Amazon Dlp9,Frontignan,France
Amazon Dls 2 Leeds,Leeds,Uk
Amazon Dls4 - Leeds,Leeds,Uk
Amazon Dlu2,Dunstable,Uk
Amazon Dme1,Aylesford,Uk
Amazon Dne 3,Newcastle,Uk
Amazon Dne2,Gateshead,Uk
Amazon Dng1,Bardon,Uk
Amazon Dng2,Kegworth,Uk
Amazon Dnn1,Northampton,Uk
Amazon Dox2,Banbury,Uk
Amazon Dpd Limerick,Limerick,Ireland
Amazon Dpd-burbage-gb,Burbage,Uk
Amazon Dpd,Hinckley,Uk
Amazon Dpd-oldbury-gb,Oldbury,Uk
Amazon Dpn 1,Carlisle,Uk
Amazon Dpr1,Preston,Uk
Amazon Drg2,Reading,Uk
Amazon Drh 1,Crawley,Uk
Amazon Drm4,Barking,United Kingdom
Amazon Dsa6 - Leeds,Leeds,Uk
Amazon Dsa7,Knottingley,Uk
Amazon Dso2,Southampton,Uk
Amazon Dst1,Stoke On Trent,Uk
Amazon Dsv_rush_nn10_6bq_619,Rushden,Uk
Amazon Dundee,Dundee,Uk
Amazon Dvo1,Co. Limerick,Ireland
Amazon Dwn2 Liverpool,Liverpool,Uk
Amazon Dwr1,Worcester,Uk
Amazon Dxe1,London,Uk
Amazon Dxg1,Motherwell,Uk
Amazon Dxg2,Glasgow,Uk
Amazon Dxm 2,Manchester,Uk
Amazon Dxm3,Manchester,Uk
Amazon Dxm4,Manchester,Uk
Amazon Dxm5,Bolton,Uk
Amazon Dxp1,Plymouth,Uk
Amazon Dxs1,Sheffield,Uk
Amazon Dxw2,Weybridge,Uk
Amazon Eastleigh,Eastleigh,Uk
Amazon Edi4,Dunfermline,Scotland
Amazon Ellistown,Ellistown,Uk
Amazon Ema 2,Ashfield,Uk
Amazon Ema1,Derby,Uk
Amazon Ema4,Coldfield,Uk
Amazon Etz2,Augny,France
Amazon Euk1,Peterborough,Uk
Amazon Euk5,Peterborough,Uk
Amazon Eurocentral,Motherwell,Uk
Amazon Gla1,Gourock,Uk
Amazon Great_be_s43_3fg_108,Chesterfield,Uk
Amazon Great_be_s9_1rf_576,Sheffield,Uk
Amazon Greenford,Greenford,Uk
Amazon Hbs2,Bristol,Uk
Amazon Heh1,Livingstone,United Kingdom
Amazon Hmuk-barnsley,Barnsley,Uk
Amazon Homylin__dn4_5jp_207,Doncaster,Uk
Amazon Hsa7,Wakefield,Uk
Amazon Hst1,Stoke-on-trent,Uk
Amazon Ireland (snn4),Baldonnell,Ireland
Amazon Lba1,Doncaster,Uk
Amazon Lba2,Doncaster,Uk
Amazon Lba4,Doncaster,Uk
Amazon Lba5 Leeds,Yorkshire,Uk
Amazon Lba5,Leeds,Uk
Amazon Lba8  Leeds,Leeds,England
Amazon Lba8,Leeds,Uk
Amazon Lba9,Knottingley,Uk
Amazon Lcy2,Tilbury,Uk
Amazon Lcy3,Dartford,Uk
Amazon Lcy8,Rochester,Uk
Amazon Lil8,Lauwin - Planque,France
Amazon Lil8,Lauwin-planque,France
Amazon Lpl,Liverpool,Uk
Amazon Lpl2 - Merseyside,Merseyside,Uk
Amazon Lpl9 Westhoughton,Westhoughton,Uk
Amazon Lpx2 Kirkby,Kirkby,England
Amazon Ltn1,Ridgmont,Uk
Amazon Ltn2,Hemel,Uk
Amazon Ltn4,Luton,Uk
Amazon Ltn7,Bedfordshire,Uk
Amazon M12_5bt_m12_5bt_219,Manchester,Uk
Amazon Man1,Altrincham,Uk
Amazon Man1,Manchester,Uk
Amazon Man2,Warrington,Uk
Amazon Man3,Bolton,Uk
Amazon Man4,Chesterfield,Uk
Amazon Man8,Saint Helens,Uk
Amazon Milton Keynes,Milton Keynes,Uk
Amazon Mme1,Darlington,Uk
Amazon Mme1,Darlington,Uk
Amazon Mme2,Bowburn,Uk
Amazon Mme2,Durham,Uk
Amazon Ncl1,Felling,Uk
Amazon Ncl1,Gateshead,Uk
Amazon Ncl2,Billingham,Uk
Amazon Newcastle,Newcastle,Uk
Amazon Northampton,Northampton,Uk
Amazon Nottingley,Nottingley,Uk
Amazon Pad2,Horn Bad Meinberg,Germany
Amazon Prices_h_mk41_0lz_706,Bedford,Uk
Amazon Rathcoole,Rathcoole,Ireland
Amazon Redditch,London,Uk
Amazon Redditch,Redditch,Uk
Amazon Rugeley,Rugeley,Uk
Amazon Rukb,Manchester,Uk
Amazon Sbs2,Bristol,Uk
Amazon Scwp,Weeton With Preese,Uk
Amazon Seh1,Edinburgh,Uk
Amazon Sfbv,Wakefiled,Uk
Amazon Sfcz,Lancashire,United Kingdom
Amazon Sfdp,Lanarkshire,United Kingdom
Amazon Sfhj,Birmingham,Uk
Amazon Sfih,Walsall,Uk
Amazon Sfpy,Rochdale,Uk
Amazon Sfuo,Newton-le-willows,Uk
Amazon Sng1,Leicestershire,Uk
Amazon Snn4,Dublin 22,Ireland
Amazon Snn5,Dublin,Ireland
Amazon Stl Dvo1,Limerick,Ireland
Amazon Stn7,Bedfordshire,Uk
Amazon Stn8,Milton Keyes,Uk
Amazon Stn9,Dunstable,Uk
Amazon Suuf,Heywood,Uk
Amazon Swa_4homeltd,Stoke On Trent,Uk
Amazon Swa_antgrade,Cw4 8af,Uk
Amazon Swa_buybooks,Rossendale,United Kingdom
Amazon Swa_buygames,Lancashire,United Kingdom
Amazon Swa_foodserv,Bury St Edmunds,Uk
Amazon Swa_hughdire,Norfolk,Uk
Amazon Swa_mhstaruk,Suffolk,United Kingdom
Amazon Swa_ultimate,Oldham,Uk
Amazon Swx2,Weybridge,Uk
Amazon Sxw2,Weybridge,Uk
Amazon Sxw9,Reading,Uk
Amazon Ufp_le4_9lr_718,Leicester,Uk
Amazon Ukk2,Nottingham,Uk
Amazon Unit_47_ip3_9sq_256,Ipswich,Uk
Amazon Ups Lpl9,Westhoughton,Uk
Amazon Ups West Distribution,Ilkeston,Uk
Amazon Ups,Tamworth,Uk
Amazon Uuk3,Birmingham,Uk
Amazon Veba,Corby,Uk
Amazon Veba,Corby,Uk
Amazon Vecb,Thirsk,Uk
Amazon Vecg,Deeside,Uk
Amazon Vehg Manchester,Manchester,Uk
Amazon Warrington,Warringon,Uk
Amazon Xbh,Burton On Trent,Uk
Amazon Xbh5,Lutterworth,Uk
Amazon Xbh8 Port Way,Staffordshire,Uk
Amazon Xbh8,Staffordshire,Uk
Amazon Xem4 Corby,Corby,England
Amazon Xlh1,Leicester,Uk
Amazon Xlh4,Sherburn,Uk
Amazon Xlp1,Flintshire,Uk
Amazon Xuk9,Shellbrook,Uk
Amazon Xuka,Runcorn,Uk
Amazon Xukm,Ashby De La Zouch,Uk
Amazon Xukn,Rugby,Uk
Amazon Xuko,Lutterworth,Uk
Amazon Xukp Ceva,Wolverhampton,Uk
Amazon Xukp,Wolverhampton,Uk
Amazon Xukr,Doncaster,Uk
Amazon Xukr,Doncaster,Uk
Amazon Xuks,Kegworth,Uk
Amazon,Aberdeen,United Kingdom
Amazon,Bolton,Uk
Amazon,Bristol,Uk
Amazon,Derby,Uk
Amazon,Dundee,Uk
Amazon,Dunfermline,Uk
Amazon,Edinburgh,Uk
Amazon,El Prat De Llobregat,Spain
Amazon,Exeter,Uk
Amazon,Exeter,Uk
Amazon,Gateshead,Uk
Amazon,Glasgow,Uk
Amazon,Motherwell,Uk
Amazon,Redruth,Uk
Amazon,Stafford,Uk
Amazon,Swansea,Uk
Amazon-vecg-deeside,Deeside,Uk
Amb Foods,Suffolk,Uk
Ambroses,Down Holland,Uk
Amcor Flexibles,Cramlington,Uk
Americold (agro),Tullynamaira,Ireland
Americold Holland,Gravenzande,Holland
Americold Logistics,Lurgan,Northern Ireland
Americold Merchants,Whitchurch,Uk
Americold,Dublin,Ireland
Americold,Castlebaney,Ireland
Amethyst,Wellesbourne,Uk
Amfresh Uk,Alconbury,United Kingdom
Amhil Europa,Kartoszyno,Poland
Amipak Ltd,Willesden,Uk
Ammerlaan - Roodpoint,Vierpolders,Netherlands
Amo Tnc S.r.l.,Roma,Italy
Amphorea Packaging,Cheshire,Uk
Amzon Tj_morri_l11_0ja_198,Liverpool,Uk
An Post,Western Business Park,Ireland
Anaco Greeve Int,Poeldijk,Holland
Analin T/a K & M Fruit,Dublin,Ireland
Anchor Storage,Stowmarket,Uk
Andarl Farms Ltd,Castlebar,Ireland
"Andersons, Cuckoo Bridge Nursery",St Ives,Uk
Andre Wagenaar,Yerseke,Netherlands
Andrew Ingredients Ltd,Lisburn,Northern Ireland
Andrew White C/o Pmcc,Lifford,Ireland
Andrew White,Moville,Ireland
Andric C/o Stef-bsm,Boulogne-sur-mer,France
Anduronda Import,Cologne,Germany
Angel Products Limited,Billericay,Uk
Angelbond,Glasgow,Scotland
Anglia Growers Ltd,Cambs,Uk
Anglo Beef Processors Ireland,Nenagh,Ireland
Aniceto Duran Buscato S.l.,La Jonquera,Spain
Aniceto Duran Buscato,Girona,Spain
Animex Foods Sp. Z O.o. Oddzial W Opolu,Opole,Poland
Annaghmore Mushrooms,Craigavon,Northern Ireland
Annandale Water Services,Lockerbie,Uk
Annapau,Boulogne-sur-mer,France
Antalis Uk,Leciesterhire,Uk
Antalis,Dublin,Ireland
Antech,Limoux,France
Ask Oysters Anthony Kearney (mc Daids)-carndonagh,Carndonagh,Ireland
Anthony Lardeur C/o Transport Le Belier,Boulogne-sur-mer,France
Anthony Peaud,Le Barre Des Monts,France
Anthony Ryan Limited,Galway,Ireland
Antibioticos Sau,Leon,Spain
Antwerp Cold Stores,Beveren,Belgium
Anya Products,Roscommon,Ireland
Aoc Commercials,Cork,Ireland
Aor International Transport Ltd,Ballincollig,Ireland
Shanghai Aozhiyuan Food Co.ltd,Shanghai,China
Aparcamiento,Sees,France
Ape Raccorderie Srl,Rovato,Italy
Apeval,La Tardiere,France
Api Studbolts Ltd,Stallingborough,Uk
Apofruit Italia Soc. Coop. Agricola,Cesena,Italy
Apofruit Italy,Scanzano Jonico,Italy
Apofruit,Pievesestina,Italy
Apofruit,San Pietro In Vincoli,Italy
Apollo Foods 786,Glasgow,Uk
Apple Green Distribution Centre,Dublin,Ireland
Applecrumble & Fish,Dublin,Ireland
Applegreen - Cavan,Lisnananagh,Ireland
Applegreen - Foxford,Foxford,Ireland
Applegreen Dist Centre,Leixlip,Ireland
Applegreen Distribution Centre,Leixlip,Ireland
Applegreen Distribution Centre,Leixlip,Ireland
Applegreen Enfield - M4 Eastbound,Co. Meath,Ireland
Applegreen Kilmacthomas,Kilmacthomas,Ireland
Applegreen Letterkenny,Letterkenny,Ireland
Applegreen Listowel,Listowel,Ireland
Applegreen Lusk Services,"Lusk,",Ireland
Applegreen M2 Services  ( Belfast),Belfast,Uk
Applegreen Motorway Service Area Castlebellingham,Louth,Ireland
Applegreen Near Wicklow,Wicklow,Ireland
"Applegreen Sligo,",Sligo,Ireland
Applegreen Southbound,Lusk,Ireland
Applegreen Swinford,Swinford,Ireland
Applegreen Temple Patrick,Antrim,Northern Ireland
Applegreen Temple Patrick,Antrim,Northern Ireland
Applegreen Tulsk,Cross,Ireland
Applegreen,Birdhill,Ireland
Applegreen,Jordanstown,Ireland
Applegreen (paulstown),Kilkenny,Ireland
Applegreen,Letterkenny,Ireland
Applegreen-nass,Rathcoole,Ireland
Applimar,Carantec,France
Apsq-ap-dublin-ie,Dublin,Ireland
Apsq,Dublin,Ireland
Aqua Amore Ltd,Croydon,Uk
Aqua Seafood Limited,London,Uk
Aquaamore Ltd,Croydon,Uk
Aquaculture Jaouen,Saint-philibert,France
Aquacultuur Bv,Oostende,Belgium
Aqualis Seafood S.a,Sete,France
Aquamossel,Yerseke,Netherlands
Aquamossel-triton,Yerseke,Netherlands
Mowi Scotland -aquascot C/o Dfds Larkhall,Larkhall,Scotland
Aquascot Ltd,Larkhall,Gb
Aquascot,Alness,Scotland
Aquasea,Cherbourg-en-cotentin,France
Aquitaine Legumes Surgeles,Saint-sever,France
Aral Tankstelle Lappwald,Helmstedt,Germany
Araldica Castelvero S.c.a.,Castel Boglione,Italy
Aramex Uk Limited,Trafford Park,Uk
Aramex Uk Ltd,Wednesbury,Uk
Aramex Uk. Ltd,Colnbrook,Uk
Aramex,Ballyboughal,Ireland
Aran Ard Teoranta T/a Gallaghers Bakery,Ardara,Ireland
Aran Island Seafoods C/o O'toole Transport,Moycullen,Ireland
Arbi Dario S.p.a.,Monsummano Terme,Italy
Arbi Dario Spa,Serravalle Pistoiese,Italy
Arcelormittal Ltd,Little Hulton,United Kingdom
Arcese Trasporti Spa,Basiano,Italy
Archbold Logistics,Heywood,Uk
Arcilia Maree (stef),Boulogne-sur-mer,France
Arctic Fresh Seafood C/o Kotra,Boulogne-sur-mer,France
Ardboe Coldstore - Ronan Valley Site,Magherafelt,Northern Ireland
Ardboe,Kilmascally Road,Northern Ireland
Ardcost Oysters,Portmagee,Ireland
Ardcost Oysters,Portmagee,Ireland
Ardcost Oysters,Portmagee,Ireland
Ardcost-cromane,Co Kerry,Ireland
Ardex Uk Ltd,Haverhill,Uk
Ardglass Shellfish Suppliers Ltd,Downpatrick,Northern Ireland
Ardglass Shellfish Supplies Ltd,Downpatrick,Northern Ireland
Ardmac,Dublin,Ireland
Ardo A/s,Norre Alslev,Denmark
Ardo Le Moustair,Le Moustoir,France
Ardo Sa,Gourin,France
Ardo Uk Ltd,Kent,Uk
Ardo Violaines,Violaines,France
Area De Descanso,Turuel,Spain
Area De Servicio Briviesca,Burgos,Spain
Area De Servicio El Penedes Sud,Tarragona,Spain
Area Di Parcheggio,Susa,Italy
Area Di Parcheggio Arnad Nord,Arnad,Italy
Area Di Parcheggio Roncade Nord,Roncade,Italy
Area Di Servizio La Pioppa Est,Bologna,Italy
Area Di Servizio Sarni,Pomigliano D'arco,Italy
Areas De Servico,Jabbeke,Belgium
Argent Equipment (ireland) Limited (cvrt-vehicle T,Dublin,Ireland
Argis Galec Sea,Le Portel,France
Argos,Motherwell,Uk
Argyll Seafoods,Larkhall,Uk
Arias Cal Sl,Boulogne Sur Mer,France
Aristarco,Castelfranco,Italy
Arix Europe,Wooler,Uk
Arkel Fruitstation Marina Van,Eck En Wiel,Holland
Arkema Gmbh Arkema Costing Resins,Zwickau,Germany
Arla Foods Arinco Amba,Videbaek,Denmark
Arla Foods,Hatfeild,England
Arla Foods,Leeds,Uk
Arla Foods,Lockerbie,Uk
Arlington Packaging Ltd,Wiltshire,Uk
Armada  C/o Steven Noone Sligo,Sligo,Ireland
Armada Shellfish Co. Limited,Rosses Point,Ireland
Armada,Boulogne-sur-mer,France
Armagnac Castarede Sa,Mauleon D'armagnac,France
Armement Sextan/philippe Lemesle,Saint Vaast La Hougue,France
Armon Ltd,Wrexham,United Kingdom
Armonia Group,Cherasco,Italy
Armor Delices Bisc,Agathon,France
Armor Mer,Hirel,France
Armoric S.a.,Quimper,France
Armstrong Logistics,Lutterworth,Uk
Arola,La Jonquera,Spain
Aroma International,Chicago,Us
Around Noon,Newry,Northern Ireland
Around Noon,Slough,Uk
Arpege Maree *via Mesguen*,Boulogne-sur-mer,France
Arpege Maree Lorient,Boulogne-sur-mer,France
Arpege Maree Via Stef Bsm,Boulogne-sur-mer,France
Arrabawn Co Op (food Ingredients),Nenagh,Ireland
Arrabawn Dairies,Ballinalsoe,Ireland
Arraiza,Boulogne-sur-mer,France
Arras Lavage Poids Lourd,Arras,France
Arrow Warehouse,Corby,Uk
Arsenal Pl Sp Z.o.o,Bialystok,Poland
Arsenal Pl Sp. Z O.o. Sp.j.,Zielnoa Gora,Poland
Art Systems Ltd. C/o Westcoast Ltd,Andover,Uk
Artic Cold Storage,Raheen,Ireland
Artic Ways,62230 Outreau,France
Articfish Import,Madrid,Spain
Articfish Import,Mercabarna,Spain
Artur Mc Carty,Kilorgin,Ireland
Arvato Se,Saale,Germany
Aryzta Food Solutions Gmbh,Heppenheim,Germany
Aryzta Food Solutions,Clondalkin,Ireland
Aryzta-(gala),Nangor Road,Ireland
As 24 Lanbarren,Gipuzkoa,Spain
As 24,Torigny-les-villes,France
As24 (station-service),Saint-rambert-d'albon,France
As24 Antwerp,Antwerp,Belgium
As24 Avinguda,Girona,Spain
As24 Bonneville,Bonneville,France
As24 Bonneville,Bonneville,France
As24 Carpiquet,Carpiquet,France
As24 Derval,Derval,France
As24 Dijon,Dijon,France
As24 Guilberville,Gilberville,France
As24 La Veuve,La Veuve,France
As24 La Veuve,La Veuve,France
As24 Langres,Perrogney Les Fontaines,France
As24 Langres ( Safe Parking ),Perrogney-les-fontaines,France
As24 Mondeville,Caen,France
As24 Montmarault,Montmarault,France
As24 Sainte Marie De Cuines,Sainte-marie-de-cuines,France
As24 Salzgitter,Baunatal,Germany
As24 Santogie ( Safe Parking Above Bordeaux ),Saint Genis De Saintonge,France
As24 Station Bègles,Begles,France
As24 Veurne,Veurne,Belgium
As24,Boulogne-sur-mer,France
Asa Associated Shipping Agencies,Calais,France
Asa Associated Shipping Agencies,Marck,France
Asba Meats Ltd,Shannon,Ireland
Ascot Freight Ltd T/a Ace Express Freight,"Lusk,",Ireland
Asda - Wakefield - 7526,Wakefield,Uk
Asda Asc Erith,Belvedere,Uk
Asda Bristol Cdc,Bristol,Uk
Asda Depot 7430,Larne,Northern Ireland
Asda Didcot Ambient Distribution Centre,Abingdon,Uk
Asda Doncaster,Doncaster,Uk
Asda Falkirk,Falkirk,Scotland
Asda Grangemouth - Ambient,Grangemouth,Scotland
Asda Grangemouth,Grangemouth,Scotland
Asda Larne Parking,Larne,United Kingdom
Asda Lutherworth,Lutterworth,Uk
Asda Rdc Washington,Washington,Uk
Asda Rochdale Cdc,Rochadale,Uk
Asda Skelmersdale Cdc,Skelmersdale,Uk
Asda Tain Supermarket,Tain,Scotland
Asda Wakefield,Normanton,Uk
Asda- Warrington 7500,Warrington,Uk
Asda,Bedford,Uk
Asda-darlington,Darlington,Uk
Asda,Grangemouth,Scotland
Asda,Rochdale,Uk
Asfinag Parkplatz Radin Nord,Richtung Bludenz Montafon,Austria
Ashbourne Meat Processors Limited,Kildare,Ireland
Ashbourne Meat Processors,Roscrea,Ireland
Ashford International Truck Stop,Ashford,Uk
Ashgrove Wholesale Meats,Newcastle West,Ireland
Ashington Production,Ashington,Uk
Ashley Game Farm Ltd,Chulmleigh,Uk
Asia Market,Dublin,Ireland
Asiantrade Srl,Settimo Milanese,Italy
Asko Foods Limited,"Barking,",Uk
Asko Foods Ltd,Royston,United Kingdom
Asso Slainte,Courrieres,France
Associated British Ports,Troon,Scotland
Associated Seafoods (lossie),Buckie,Scotland
Association Maison Rene Vedrenne,Libourne,France
Espace Ronny Coutteure,Grenay,France
Association Slainte – Mr didier Riez,Grenay,France
Associative Trading Sarl,Venthone,Switzerland
Associative Trading,Breskens,Netherlands
Ast Containers Uk,Wrexham,Uk
Astellas Ireland,Killorglin,Ireland
Asten Truck Stop,Asten,Netherlands
At Transport Solutions Ltd,Corby,Uk
At&t Commercials,Belfast,Northern Ireland
A T Trota S.a,Lleida,Spain
Athlone Extrusions,Athlone,Ireland
Atl Foston,Foston,Uk
Atlantic Clams - Charlie Kelly,Sligo,Ireland
Atlantic Fresh Europe,Boulogne-sur-mer,France
Atlantic Fresh Seafoods Ltd,Inver,Ireland
Atlantic Greenway Oysters Ltd,Newport,Ireland
Atlantic Marine Seafood,Cleggan,Ireland
Atlantic Sea Farms,Aughadown,Ireland
Atlantic Shellfish,Rossmore,Ireland
Atlantic Shellfish - Tristan Hughes,Cork,Ireland
Atlantida Sea S.a,Urk,Netherlands
Atlantik Fisch & Meer Gmbh,Hamburg,Germany
Atlantik Fisch,Breskens,Netherlands
Atlantik Fisch,Yerseke,Netherlands
Atlantique Logistique Servces (a.l.s.),Beychac Et Caillau,France
Atlantique Saumon Fume,Nantes,France
Atlantique Saumon Fume,Boulogne-sur-mer,France
Atlantique Saumon Fume,Boulogne-sur-mer,France
Atlantique Saumon Fume,Nantes,France
Atlantis Fish - Wexford,Strandfield,Ireland
Atlas Leisure Homes,Hull,Uk
Atlas Leisure Homes,Hull,Uk
Atlas,Hull,Uk
Aubrey Allen Ltd,Coventry,Uk
Aubrey Allen Ltd,Coventry,Uk
Aubrey Allen Ltd,Coventry,Uk
Auchan (delanchy),Boulogne-sur-mer,France
Audens Food - Logística,Parets Del Valles,Spain
Aughinish Alumina Ltd,Askeaton,Ireland
Aumartrans S L,Llinars Del Vallès,Spain
Aurelia Astier,Fouras,France
Auria Perfumes,Igualada,Spain
Aurimas C/o Ott Dublin,,Ireland
"Aurivo Sligo ""anchory Creamery""",Sligo,Ireland
Austen Knapman Limited,Yalberton,Uk
Auto Sleepers Ltd,Broadway,Uk
Autogrill Aire De L'isle D'abeau Nord,L'isle D'abea,France
Autogrill Aire De Nemours,Nemours,France
Autogrill Aire De Plaines De Beauce - A10,Fresnay L'eveque,France
Autogrill Alfaterna Est,Nocera Superiore,Italy
Autogrill Arda Ovest,A1 Fiorenzuola D Arda,Italy
Autogrill Baronissi Ovest,Baronissi,Italy
Autogrill Bevano Ovest,Savignano Sul Rubicone,Italy
Autogrill Brembo Nord,Osio Sopra,Italy
Autogrill Civitanova Nord,Vak Du Chuenti,Italy
Autogrill Itziar I,Gipuzkoa,Spain
Autogrill Montealto Nord,Desenzano Del Garda,Italy
Autogrill San Zenone,Milan,Italy
Autogrill Santerno Est,Solarolo,France
Autogrill Villabona Sud,Venice,Italy
Autogrill Viverone Nord,Settimo Rottaro,Italy
Autogrill,Santa Croce,Italy
Autotrail,Grimsby,Uk
Auvergne Maree,Boulogne Sur Mer,France
Aux Viviers D'utah Beach - Ets Hamel Et Fils,Utah,France
Aux Viviers D'utah Beach,Saint Marie Du Mont,France
Avanzini Logistica,San Pietro In Cariano,Italy
Avara Foods Ltd,Brackley,Uk
Avara Foods Ltd,Brackley,Uk
Avara Foods,Wednesbury,Uk
"Avaro Palacios, S.l.",Gratallops,Spain
Avektra,Tallinn,Estonia
Avenida Antibioticos,Leon,Spain
Aveo Foods Limited,Tallaght,Ireland
Avery Dennison Label & Packaging Materials,Nelson,Uk
Avery Dennison Materials Europe Gmbh,Kreuzlingen,Switzerland
Avery Dennison Medical,Longford,Ireland
Avia Autoroutes Langres Perrogney,Prancuzija,France
Avia Lafayette Lorlanges A75,Lorlanges,France
Avia Rilland,Rilland,Netherlands
"Avia, Station Service",Lesperon,France
Aviagen Ltd,Lockerbie,Scotland
Aviapartner,Oostende,Belgium
Aviemore Car Park,Aviemore,Uk
Aviko,Poperinge,Belgium
Aviludo,Alcochete,Portugal
Aviludo,Boulogne Sur Mer,France
Avinyo,Ctra. De  Prats De Llucanes,Spain
Avk Uk,Corby,Uk
Fish & Poultry Portions Ltd,Avoca,Ireland
Avoca Dry Goods Store,Rathnew,Ireland
Avon Freight Group,Redditch,Uk
Avoncourt Packaging Ltd,Kinsale Road,Ireland
Avondale Foods Factory 4 (carn),Portadown,Northern Ireland
Avondale Foods Ltd,Craigavon,Northern Ireland
Avs Potatoes,Swords,Ireland
Aws,Leeds,Uk
Axalta C/o Greegs Warehouse,Kettering,Uk
Aytac,Rathcoole,Dublin
Azalbert Fruits Sas,Caunes Minervois,France
Azienda Agr. Jasci Donatello,Vasto,Italy
Azienda Agricola Fratelli Brero,Fossano,Italy
Azienda Agricola La Jara,Santa Maria Del Piave,Italy
Azienda Agricola,Montenero D’orcia,Italy
Aztek Logistics,Letchworth,Uk
B & L Fruit Logistics B.v.,Barendrecht,Holland
B & M Retail,Liverpool,England
B&b Foods C/o Ott Dublin,Hollystown,Ireland
B&b Foods,Castlebar,Ireland
B&b Uk Optima,Middlewich,Uk
B&j Cheese Ltd,Smethwick,Uk
B&m Distribution Centre,Bedford,Uk
B. Braun Medical Ltd,Chapeltown,Uk
B. Braun Melsungen Ag,Melsungen,Germany
B. Braun Technical Services,Chapeltown,Uk
B.n. United Biscuits France,Vertou,France
B334,Boulogne-sur-mer,France
B401,France,France
B689,Boulogne-sur-mer,France
B721,Boulogne-sur-mer,France
Frejus Road Tunnel (italy),Bardonecchia,Italy
Baboo,Barking,Uk
Baby Bedibies,Mullagh,Ireland
Badgequo Ltd,Silsden,Uk
Bae,Washington,Uk
Bagel Bakery Gmbh Werksverkauf,Gutenborn,Germany
Bailey Of Bristol,Bristol,United Kingdom
Baker And Baker Products,Wirral,Uk
Bakery S.p.a.,Cesena Fc,Italy
Bakkafrost Scotland Ltd,Edinburgh,Uk
Bakkafrost Scotland Ltd Smokehouse,Edinburgh,Gb-sct
Bakkafrost Scotland,Bellshill,Uk
Bakkafrost Usa Llc (fresh Salmon),New Jersey,Us
Bakkafrost,Cairndow,Scotland
Bakkavor Bourne,Bourne,United Kingdom
Bakkavor Meals Boston,Boston,England
Bakkavor Meals London,London,Uk
Bakkavor Qk,Grantham,Uk
Bakkavor Salads Bo'ness,Bo'ness,Scotland
Bakkavor Salads Tilmanstone,Dover,Uk
Bakkavor Spalding,Lincolnshire,Uk
Bakker & Leenher,Barendrecht,Holland
Bako London & South East,London,Uk
Bako North Western Ltd,Preston,Uk
Bako West,Bochum,Germany
Bako,Durham,Uk
Baldock Services,Baldock,Uk
Balin Distribution Limited,Basildon,Uk
Balkania Foods,Dublin,Ireland
Ballande & Meneret S/e Lcb Logistique,Ludon Medoc,France
Ballineen Fine Foods,Bandon,Ireland
Ballinlough Refrigeration,Dublin 22,Ireland
Ballinluig Services,Pitlochry,Scotland
Ballybunion Golf Club,Ballybunion,Ireland
Ballycotton Seafoods C/o Atlantic Shellfish,Rossmore,Ireland
Ballycotton Seafoods Tivoli,Tivoli,Ireland
Ballycotton Seafoods,Garryvoe,Ireland
Ballycrovane Pier (mowi Tanks),Castletownbere,Ireland
Ballygarvey Eggs,Ballymena,Northern Ireland
Ballygawley Rounabout,Noi,Northern Ireland
Ballygowan,Newcastle West,Ireland
Ballylawn Shellfish Ltd,Redcastle,Ireland
Ballylawn Shellfish,Moville,Ireland
Ballymaguire Foods,Lusk,Ireland
Ballymaloe Foods,Little Island,Ireland
Bandon Vale Farmhouse Cheese Co.,Bandon,Ireland
Bangor Services,Bangor,United Kingtom
Banham Poultry Ltd,Attleborough,Uk
Bannerman Foods,Tain,Uk
Bannister,Evesham,Uk
Bantry Bay Premium C/o Keohane Cork,Cork,Ireland
Bantry Bay Premium Seafoods(murnane),Cork,Ireland
Bantry Bay Premium Seafoods,Bantry,Ireland
Bantry Harbour,Bantry,Ireland
Bantry Parking,Bantry,Ireland
Bap Express Foodservice Ni Ltd,Derry,Northern Ireland
Bar De La Criee (david Gerard),Port-en-bessin-huppain,France
Barbelenet Jean,Pirou,France
Barbelenet Jean,Pirou,France
Congelados Y Especialidades Barrufet Sl,Barcelona,Es
Barcelona Europe Supply Sl,Sant Boi De Llobregat,Spain
Barcino Pto 67,Boulogne Sur Mer,France
Barcino,Boulogne-sur-mer,France
Bard Frische Kuche Gmbh,Saar Brücken,Germany
Bardinet,Blanquefort,France
Bardon Hill,Bardon Hill,England
Barfoots Farm,Bognor Regis,Uk
Bari Pesca Srl,Bari,Italy
Bari Port,Bari,Italy
Barias N.v.,Roeselare,Belgium
Barker And Patterson Ltd,Hull,Uk
Barkers Commercials,Stoke-on-trent,Uk
Barlows Boards Ltd,Birmingham,United Kingdom
Barnagh Viewing Point,Glendarragh,Ireland
Barnagh Viewing Point -trailer Swap,Limerick,Ireland
Barnizados Y Lacados,Arganda Del Rey,Spain
Barnsmuir Farm,Fife,Uk
Baro I Fills S.l (baro And Sons),Albatarrec,Spain
Baronie,Corby,Uk
Barony Universal Products,Irvine,Uk
Barr Oysters - Michael Barr (mc Daids),Carndonagh,Ireland
Oysters - Michael Barr C/o(trawbeaga Bay,Mailin,Ireland
Barrufet Seafood S.l,Barcelona,Es
Barrufet Seafood S.l.,Boulogne Sur Mer,France
Barry Callebaut Gdc,Lokeren,Belgium
Barry Callebaut Mfg (uk) Ltd,Banbury,Uk
Barry Callebaut N.v.,Dublin,Ireland
Barry Cribbin C/o Ott,Hollystown,Ireland
Barry John Sausages C/o Jds,Churchfield,Ireland
Barry Packaging,Trale,Ireland
Barrys Of Mallow,Mallow,Ireland
Barry’s Tea,Cork,Ireland
Bart Hurley,Helvick,Ireland
Bartlert New Monkland,Airdrie,Uk
Barton & Redman,Openshaw,Uk
Barwick Bathroom Distribution Hub,Bradford,Uk
Bassez Et Cie Sas,Rungis,France
Bassez Sarl Attn-rungis Maree,"Boulogne-sur-mer,",France
Basf Polyurethans Ltd,Somercotes,Uk
Basf Schwarzheide,Schwarzheide,Germany
Basingstoke Bond - Liberty Wines,Basingstoke,Uk
Bassin 1,Esbjerg,Denmark
Bat Metalwork Limited,Limerick,Ireland
Bately Cash & Carry Ltd,Aberdeen,Scotland
Bately Cash & Carry Ltd,Dundee,Scotland
Batleys Ltd (leeds),Stourton,Uk
Batleys Manchester,Salford,Uk
Batleys Sher Bros,Glasgow,Scotland
Batleys,Cross Point,Uk
Batleys,Glasgow,Scotland
Bawnua Foods Ni Ltd,Craigavon,Northern Ireland
Baxter Healthcare,Belfast,Northern Ireland
Baxter Healthcare,Castlebar,Ireland
Baxter Healthcare,Northampton,Uk
Baxters,Southport,Uk
Bayne,Milnathort,Scotland
Bb&r Ltd,Andover,Uk
Bblog,Sailly-lez-cambrai,France
Bc Manufacturing Enterprises Ltd,Freshford,Ireland
Bc Shellfish C/o Cromane Seafoods,Cromone,Ireland
Bc Shellfish,Cahersiveen,Ireland
Bc Shellfish,Cahersiveen,Ireland
Bcm Cosmetique,Vitre,France
Bcn De Peixos S.l,Boulogne-sur-mer,France
Bcs Express,Dublin,Ireland
Bd Butler Foods Ltd,Castlebar,Ireland
Bdl,Scunthorpe,Uk
Bds Vending Solutions Ltd,Nangor Road,Ireland
Be Food Nv,Brugge,Belgium
Be Sales C/o Transports Mesguen,Saint Pol De Leon,France
Be Trading / Joh,Pleudaniel,France
Beacon Foods Ltd,Beacon,Uk
Beaconsfield Services,Beaconsfield,Uk
Beamglow,Cambs,Uk
Beato Bartolomeo Da Breganze,Breganze,Italy
Beatson Clark Ltd,Rotherham,Uk
Beatties Dist Services,Crumlin,Northern Ireland
Beaumex,Dublin 12,Ireland
Beck Products Ltd T/a Beck Group - Warehouse,Hereford,Uk
Becketts Food Ltd,Coventry,Uk
Becofrance,Le Thillay,France
Becsco Limited,Carlton,Uk
Bedfordshire Growers,Biggleswade,Uk
Beeken Bros. Ashley Farm,Crowland,Uk
Beganton *via Mesguen*,Boulogne-sur-mer,France
Beganton Gaby Sa,Roscoff,France
Begleys (ishka Irish Spring Water),Limerick,Ireland
Begleys Fresh Produce Group,Kilshane,Ireland
Begleys Fresh Produce,Dublin,Ireland
Begleys Glasnevin,Dublin,Ireland
Begro Nv / Dicofoods Nv,Ardooie,Belgium
Beiersdorf,Birmingham,Uk
"Beijing Grit Technology Co.,ltd.",Beijing,China
Beijing Liwang Tongda Trading Co. Ltd.,Beijing,China
Beira Nova,Viseu,Portugal
Belfast C&c - Marketplace,Belfast,Northern Ireland
Belfast City Council - Port Health Unit,Belfast,Northern Ireland
Belfast Port Health,Belfast,Uk
Belfond Belgium,Brakel,Belgium
Belfond Cv,Breskens,Netherlands
Belfruco,Antwerpen,Belgium
Belfruco Zeebrugge,Zeebrugge,Belgium
Belgosuc Nv,Beernem,Belgium
Belgrade Insulations Ltd,Glasgow,Scotland
Bell Brothers,Boston,Uk
Bell Schweiz,Oensingen,Switzerland
Bell Schweiz Ag,Basel,Switzerland
Bell Schweiz Ag C/o Kotra Bsm,Bolougne Sur Mer,France
Bell Schweiz Ag C/o Vooruit Breskens,Breskens,Netherlands
Bell Transport,Antrim,Northern Ireland
Bell's Seafood Ltd,Bellshill,Gb
Bell's Seafood Ltd,Larkhall,Gb
Bella And Duke Ltd,Fife,Uk
"Bellerive, M. Lacassagne",Corbarieu,France
Bellerive,Montauban,France
Bells Fishmongers & Cumbrian Game Ltd,Carlisle,Uk
Bells Isle Seafoods,Laghey,Ireland
Bells Of Lazonby C/o F Brown,Carlisle,Scotland
Bells Seafood Scrabster,Scrabster,Uk
Belmont Farms,Newborough,Uk
Belon Coquillages,Lorient,France
Rainbow Seafood S/f,Ml4 3lx,Gb
Belvelly Smokehouse,Cobh,Ireland
Belvelly Smokehouse,Midleton,Ireland
Belwood Foods,Kirkby,Uk
Bene Service Centre,Kent,Uk
Benito Fernandez,Cambados,Spain
Benny Mc Colgan (mc Daids),Carndonagh,Ireland
Beno - Trans Gmbh,Erfurt,Germany
Benoit Aven Conchyculture (earl),Nevez,France
Benoit Le Joubioux,Le Tour Du Parc,France
Benoit Le Joubioux,Le Tour Du Parc,France
Benzina,Rudna,Czech Republic
Bericap,Hull,Uk
Berico Food Distribution Ltd,Cranford Lane,Uk
Beripesca Seafood Sl,Boulogne Sur Mer,France
Berliner Grossmarket Gmbh,Berline,Germany
Bernard Sa,Moreac,France
Bernhard Widemann,Bermatingen Auhausen,Germany
Bernie Mcmanamon,Newport,Ireland
Maison Bichet,Sainte-hélène,France
Berou,Ste Helene,France
Berriedale Braes,Inverness,Scotland
Berry Bros & Rudd,Basingstoke,Uk
Berry Garden / Driscolls,Maidstone,Scotland
Berry Global,Milton Keynes,Uk
Berryworld T/a Prepworld,Northfleet,Uk
Bertin Y Et J Earl,La Tremblade,France
Bertrand Escande C/o Mesguen Paimpol,Paimpol,France
Berwyn Griffiths,Anglesey,Uk
Beshoffs C/o East Coast,Dublin,Ireland
Bespak,King's Lynn,Uk
Bespoke Aluminium Gates Ireland,Dublin,Ireland
Best C Veg Ltd,Tottenham,Uk
Best Food Logistics Uk,Hoddesdon,Uk
Best Food Logistics,Oldham,Uk
Best Logistics,Verona,Italy
Bestway Cambuslang,Glasgow,United Kingdom
Bestway Cash & Carry Coventry,Coventry,Uk
Bestway Chilled Distributing Center (cdc),Coventry,Uk
Bestway Glasgow Sher,Glasgow,Scotland
Bestway Lewisham,Lewisham,Uk
Bestway Wholefoods,Cambuslang,Scotland
Bestway,Edinburgh,Scotland
Betatex Srl,"Ospedalicchio-bastia Umbra, Pg",Italy
Better Deal Cash And Carry,Navan,Ireland
Beuron Vadet,Boulogne,France
Bewley’s Tea And Coffee,Dublin,Ireland
Beyerman,Beychac-et-caillau,France
Beyond Meat C/o Frigomundo Coldstore Bv,Zoeterwoude,Netherlands
Brittany Ferries Bilbao,Bilbao,Spain
Brittany Ferries,Caen,France
Brittany Ferries,Cherbourg Octeville,France
Brittany Ferries,Ringaskiddy,Ireland
Brittany Ferries,Le Havre,France
Brittany Ferries,Plymouth,Uk
Brittany Ferries,Poole,Uk
Brittany Ferries,Portsmouth,Uk
Brittany Ferries,Roscoff,France
Brittany Ferries,Rosslare Harbour,Ireland
Santander Port,Santander,Spain
Brittany Ferries,St Malo,France
Bakkafrost Usa Llc (fresh Salmon),Wayne,Us
Bells Food Group Ltd,Shotts,Uk
Bfs Group Ltd/larbert,Larbert,Scotland
Bfs Group Trading,Paisley,Scotland
Bg Production Sp Z.o.o,Bialogard,Poland
Bhm Ltd - Finian O'sullivan,Bantry,Ireland
Bhx2,Ellistown,Uk
Bhx5,Rugby,Uk
Bibby Distribution (fka),Scunthorpe,Uk
Bibby Distribution,Normanton,Uk
Bidfood (salford),Salford,Uk
Bidfood - Pret A Manger,Hoddesdon,Uk
Bidfood Battersea Food Wholesalers,London,Uk
Bidfood Bedford,Bedfordshire,Uk
Bidfood Birmingham - Food Wholesaler,Norton Canes,Uk
Bidfood Bradford,Bradford,Uk
Bidfood Edinburgh - Wholesale Food,Newbridge,Scotland
Bidfood Glasgow,Paisley,Scotland
Bidfood Kralupy Ltd,Kralupy Nad Vltavou,Czech Republic
Bidfood Larbert,Larbert,Scotland
Bidfood Liverpool,Liverpool,Uk
Bidfood Manchester,Salford,Uk
Bidfood Newbridge,Newbridge,Scotland
Bidfood Nottingham,Langley Mill,Uk
Bidfood Paddock Wood,Tonbridge,Uk
Bidfood Wholesale Food Suppliers,Chepstow,Uk
Bidfood,Felling On Tyne,Uk
Bidfood,Harlow,Uk
Bidfood,Padborg,Denmark
Bidfood,Slough,Uk
Bidfood,Wakefield,Uk
Bidvest (pret) Hoddeson,Hoddeson,Uk
Bidvest Logistics,Royton,United Kingdom
Bidvest,Banbury,Uk
Bierreti Srl,Taglio Di Po,Italy
Bierreti,Taglio Di Po Ro,Italy
Big Blue Ocean C/o K&n Perishable Handling Centre,Hounslow,Uk
Bigard Quimperle,Quimperlé,France
Bighams Quarry Kitchen,Wells,Uk
Bikold Ltd,Ludlow,Uk
J Bennett (billingsgate) Ltd,Billingsgate,Gb
Malin Head Oysters-billy Coffey,Mailin,Ireland
Billy Coffee C/o Mcdaids,Carndonagh,Ireland
Billy Kissane Pork And Bacon,Listowel,Ireland
Bord Iascaigh Mhara,Dun Laoghaire,Ireland
Bimbo Qsr Fleury,Fleury-merogis,France
Bimbo Qsr,Moissy-cramayel,France
Bimpex Meat Nv,Wijnegem,Belgium
Bio Science Nutrition,Limerick,Ireland
Bio-tech Solutions Ltd,Driffield,Uk
Biomarin C/o Db Schenker,Little Island,Ireland
Biomarin International,Ringaskiddy,Ireland
Biopax Limited,Belfast,Northern Ireland
Biormarin/ C/o Db Schenker Warehoiuse,Cork,Ireland
Birch Services,Heywood,Uk
Birchall Foodservices,Hapton,Uk
Birdhill Services - Applegreen,Tipperary,Ireland
Birds Eye Ireland Ltd,Naas,Ireland
Biscuits Delacre Sa,Brussels,Belgium
Biscuits Delacre Sa,Nieppe,France
Biscuits Delacre,Verviers,Belgium
Biscuits Hafner,Septeuil,France
Bitrez Ltd,Wigan,Uk
Bj Cheese,Smethwick,Uk
Bjerrefisk A/s,Frederikshavn,Denmark
Black & Decker Logistics,Tessenderlo,Belgium
Black & Decker S.r.o,Trmice,Czech Republic
Black Box Theatre,Galway,Ireland
Blacketyside Farm,Leven,Scotland
Blackhorse Transport Limited,Swords,Ireland
Blacks Haulage & Warehousing,Bathgate,Uk
Blackshell Farm Ltd,Westport,Ireland
Blackshell Farm Ltd (rosmoney Pier),Westport,Ireland
Blackshell Farm Ltd,Westport,Ireland
Blackstar Handling Systems,Skelmersdale,Uk
Blake Brothers Limited,Oak Close,Ireland
Blakemore & Son,Wakefiled,Uk
Blakemore Foodservice,Darlaston,Uk
Blakemore Fresh Foods,Wolverhampton,United Kingdom
Blanco Uk Limited,St Albans,Uk
Blas Na Heireann,Dingle,Ireland
Blenders,Tallaght,Ireland
Bliss H G,Wisbech,Uk
Bls Cargo Schweiz Est. Basel / Weil Am Rhein,Weil Am Rhein,Germany
Blu Ocean Srl,Gricignano Di Aversa,Italy
Blue Water Shipping A/s,Esbjerg,Denmark
Blue City,Verona,Italy
Blue Cloud Logistics,Marlow,Uk
Blue Ocean (caserta),Province Of Caserta,Italy
Blue Ocean C/o Vooruit Breskens,0000 Brekens,Netherlands
Blue Ocean Seafood Gmbh,"Boulogne Sur Mer,",France
Blue Ocean,Minturno,Italy
"Blue Sea Fish Srl,",Contrada,Italy
Blue Sea Food Co,Devon,Uk
Bluecloud Logistics,Old Basing,Uk
Bluegrass,Dungannon,Northern Ireland
Bluelink Ltd C/o Iag Cargo,Swords,Ireland
Bluesun Consumer Brands S.l.u,Mataró,Spain
Bmi Group Uk Ltd,Manchester,Uk
Bmr Transports,Le Portal,France
Bnfs,Portsmouth,Uk
Bnfw,Antwerpen,Belgium
Bnfw,Brugge,Belgium
Bnp Paribas C.e,Marseille,France
Board 24,Larkhall,Uk
Bocapom Le Rouge Gorge Sas,Plaine-et-vallees,France
Bocker Ernst Gmbh & Co. Kg,Minden,Germany
Bodega Cosecheros & Criadores,Oyon,Spain
Bodega Criadores De Rioja,Alberite,Spain
Bodega Cuatro Rayas (oficinas Y Almacen),La Seca,Spain
Bodega Lanzaga,Lanciego,Spain
Bodega Rioja Vega,Viana Navarra,Spain
Bodegas Bagordi S.l.,Andosilla,Spain
Bodegas Castano,Yecla,Spain
Bodegas Del Medievo,Aldeanueva De Ebro,Spain
Bodegas Del Palacio De Fefinanes,Cambados,Spain
Bodegas Fernando Castro,Santa Crux De Mudelo,Spain
Bodegas Lagar De Pintos S.l.,Cabanelas,Spain
Bodegas Luis Gurpegui Muga,San Adrian,Spain
Bodegas Manzanos Azagra,Azagra,Spain
Bodegas Marques De Reinosa,Autol,Spain
Bodegas Martin Codax,Cambados,Spain
Bodegas Mateos,Aldeanueva De Ebro,Spain
Bodegas Milenium Sl,Ourense,Spain
Bodegas Muriel,Elciego,Spain
Bodegas Najerilla,Arenzana De Abajo,Spain
Bodegas Navajas S.l.,Navarrete,Spain
Bodegas Ochoa Sa,Olite,Spain
Bodegas Olarra S.a.,Logrono,Spain
Bodegas Principe De Viana,Murchante,Spain
Bodegas Riojanas,Cenicero,Spain
Bodegas Santiago Roma S.l.,Besomano,Spain
Bodegas Sucesores De Benito Santos,Vilanova De Arousa,Spain
Bodegas Urbina,Cuzcurrita Rio Tiron,Spain
Bodegas Valdelana,Elciego,Spain
Bodegas Valoria,Logrono,Spain
Bodegas Vega Sicilia Sa,Valbuena De Duero,Spain
Bodegas Vizcarra,Mambrilla De Castrejon,Spain
Bodegas Y Vinedos Alion Sa,Penafiel,Spain
Bodegas Y Vinedos Artadi,Laguardia,Spain
Bodegas Y Vinedos Ortega Ezquerro En Rioja,Tudelilla,Spain
Bodegas Y Vinedos Pintia Sa,San Roman De Hornija,Spain
Bodel Distributors Ltd,Lisburn,Northern Ireland
Bofrost Dienstleistungs Gmbh & Co. Kg,Straelen,Germany
Bofrost Italia S.p.a.,San Vito Al Tagliamento - Pn,Italy
Bohm & Schaaf Internationale Spedition Gmbh,Kabelsketal,Germany
Boilernova Srl.,Zevio Vr,Italy
Bollore Logistics Czech Republic S.r.o,Nabrezi,Czech Republic
Bologne Seafood,Boulogne-sur-mer,France
Bolore Logistique,Loon Plage,France
Bombay Halwa Ltd,Southall,Uk
Boncolac,Bonloc,France
Bond Freeze Ltd,Dublin,Ireland
Bondioli & Pavesi,Suzzara Mn,Italy
Booker Ayr,Ayr,Scotland
Booker Direct Ltd C/o Best Food Logistics,Banbury,Uk
Booker Distribution Centre,Haydock,Uk
Booker Hatfield,Hatfield,Uk
Booker,Didcot,Uk
Booker,Livingstone,Scotland
Bookers Magor Depot,Caldicot,Uk
Booths Distribution,Preston,United Kingdom
Boots Store Service Centre (d105 Inbound),Nottingham,Uk
Boots Uk Ltd,Beeston,Uk
Boots Uk,Burton-upon-trent,Uk
Boran Packaging,Strabane,Northern Ireland
Bordeaux City Bond (descartes),Blanquefort,France
Bordeaux City Bond,Blanquefort,France
Border Biscuits,Lanarkshire,Uk
Border Cold Stores,Bristol,Uk
Border Force Customs Office,Liverpool,United Kingdom
Borderlink Broadband Ltd,Berwick Upon Tweed,Uk
Bordieu Benoit,Lamagistere,France
Borges,E-reus,Spain
Boscher,Mur De Bretagne,France
Bosnic,Zagreb,Croatia
Bostik Industries Ltd,Arklow,Ireland
Boston Nutraceutical Science S.l.,Valladolid,Spain
Bosworth Plastics,Leicester,Uk
Botanic Marketing Ltd,Northwest Logistics Park,Ireland
Boucherie Auxenfants,Mametz,France
Boughey Distribution Ltd,Nantwich,Uk
Boughey Distribution,Crewe,Uk
Boughey Distribution,Wardle,Uk
Boughey - Lymedale,Newcastle Under Lyme,Uk
Boughey_cw2_5uz_786,Shavington,Uk
Boulangerie De L'europe,Reims,France
Boulangerie Neuhauser,Maubeuge,France
Boulogne Direct,Boulogne-sur-mer,France
Boulogne Direct,Boulogne-sur-mer,France
Boulogne Maree,Le Portel,France
Boulogne Marée,- Le Portel,France
Boulogne Marée,Le Portel,France
Boulogne Seafood Stef,Boulogne-sur-mer,France
Boulogne Seafood,Boulogne-sur-mer,France
Boulogne Seafood,Boulogne-sur-mer,France
Le Petit Fume Dromois,Boulogne-sur-mer,France
Beganton,Boulogne-su-mer,France
Bourne Prepared Produce,Lincolnshire,Uk
Boutique Armor Delices,St Agathon,France
Boutique Dei Frutti Di Mare Srl,Cristoforo Colombo,Italy
Bowker Group,Liverpool,Uk
Bowker,Ripon,Uk
Bowland Foods,Preston,Uk
Bowler Group Ltd,Basildon,Uk
Bowman Ingredients,Bedford,Uk
Bowmans Industrial Estate,Dundee,Scotland
Bowmans,Spalding,Uk
Boxpool Solutions,Peterhead,Uk
Boyne Valley Foods,Drogheda,Ireland
Bp,Prestwick,Uk
Bp,Ugchelen,Netherlands
Bpc Building Producsts Ltd,Wakefield,Uk
Bando S.r.o,Zilina,Poland
Bracchi Logistics,Bassano Del Grappa,Italy
Bradford Oliver Kay,Bradford,Uk
Bradgate Bakery (ashton Green),Leicester,Uk
Bradys Quality Foods,Kilbarry,Ireland
Braehead Foods Limited,Kilarnock,Scotland
Braehead Sfo Enterprises Ltd,Fraserburgh,Scotland
Braehead Sfo,Bothwell,Scotland
Brake Bros,Bowburn,Uk
Brake Brothers Ltd,Rhyll,Uk
Brake Harlow (foodbuy),Pinnacles West,Uk
Brakel,Brakel,Belgium
Brakers Commercials,Stoke-on-trent,United Kingdom
Brakes - Hemsworth,Kinsley,Uk
Brakes Bros Dundee,Dundee,Uk
Brakes Bros Ltd (warrington Depot),Burtonwood & Westbrook,Uk
Brakes Bross Ltd,Rhyll,Uk
Brakes Inverness,Inverness,Uk
Brakes Logistics,Grantham,Uk
Brakes Parkwest/ Ghs Classic Drinks,Dublin,Ireland
Brakes,Tamworth,Uk
Brakes,Motherwell,Scotland
Brakes,Newark,Uk
Brakes,Newhouse,Scotland
Brakes,Peterlee,Uk
Brakes,Reading,Uk
Bralca Cold Stores Ltd,Newbridge,Ireland
Bralca Ltd (coldmove),Newbridge,Ireland
Bralca Ltd Cold Move,Newbridge,Ireland
Brand Search Group,Burscough,Uk
Brandwell Ireland Limited,Dublin,Ireland
Branson's Cross,Redditch,United Kingdom
Bransons Cross Truck Park,Redditch,Uk
Branston Ltd,Branston,Uk
Branston-abernethy,Abernethy,Uk
Brasmar Comercio De Productos,Guidoes,Portugal
Brassica Trade Bv,Dirkshorn,Netherlands
Braun Melsungen Ag,Melsungen,Germany
Bravo Mar,Coruna,Spain
Bravo Mar,Boulogne-sur-mer,France
Bray Foods Ltd,Manchester,Uk
Brazzale Spa,Vicenza,Italy
Brecan Oysters (james Linnane),Moycullen,Ireland
Breffni Mushrooms,Kill,Ireland
Breizon Limited,Rossaveel,Ireland
Breizon Ltd C/o Ott Moycullen,Moycullen,Ireland
Brendan Garvey C/o Ott Moycullen,Moycullen,Ireland
Brendan Garvey C/o Moyasta Oysters,Kilkee,Ireland
Brenntag Ltd,Rathcoole,Ireland
Elro Vis B.v.,Breskens,Nl
Bretagne Huitres - Plougrescan,Plougrescan,France
Bretagne Huitres Production,St Meloir Des Ondes,France
Brett Supplies Ltd,Kells,Ireland
Bretts Tansport,Wisbech,Uk
Breugem Horticulture,Bleiswijk,Holland
Bri-ton Fine Foods,Newcastle,Uk
Brian Burns (tivoli),Cork,Ireland
Brian Burns (tramore Road),Tramore Road,Ireland
Brian Burns Mayfield Yard,Mayfield,Ireland
Brian Cunningham Pork & Bacon,Co Cavan,Ireland
Brian Mcmanus,Moville,Ireland
Brian Palmer,Lakenheath,Uk
Bricam Ltd,Carrickfergus,Northern Ireland
Bricoman St Omer,Arques,France
Brid D.o.o.,Croatia,Croatia
Bridge Farm Horticulture,Spalding,Uk
Bridge Mushrooms,Newry,Northern Ireland
Bridge Mushrooms,Newry,Northern Ireland
Bridge Turf Lawns,Lusk,Ireland
Bridges Jh,Southall,Uk
Bridor Uk,Camberley,Uk
Bridor,Servon Sur Villaine,France
Brighton And Newhaven Fish Sales,Brighton,Uk
Bring Cargo,Stallingborough,Uk
Bring Frigoscandia Surgele,Bolougne Sure Mer,France
Brioche Pasquier Aubigny,Aubigny-en-artois,France
Brioches Fonteneau,L'herbergement,France
Brita Water Filter System Ltd,Bicester,Uk
Britanny Ferries Rosslare,Rosslare,Ireland
British Bakels Ltd Ndc,Aylesbury,Uk
British Embassy,Paris,France
Brittany Ferries,Cherbourg,France
Brittany Ferries Ouistreham,Ouisreham,France
Brittany Ferries Plymouth,Plymouth,Uk
Brittany Ferries Poole,Poole,Uk
Brittany Ferries,Cork,Ireland
Brittany Ferries,"Ouistreham,",France
Brittany Ferries,Roscoff,France
Brittany Ferries,Saint Malo,France
Brittany Ferries,Santander,Spain
Britvic Ireland,Limerick,Ireland
Britvic,Rugby,Uk
Brivio & Vigano Logistics,Milano,Italy
Bro Dreguer,Camlez,France
Broderick's Brothers Chocolate Factory,Whitestown,Ireland
Broekmans Distriport,Rotterdam,Netherlands
Brooklyn Bay Diner,Larne,Uk
Brooks Transport Services Ltd,Halstead,Gb
Broomfrio,Ridderkerk,Netherlands
Brothers Export & Import (brothers Catering),London,Uk
Brown & Brite / Macduff,Eemeshaven,Netherlands
Brown Cars,Warrenpoint,Northern Ireland
Brown Thomas,Dublin,Ireland
Brownlow Radiators,Armagh,Northern Ireland
Browns Haulage,Carlisle,Uk
Broxden Services,Perth,Uk
Brummer Logistik Gmbh,Neuburg Am Inn,Germany
Brun Conditionnement,Asques,France
Brunton Shaw Uk,Worksop,Uk
Bryan's Salads Ltd,Tarleton,Uk
Delanchy Copromer Transports,Boulogne-sur-mer,France
Creno Impex Sas,Boulogne-sur-mer,France
Beganton,Boulogne-sur-mer,Fr
Bsm Into Stef,Boulogne,France
Conseil Solution Enterprendre Cse,Outreau,France
Rouen Maree - C/o Delanchy Bsm,Boulogne-sur-mer,France
Bsm Into Delanchy,,France
Ultra Marine Food Sa,Boulogne,France
Gastromer Sa,Boulogne-sur-mer,France
Guyader L'esprit De La Mer,,France
Top Atlantique,Xx,France
Bsm Scotland,Boulogne-sur-mer,France
Andric Sas,Boulogne-sur-mer,France
Gastromer Sa,Boulogne-sur-mer,France
Landshandilin Danmark Aps,,France
Bell Schweiz Ag,Boulogne-sur-mer,France
Bassez Et Cie Sas C/o Boulogne Maree,Le Portel,France
Demarne Freres Sa,Boulogne-sur-mer,France
John Driege,Boulogne-sur-mer,France
Ste Jaffray Sa,Boulogne-sur-mer,France
Sas Eskimo,Boulogne-sur-mer,France
Les Sirenes Boulonnaises,Boulogne-sur-mer,France
Frais Embal,Boulogne-sur-mer,France
Marine Sa,Boulogne-sur-mer,France
Capitaine Houat,Boulogne-sur-mer,France
Provence Maree,Boulogne-sur-mer,France
Stef Bsm Pour Reynaud Rungis Centrale,Boulogne-sur-mer,France
Frais Embal,Boulogne-sur-mer,France
Delanchy,Boulogne-sur-merboulogne-sur-mer,France
Michael Beierer / Seafood Ecosse,Boulogne-sur-mer,France
Norsea Sas,Boulogne-sur-mer,France
La Provencale,Boulogne-sur-mer,France
Mericq - Express Maree Bsm,Boulogne-sur-mer,France
Fiorital S.p.a.,Boulogne-sur-mer,France
Les Sirènes Boulonnaises,Boulogne Sur Mer,France
S.a.s. Jean-paul Coll,Boulogne-sur-mer,Fr
Ffg Maree,Boulogne-sur-mer,France
Ummar Sp.zo.o,Boulogne-sur-mer,France
Bso/ Pomlomagne,Castelsarrasin,France
Bubbles C/o Interbev Ireland,Armagh,Northern Ireland
Buckley Farm Dairy,Huddersfield,Uk
Bud Holland Bv,Maasdijk,Netherlands
Buffaload Logistics Ltd,Crewe,Uk
Buffaload Logistics Ltd,Crewe,Uk
Buffaload,Bellshill,Scotland
Buggy Foods,Kilbeggan,Ireland
Bulas Wines,Gouvinhas,Portugal
Bulgari Agostino & C,Pavone Del Mella,Italy
Bulstrode Farm,Ovingdean,Uk
Bundorragha Parking,Lettereeragh,Mayo
Bunzl Catering Ltd,Tamworth,Uk
Bunzl,Dublin,Ireland
Burbank Produce Ltd,Bradford,Uk
Burger King And Parking,Beesd,Netherlands
Burgess Farm,Ely,Uk
Burgess Galvin,Finglas,Ireland
Barrufet Seafood S.l,Burgos,Es
Burke Chilled Foods,Finglas,Ireland
Burren Smoke House C/o Galway Bay,Galway,Ireland
Burren Smoke House,Kilala,Ireland
Burren Smokehouse,Lisdoonvarna,Ireland
Burtonport Fishermen's Co-op,Donegal,Ireland
Burtonport Fishermen's Co-op,Donegal,Ireland
Bury Packaging Plant - Silver Spoon,Bury St Edmunds,Uk
Bury Point Dhl Morrisons,Manchester,Uk
Busanel,Boulogne-sur-mer,France
Butcher's Pet Care,Northampton,Uk
Butchers Best,New Ross,Wexford
Butler Transport Ltd,Carrickmacross,Ireland
Butt's Mill,Leigh,Uk
Butternut Box,Doncaster,United Kingdom
Butternut Box,Dublin,Ireland
Bvs / Bordeaux Vins Selection,Eysines,France
Bwa Logistics,Basildon,Uk
Bwg / Valu Centre,Mullingar,Ireland
Bwg Foods National Distribution,Clondalkin,Ireland
Bwg Foodservice Finglas,Dublin,Ireland
Bwg Galway C/o Williams Gate,Galway,Ireland
Bwg Galway,Galway,Ireland
Bwg Value Centre  Letterkenny,Letterkenny,Ireland
Bwg Value Centre,Clonmel,Ireland
Bwg Value Centre,Limerick,Ireland
Bwg Value Centre,Little Island,Ireland
Bwg,Ennis,Ireland
Bwi - Marine Harvest Usa Llc.c/o K&n,Hatton,Uk
B_m_bedf_mk42_6ey_842,Wixams,Uk
Bühleck Süd,Zierenberg,Germany
Bühleck Süd 1,Zierenberg,Germany
C & M Coldstores,Enniskillen,Uk
C H Marine,Frankfield,Ireland
C&c Cold Stores,Swords,Ireland
C&d Petfood,Longford,Ireland
C&f Quadrant Limited,Dublin,Ireland
C&m Coldstore Carrickmacross,Carrickmacross,Ireland
C&m Coldstores,Monaghan,Ireland
C&m Foods,Tulla,Ireland
C&m Shercock,Monaghan,Ireland
C&n Chambers Seafood,Kilkeel,Northern Ireland
C-food Portions C/o Swissport,Dublin Airport,Ireland
C-foods Portions C/o K&n Heathrow,London,Uk
C. & F. Quadrantlimited,Dulin,Ireland
C.a.d Srl,Ferentino,Italy
C.a.d. Europool Srl,Parma,Italy
C.j. O'loughlin Quality Foods,Gorey,Ireland
C.s. Ellis,Leicester,Uk
C.v.b.g Bordeaux Wine Company,Parempuyre,France
C.v.b.g. Dourthe,Parempuyre,France
C/o Kermaree Huitres & Co,Gouville Sur Mer,France
C/o Le Creff,Sainte Helene,France
C136,Boulogne-sur-mer,France
C276,Boulogne Sur Mer,France
Cabane Oceane - Plouezec (area 22),Plouezec,France
Cabanor Numeros,Blainville-sur-mer,France
Cableworld,Bolton,Uk
Cabo Virgenes Espana Sl,Palencia,Spain
Cabomar,Marin,Spain
Cad Battaglino Sbc Srl,Peschiera Borromeo,Italy
Cad Euro Pool Centro Assistenza Doganale,Mancasale,Italy
Cadbury Ltd C/o Great Bear / Mondelez,Sutton Coldfield,Uk
Cadbury Ltd,Minworth,Uk
Caddick,Kettering,Uk
Cafco Vehicle Solutions,Dublin,Ireland
Cafe Brands,Dublin 11,Ireland
Caffrey International - Holyhead,Holyhead,Uk
Caffrey International Ltd,Coolfore,Ireland
Caher Bakery T/a Murphys Home Bakery,Abbeyfeale,Ireland
Caherbeg Free Range Pork,Rosscarbery,Ireland
Cahersiveen Parking,Cahersiveen,Ireland
Cahir Linn Oysters (yard),Kilkeel,Northern Ireland
Cahir Linn Oysters C/o North Atlantic Shellfish,Kilkeel,Northern Ireland
Cairn Lodge Services,Lanark,United Kingdom
Cash Sale,Cairndow,Gb
Cairnryan Parking,Stranraer,United Kingdom
Cake Box,Enfield,Uk
Cake Decor Ltd,Cumbernauld,Scotland
Cake,Glasgow,Scotland
Calabria Pesca S.r.l.,Napoli,Italy
Calabria Pesca Srl,Bagnara Calabra Rc,Italy
Calabria Pesca,Cesena,Italy
Calais Port,Calais,France
Calais Truck Stop,Marck,France
Calbee Uk,Deeside,Uk
Caldeonian Produce,Bo'ness,Uk
Calderhead Refrigerated Transport,Redditch,Uk
Calderys U K Ltd.,Leeds,Uk
Caledonian Pallet Services (kilsyth),Kilsyth,Scotland
Caledonian Pallets,Barrhead,Scotland
Caledonian Produce,Bo'ness,Scotland
Caley Coldstore,Peterhead,Uk
Callaghan Transport,Portsalon,Ireland
Callan Bacon Co,Callan,Ireland
Calle Longitudinal 7,Barcelona,Spain
Callistoy Ltd,Rathcoole,Ireland
Calmac Ferries Ullapool,Ullapool,Uk
Calreys Ltd  D B I Pottery Supplies,Cork,Ireland
Calzificio Nuovo Giodi S.r.l.,Castel Goffredo,Italy
Calzifico Bellafonte Srl,Castel Goffredo,Italy
Cam Coldstore,Craigavon,Uk
Cam Conservificio Allevatori Molluschi Srl,Chioggia,Italy
Cambados Market,Cambados,Spain
Cambridge Services - Extra A14/m11,Cambridge,Uk
Cambs Farms Growers,Ely,Uk
Campbell Brothers,London,Uk
Campbell Tiles,Clondalkin,Ireland
Campbell's Prime Meat Ltd,Linlithgow,Scotland
Campbells Prime Meat Ltd,Larkhall,Uk
Campells Shortbread,Callander,Scotland
Camperdown Leisure Park Car Park,Dundee,Scotland
Campo Sol Ida,Odemira,Portugal
Campsie,Campsie,Northern Ireland
Camsaw Distributors Ltd,Portarlington,Ireland
Cancale Huitres,Cancale,France
Cancale-mer,Cancale,France
Shenzhen Yianheng International Freight Forwarders,Shenzhen,China
Candia Palette,Awoingt,France
Candia Poids,Cambrai,France
Canelmar Sa,Asturias,Spain
Canim Fruit & Veg - New Spitalfields Market,Leyton,Uk
Cannon Packaging,Oxford,Uk
Canourgues Et Fils,Le Pin,France
Cantabrica De Sil (cantabriasil),Santander,Spain
Cantegrite,Liposthey,France
Cantina Beato Bartolomeo Di Breganze,Breganze,Italy
Cantina Tollo,Tollo,Italy
Cantine Di Verona C/o Sti Internazionale,Bovolone,Italy
Cantine Francesco Minini Spa,Verolanuova,Italy
Cap & Cime Pr,Paris,France
Cap A L'ouest,Le Viver Sur Mer,France
Cap A L'ouest (cao),Le Vivier Sur Mer,France
Cap A L'ouest,Le Vivier Sur Mer,France
Cap A L'ouest,Le Vivier Sur Mer,France
Cap Focean (stef Transport Bsm),Boulogne-sur-mer,France
Cap Gel,Gonfreville L'orcher,France
Cap Maree (mesguen),Boulogne-sur-mer,France
Cap Solutions Culinaires,Pleucadeuc,France
Capmarin Srl,France,Netherlands
Capmarin Srl,Boulogne Sur Mer,France
"Capdevila Bam, S.l.",Mercabarna,Spain
Capitaine Houat  *via Mesguen*,Boulogne-sur-mer,France
Capitaine Houat,Boulogne-sur-mer,France
Capitaine Houat,Lanester,France
Captaine Houat,Boulogne-sur-mer,France
Caragh Clams Ltd,Killorglin,Ireland
Caragh Nurseries,Caragh,Ireland
Carcessories Ltd,Dublin,Ireland
Cardonagh Shopping Centre Ltd T/a Costcutters,Cardonagh,Ireland
Care Shop,Manchester,Uk
Cargill Cacao Et Chocolat France Sas,Le Grand-quevilly,France
"Cariglino Srl, C/o Blue Sea Fish Srl",Gizzeria,Italy
Cariou Ronan,Combrit,France
Carl Daly,Kilmacalogue,Ireland
Carleton Cake,Tonnagh,Ireland
Carlier Chaines (sa),Stamand- Les- Euax,France
Carlingford Oysters C/o Ott Dublin,Hollystown,Ireland
Carlingford Oysters,Carlingford,Ireland
Carlisle Truckstop,Carlisle,Uk
Carlos Serres,Haro,Spain
Carmim,Reguengos De Monsaraz,Portugal
Carn Coldstore,Craigavon,Northern Ireland
Carna,Keady,Northern Ireland
Carnaby Caravans,East Yorkshire,Uk
Carnbane Ind Est Change,Newry,Northern Ireland
Carnevale,Glasgow,Uk
Carney Quality Meats Ltd,Dublin,Ireland
Carnforth Truckstop,Carnforth,Uk
Carnicas De Juia,Juia,Spain
Carnicas Illas Juli,Blanes,Spain
Carnivore,Warwickshire,Uk
Carone Srl,Bari,Italy
Carpentier Logistique,Calais,France
Carpios Food Limited,Dublin,Ireland
Carr & Sons Seafood Ltd,Killala,Ireland
Carranco Sl,Coruna,Spain
Carrefour (delanchy),Boulogne-sur-mer,France
Carrefour Uae C/o Wfs,Swords,Ireland
Carrer Alemanya,Sant Carles De La Rapita,Spain
Carrick Flower Nurseries,Rush,Ireland
Carrick Packaging,Glasgow,Scotland
Carrick-on-shannon Parking,Carrick-on-shannon,Ireland
Carrickmacross Industrial Estate,Monaghan,Ireland
Maxol Service Station,Ballinrea,Ireland
Carroll Cuisine,Tullamore,Ireland
Carrowholly (greencastle),Greencastle,Ireland
Carrowholly - Donegal,The Foyle,Ireland
Carrowholly - Newport,Glebe,Ireland
Carrowholly - Sofi Yard,Mulranny,Ireland
Carrowholly C/o Ott Dublin,Hollystown,Ireland
Carrowholly Donegal 2,Donegal,Ireland
Carrowholly Ltd Achill,Achill Sound,Ireland
Carrowholly Shellfish (cromane),Killorglin,Ireland
Carrowholly Shellfish (rosmoney Pier),Carrowholly,Ireland
Carrowholly Shellfish C/o Brendan Garvey,Kilkee,Ireland
Carrowholly Shellfish Ltd / T Blunnie C/o Ott Galw,Moycullen,Ireland
Carrowholly Shellfish Ltd C/o Ott Galway,Moycullen,Ireland
Carrowholly Shellfish Ltd Clare,Kilrush,Ireland
Carrowholly Shellfish Ltd Moville,Moville,Ireland
Carrowholly Shellfish Ltd Rossmore,Rossmore,Ireland
Carrowholly Shellfish Ltd Tralee,Tralee,Ireland
Carrowholly Shellfish Ltd Woodstown Bay,Dunmore,Ireland
Carrowholly Shellfish Ltd,Westport,Ireland
Carrowholly Shellfish Mulranny,Mulranny,Ireland
Carrowholly Shellfish Tivoli,Cork,Ireland
Carrowholly Shellfish/shannon Oysters C/o Ott Moyc,Moycullen,Ireland
Carrowholly-donegal Harvest (ml),Castleforward Demesne,Ireland
Carrs And Sons Seafoods Ltd,Killala,Ireland
Carrs Flour,Fife,Scotland
Carton Brothers Ltd,Shercock,Ireland
Applegreen Castlebellingham Southbound,Dromiskin,Ireland
Casserley Power Systems Ltd,Galway,Ireland
Casa Del Gelato L'outlet Di Maranello,Pozza Mo,Italy
Casa Di Spedizioni S.carlo S.r.l.,Sassuolo Mo,Italy
Casado,Boulogne-sur-mer,France
Cascade Holdings,Oldham,Uk
Cascine Emiliane Spa,Castelnovo Di Sotto,Italy
Cascine Emiliane Spa,San Sisto Poviglio,Italy
Casefri Sl,Alcoletge,Spain
Caseificio Elda,Vestenanova,Italy
Caseificio Villa,Erbusco,Italy
Caserfri,La Rioja,Spain
Cash Sale,Glasgow,Gb-sct
Cash Sale - Bakkafrost,Bellshill,Scotland
Cashel Services,Tipperary,Ireland
Casinetto Trading (le Havre),Le Havre,France
Casinetto Trading Llc,Wimille,France
Casino,Boulogne-sur-mer,France
Casmer S.l.,Boulogne Sur Mer,France
Cassidys Filling Station,Scotchtown,Ireland
Castang,Gardonne,France
Castel Freres (perouse),Blanquefort,France
Castel Freres,Beziers,France
Casting Plaster Plus,Newark,Uk
Castlebellingham Services,Castlebellingham,Ireland
Castlefin Services - Go Petrol,Castlefin,Ireland
Castleknock Meats C/o Ott Dublin,Hollystown,Ireland
Castleknock Meats,Blancharstown,Ireland
Castlemaine-parking,Castlemaine,Ireland
Castletownbere Co-op,Castletownbere,Ireland
Castletownbere Harbour,Castletownbere,Ireland
Castro Seafood C/o Kotra Bsm,Boulogne,France
Castro Seafood Gmbh & Co. Kg,Bremerhaven,Germany
Caterchoice Cash And Carry,Bolton,Uk
Caterway Ltd,Blanchardstown,Ireland
Cathal Mc Corkell (trabega),Malin,Ireland
Cathal Mc Corkell,Moville,Ireland
Cathal Mccorkell C/o Ocean Gems,Moville,Ireland
Catlon Gmbh,Basel,Switzerland
Cattel Spa,Noventa Di Piave,Italy
Caught And Cured,Grimsby,England
Caught And Cured,Grimsby,Gb
Caulfield Industrial Limited,Galway,Ireland
Caulfield Transport Ltd,Dublin 22,Ireland
Cavaghan & Gray,Carlisle,United Kingdom
Cave Du Marmandais,Cocumont,France
Cavendish Ships Stores Limited,Fareham,Uk
Caves Messias,Mealhada,Portugal
Cavicel Spa,Pioltello,Italy
Cawingredients Limited,Northallerton,Uk
Cawley Commercials,Co.sligo,Ireland
Captain Blue,Bronx,Us
Cbm Filetage,Boulogne Sur Mer,France
Cbm Filetage Sarl,Boulogne-sur-mer,France
Ccl Decorative Sleeves,Castleford,Uk
Cds Forwarding (stonehaven) Limited,Stonehaven,United Kingdom
Ceann Sibeal Golf Club,Dingle,Ireland
Cebollas Consuay,Vallbona,Spain
Cedo Ltd,Telford,Uk
Cee Robert Schisler,Thouars Cedex,France
Ceewhy Logistics,Heathfield,Uk
Ceewhy Vancouver Ltd,Heathfield,United Kingdom
Celene,Haux,France
Celler Jordi Miro,Corbera D'ebre,Spain
Export Moonwine C/o Celler P+,Tarragona,Spain
Celtic Dawn Fishing Ltd,Stromness,Uk
Celta Productos Del Mar Sl,Cambados,Spain
Celtic Chocolates,Summerhill,Ireland
Celtic Dawn Fishing Ltd,Stromness,Uk
Celtic Kerber/ Declan Forker,Carrickfin,Ireland
Celtic Sales,Blanchardstown,Ireland
Celtostrea- Carnac,Carnac,France
Cenavisa (agro-reus),Reus,Spain
Centaurus D.o.o,Split,Croatia
Centaurus,Rovigo,Italy
Centra 853,Letterkenny,Ireland
Centra Ballinderry,Lisburn,Uk
Centra M1 Dungannon,Co.tyrone,Northern Ireland
Centra West Bank Belfast,Belfast,Northern Ireland
Centra,Omagh,Northern Ireland
Central Burgalesa De Pescados C/o Olano Transport,Boulogne-sur-mer,France
Central Coldstorage,Walsall,Uk
Central Food Service Limited,Stoke-on-trent,United Kingdom
Central Fusion Limited,Belfast,Northern Ireland
Central Kitchen,Cloverhill Industrail Estate,Ireland
Central Scotland Trailers,Wishaw,Scotland
Central Shipping,Dublin,Ireland
Central Supplies,Halesowen,Uk
Central Union Direct Ltd,Falkirk,Uk
Central Union Direct,Falkirk,Uk
Centre De Tri De La Poste De Cavaillon,Cavaillon,France
Centre Routier Caen,Mondeville,France
Centre Routier Langres,Langres,France
Centre Routier Nimes,Nimes,France
Centre Routier Niort,La Creche,France
Centre Routier Rouen,Rouen,France
Centre Routier,Sausheim,France
"Centro De Expedition Ns,sl.",O'grove,Spain
Centro De Produccion Nestle En La Penilla,La Penilla De Cayon,Spain
Centro De Producion Nestle Pontecesures,Pontecesurees,Spain
Centro Doganale Aosta,Aosta,Italy
As Srl,Milano,Italy
Centro Gel S. N. C. Monteprandone,Monteprandone (ap),Italy
Centro Gel S.n.c,Silvi Marina,Italy
Centrofood,Livorno Li,Italy
Centrum Logistyczne Zielona Góra,Zielona Góra,Poland
Centrum Logistyczne,Zielona Gora,Poland
Cepromar,Lampolla Tarragona,Spain
Cepsa Hornitegia,Alava,Spain
Cerealto Siro Zamora,"Toro, Zamora",Spain
Cerealto Worksop,Nottinghamshire,Uk
J'oceane C/o Ceres Distribution (stef),Rungis,France
Cerny's Fish & Gourmet,Wien,Austria
Ceva Logistics C/o Daventry,Daventry,Uk
Ceva Logistics Dublin,Dublin,Ireland
Ceva Logistics Services Switzerland Gmbh,Neuendorf,Switzerland
"Ceva Logistics, Dirft",Northampton,Uk
Ceva Logistics,Amsterdam,Netherlands
Ceva Logistics,Corby,Uk
Ceva Logistics,Harristown,Ireland
Ceva Logistics,Kettering,Uk
Ceva Logistics,Manchester,Uk
Ceva Logistics,Uddingston,Scotland
Ceva Logistics,Wolverhampton,Uk
Ceva Redditch,Redditch,Uk
Ceva Wellinghborough,Irthlingborough,Uk
Ceva,Droitwich,Uk
Cexgan,Vigo,Spain
Cfl Logistics,Komen,Belgium
Cfuk Concepts,Ardgay,Uk
Cg Fixings (power Tool World),Newton Aycliffe,Uk
Cgi Food Park,Midleton,Ireland
Cgi,Blanchardstown,Ireland
Chadwicks Of Bury Limited,Lancashire,United Kingdom
Chagnoleau Christophe,La Tremblade,France
Chainbridge Steel Ltd,Washington,Uk
Chalut 2 Ports (mesguen),Boulogne-sur-mer,France
Chalutiers Boulonnais,Boulogne-sur-mer,France
Champagne Louis Brochet,Ecueil,France
Chanadee Maree,Boulogne-sur-mer,France
Chancerelle Sas,Douarnenez,France
Chancerelle Sas C/o Le Goff,Ergue -gaberic,France
Chanelle,Ballinasloe,Ireland
Chanelle - Oranmore,Oranmore,Ireland
Chanelle Veterinery Supplies,Loughrea,Ireland
Channel Ports Ltd,Hythe,Uk
Channel Ports Truck Stop,Folkestone,Uk
Chans Ltd,Glasgow,Uk
Chapman’s Of Rye,Rye,Uk
Charcupac - Les Provinces / Noel,Quai Molin Les,France
Charkestown-mayo,Charkestown,Ireland
Charles Bentley & Son Ltd,Loughborough,Uk
Charles Hodgins Meat,Ballymote,Ireland
Charles J Shopfitters,Doncaster,Uk
Charles Kelly,Ballinfull,Ireland
Charles Kendall Freight,Manchester Stretford,Uk
Charles Kendall Freight,Rochester,Uk
Charles Saunders Ltd,Yate,Uk
Charlestown Service Station,Charlestown,Ireland
Charlestown Service Station,Mayo,Ireland
Charles__ip60nl_250,Ipswich,Uk
Charlet Groupe,Bois-grenier,France
Charlie Mc Hugh - Loughros Specials,Ardara,Ireland
Charlie Mchugh C/o Alan Rankin,Muff,Ireland
Charltons Farm,Maidstone,Uk
Charvin / Bbl Logistics,Bruges,France
Chase Fashions Ltd,Ballymount,Ireland
Chateau Batailley,Pauillac,France
Chateau Carbon D'artigues,Landiras,France
Chateau Carignan/ Terroir Et Tradition Sa,Carignan De Bordeaux,France
Chateau Climens,Barsac,France
Chateau Haut Grelot,St Ciers Sur Gironde,France
Chateau Latour / Artemis,Pauillac,France
Chateau Moulin De Peyronin,Pujols,France
Chateau Puynard,Berson,France
Chateau Roc De Segur,Landerrouet Su Segur,France
Chaussee Des Corsairses,St Malo,France
Chef Express,Civitella D'agliono Vt,Italy
Chef Express - Adda Nord 69,Caravaggio,Italy
Chef's Secret,Zeebrugge,Belgium
Cheflink C/o Morgans,Omeath,Ireland
Cheflink Ltd,Dublin,Ireland
Cheflink Ltd (ott Dub),Hollystown,Ireland
Cheflink Seafood (millenium),Grange,Ireland
Cheflink C/o O Toole Transport,Hollystown,Ireland
Cheflink,Robinstown,Ireland
Chefs Culinar C/o Beno Trans,Erfurt,Germany
Chefs Culinar Sud Gmbh,Zusmarshausen,Germany
Chefs Lutzen,Lützen-zorbau,Germany
"Chefs Culinar West, Weeze",Weeze,Germany
Chelmsford Depot,Chelmsford,Uk
Chemco Ireland Limited (packed),Dublin 11,Ireland
Chemische Fabrik Budenheim,Budenheim,Germany
Chemsource,Dublin 22,Ireland
Shanghai Best Splendid Trading Inc Chengdu Branch,Chengdu,China
Chep Peterhead,Peterhead,Uk
Chep,Finglas,Ireland
Chep-watergrasshill,Watergrasshill,Ireland
Chereau Factory,Ducey,France
Cherry Tree Bakery,Burnley,Uk
Cheslyn Dispersions,Walsall,Uk
Chester Services,Chester,Uk
Chilled Out Couriers,Co. Mayo,Ireland
Chilled Warehouse Belfast,Belfast,Northern Ireland
Chilstone,Tonbridge Wells,Uk
Chiltern Distribution Ltd,Peterborough,Uk
China Star,Manchester,Uk
Chirk Truck Stop,Oswestry,Uk
Chiron Fils,L'Éguille,France
Chivas Brothers,Dumbarton,Uk
Choco Support B.v.,Leerdam,Netherlands
Chocolat Alporse Sa,Caslano,Switzerland
Chorlton Express Transport,Oldham,United Kingdom
"Chris Hayter Transport
 - Skelmersdale",Skelmersdale,Uk
Chris Hayter Transport Ltd,Witney,Uk
Chris Hayter Transport,Heywood,Uk
Chris Hayter Transport,Skelmersdale,Uk
Christian Faure Sas,Plouedern,France
Christian Salvesen,Barcelona,Spain
Christophe Gaboriau,Dolus D'oleron,France
Christophe Lafond (la Teste De Buch 33260) - Deliv,Boulogne Sur Mer,France
Christophe Lafond,Plouezec,France
Christophe Morin,La Rochelle,France
Christophe Renaud,Breuillet,France
Christophe Thomas,Bourcefranc Le Chapus,France
Shanghai Chuner Trading Development Co. Ltd.,Shanghai,China
Ciaran Coyne,Connemara,Ireland
Ciaran Coyne - Killary,Renvyle,Ireland
Ciaran Coyne C/o Ott Moycullen,Moycullen,Ireland
Ciaran Gallagher C/o Alan Rankin,Muff,Ireland
Ciaran Gallagher,Greenbank,Ireland
Cibo At Lfp Fargier,94150,France
Ciemme Alimentari Srl,Bari,Italy
Cigurria Ocampo Sl,Boulogne Sur Mer,France
Cigurria Ocampo Vigo C/o Olano,Boulogne Sur Mer,France
Cillar De Silos,Burgos,Spain
Cimm Spa,Castello Di Godego,Italy
"Cinderford Warehouse,",Cinderford,Uk
Cinq Degres Ouest,Lorient,France
Cinquina International S.r.l.,Lanciano,Italy
Cipal Sas,Epone,France
Circle K Newcastle West,Limerick,Ireland
Circle K (fermoy Services),Co.cork,Ireland
Circle K Ballacolla,Tintore,Ireland
Circle K Dublin Port,Dublin,Ireland
Circle K Dublin Port,Dubln,Ireland
Circle K Express Kilbeggan,Kilbeggan,Ireland
Circle K Express Omagh,Omagh,Northern Ireland
Circle K Express,Laghey,Ireland
Circle K Gorey,Wexford,Ireland
Circle K Kill,Kildare,Ireland
Circle K M6 Athlone,Athlone,Ireland
Circle K M6 Truck Stop,Athlone,Ireland
Circle K M9 Kilcullen,Killcullen,Ireland
Circle K Monaghan,Monaghan,Ireland
Circle K Obama Plaza Moneygall,Moneygall,Ireland
Circle K Rathcrogue,Carlow,Ireland
Circle K Swinford,Mayo,Ireland
Circle K,Cashel,Ireland
Cite Marine S.a.s,Kervignac,France
Citrics Terres De L'ebre,Tarragona,Spain
Citrus Star - Western International Market,Southall,Uk
City Football Academy (cfa),Manchester,Uk
Cj Cadden International Ltd,Londonderry,United Kingdom
Cj Lang,Dundee,Uk
Ck Food Processing,Hull,Gb
Ck Foods Processing,Hull,Uk
Ck Wholesale (worsley,Worsley,Uk
"Chongqing Youen Aquatic Products Co., Ltd",Chongqing,China
Cl Dunkerque Port 7255,Bourbourg,France
Cl Dunkerque Stock,Loon Plage,France
Cl Warneton Sa,Warneton,Belgium
Clacket Lane Service Area,Westerham,Uk
Clacket Lane Service Area,Westerham,Uk
Clada Minerals,Galway,Ireland
Claddagh Oysters C/o Ott Moycullen,Moycullen,Ireland
Claddagh Oysters Ltd C/o Ott Moycullen,Moycullen,Ireland
Claddagh Oysters Ltd,Claddaghduff,Ireland
Clancy Site Office,Cork,Ireland
Claramar,Boulogne-sur-mer,France
Clare Foods Ltd,Ennis,Ireland
Clarebout - Dc Moeskroen,Mouscron,Belgium
Clarebout Potatoes Nv Warneton,Warneton,Belgium
Clareco,Limerick,Ireland
Clarkes Fresh Fruit,Stamullen,Ireland
Clarkes Seafood,Ballina,Ireland
Clarks Speciality Foods Ltd,Penicuik,Uk
Clase Azul Europe Sl C/o Alfil Logistica S.a.,Sants-montjuic,Spain
Class Bretagne Nord,Plouigneau,France
Classic Cathering,Manchester,Uk
Classic Fine Foods C/o  Norfrigo 9,Wimille,France
Classic Fine Foods,London,Uk
Clavo Food Factory Sa,Valladolid,Spain
Cldn,Dublin,Ireland
Cldn,Heysham,Uk
Cldn,Liverpool,Uk
Cldn,Warrenpoint,Northern Ireland
Clearwater Fine Foods (france ) Sas,Wimille,France
Clearwater Fine Foods (europe) Limited,Windsor,United Kingdom
Clean Fish C/o K&n Perishable Handling Centre,Hounslow,Uk
Clear Value Trading Ltd,Royton,Uk
Clear-chesire-gb Daniel Mcallister,Cheshire,England
Clearlift Material Handling,Craigavon,Northern Ireland
Clearwater /  Norfrigo 9,Wimille,France
Clearwater (conxemar),Wimille,France
Cleggan Pier,Cleggan,Ireland
Collingwood,Newcastle,Gb
Cliffords Cash & Carry,Tralee,Ireland
Clive Cowern,Wolverhampton,England
Clochinas Navarro,Barcelona,Spain
Clochinas Navarro,Irun,Spain
Clona Dairy Products Ltd,Wilton,Ireland
Clonmel Healthcare,Clonmel,Ireland
Clonmore Meats Ltd,Carlow,Ireland
Clougherhead Fishermens Co-op,Clougherhead,Ireland
Cloughmore Shellfish,Kilkeel,Northern Ireland
Cloughmore Shellfish,Newry,Northern Ireland
Cloverhill Foods,Millstreet,Ireland
Cmb Foods Ltd,East Grinstead,Uk
Cml,Lutterworth,Uk
Cmlf&l Ltd,Telford,Uk
Cmlf&l Ltd (muller Account),Telford,Uk
Cms Codd Mushrooms,Tullow,Ireland
Cms Distribution,Castleford,Uk
Cms Distribution,Kiltimagh,Ireland
Cmt Transport Ltd,Nass,Ireland
Co Op,Motherwell,Scotland
Co Vf Northern Ltd,Coalville,Uk
Co-op Wholesale Ltd,Scunthorpe,Uk
Co-operative Animal Health,Tullow,Uk
Co-operative Food,Coventry,Uk
Co-operative Food,Newhouse,Scotland
Co.bo.ma,Bolougne,France
Coachbury Taverns Ltd,Dublin,Ireland
Coast Co K&n,Hounslow,England
"Cobeverage Lab, Sl",Barcelona,Spain
Cobham Msa,Cobham,Uk
Cobham Services,Cobham,Uk
Coboma Bsm,Boulogne,France
Coboma C/o Dfds Larkhall,Larkhall,Uk
Cobral srl,Milan,Italy
Coca Cola Hbc,Lisburn,Northern Ireland
Coca Cola Hbc,Lisburn,Northern Ireland
Coca Cola Hbc,Lisburn,Northern Ireland
Cockerills,York,Uk
Cockshutt Lane,Shropshire,Uk
Cocoa Black,Peebles,Scotland
Coast Seafood,London Heathrow,Us
Cod Em News Distribution Ireland,Santry,Ireland
Codd Mushrooms,Carlow,Ireland
"Cofima Maree  (ocea Sourcing), John Driege",Boulogne-sur-mer,France
Cofruid'oc,Saint-just,France
Cofrum Lagundo,Bolzano,Italy
Coggon Brothers Limited,Scunthorpe,Uk
Coic Huitres Et Coquillages,Logonna-daoulas,France
Colin Fraser Limited,Aberdeen,Scotland
Colchester Fish Supplies,Colchester,Uk
Cold Move Oswestry,Oswestry,Uk
Coldmove,Oranmore,Ireland
Coldspeed Refrigerated Transport Ltd,Dublin,Ireland
Colin Fraser Ltd,Aberdeen,Uk
Colin Whooley C/o Doughcloyne Industrial Estate,Wilton,Ireland
Colin Whooley C/o The Viaduct Inn,Togher,Ireland
Colin Whooley C/o Ott Dublin,Hollystown,Ireland
Colin Whooley,Skibbereen,Ireland
Coll-8 Logistics Ltd,Dublin,Ireland
Collet,Pornic,France
Collingwood Sea Food,North Shields,Uk
Colm Walsh,Wexford,Ireland
Colso,Togher,Ireland
Colsterworth Truck Stop,Grantham,Uk
Columbus Foods Co. Ltf,Kylemore,Ireland
Columbus Foods Ltd,Kylemore,Ireland
Com Plas International Ltd,Naas,Ireland
Comptoir Des Peches D'europe Du Nord (euronor),Boulogne Sur Mer,France
Comagra De Congelacion,Alberche Del Caudillo,Spain
Comans (nash's) Beverages,Limerick,Ireland
Comans Beverages Galway,Galway,Ireland
Comans Beverages,Little Island,Ireland
Comapeche,Saint-malo,France
Commavicola Commerciale Avicola,Piotello,Italy
Combilift,Monaghan,Ireland
Combilo B.v,Waddinxveen,Netherlands
Combs Farm,Farnsfield,Uk
"Comerc De Peix Ros, S.l.u",Boulogne-sur-mer,France
Comercial Aduanera Llorente S.a.,La Jonquera,Spain
Comercializadora La Rioja Alta,Bastida,Spain
Comerford Brothers Ltd,Newbridge,Ireland
Comerç De Peix Ros (spain),Blanes,Spain
Comexlain,Irun,Spain
Comhar Cummann Sloig Eisc C/o Ott Moycullen,Moycullen,Ireland
Commerc De Peix Ros,Girona,Spain
Communicare Medical Supplies,Claremorris,Ireland
Compagnie Des Fromages,Ducey,France
Compagnie Fruitière Uk,Stanford-le-hope,Uk
Compagnie Madrange Feytiat,Feytiat,France
Complete Co Packaging Services Ltd,Merthyr Tydfil,Uk
Compound Feed Engineering,St Helens,Uk
Comptoirs Oceaniques,62200 Boulogne-sur-mer,France
Comptoirs Oceaniques,Thiais,France
Comptoirs Océaniques (fish Is Life),Thiais,France
P Conway Transport Ltd,Omagh,Northern Ireland
Conan Lamph,Carlingford,Ireland
Conaty Food And Catering Supplies,Navan,Ireland
Conatys Catering Supplies,Dublin,Ireland
Condelados Y Frescos Del Mar Sa,Getafe,Spain
Condron Tyres,Tullamore,Ireland
Conegan Wimille,Wimille,France
Conegan,Wimille,France
Conegan,Wimille,France
Coneygarth Truck Stop,Leeming Bar,Uk
Confezioni Iole S.r.l.,Pradelle Di Nogarole Rocca,Italy
Confremar Congelados Y Frescos Del Mar,Madrid,Spain
Congalsa,A Coruna,Spain
Congalsa,Barcelona,Spain
Congelados Altamar S.a.,Boulogne Sur Mer,France
Congelados Maravilla Sa,Rande - Pontevedra,Spain
Congelados Sariego,Rábade,Spain
Congelados Y Especialidades Barrufet Sl,Barcelona,Spain
Congelados Y Frescos Del Mar,Getafe,Spain
Congelats Salma S.l. - Salma Food,Girona,Spain
Conhexa,Steenvoorde,France
Conica Ag,Schaffhausen,Switzerland
Conica Ltd,Newark,Uk
Connaught 4x4 Breakers,Tuam,Ireland
Connect Logs,Ballycoolin,Ireland
Connemara Fisheries C/o Mus Galway,Galway,Ireland
Connemara Fisheries C/o Ott Galway,Moycullen,Ireland
Connemara Fisheries C/o Ott Dublin,Hollystown,Ireland
Connemara Fisheries,Cornamona,Ireland
Connemara Oysters (lorcan Folan),Moycullen,Ireland
Connemara Seafoods C/o Ott Dublin,Hollystown,Ireland
Connemara Seafoods C/o Ott Moycullen,Moycullen,Ireland
Connemara Seafoods,Westport,Ireland
Connemara Smokehouse,Clifden,Ireland
Connemara Smokehouse C/o Coldmove,Oranmore,Ireland
Connolly Meats Limited,Scotstown,Ireland
Connor Mcdaid,Carndonagh,Ireland
Conor Mcdaid,Greencastle,Ireland
Conor Murray C/o Tiarnan Mcdaid,Carndonagh,Ireland
Conourgues Et Fils,Le Pin,France
Conseil Solution Enterprendre Cse,Outreau,France
Conservas Daporta,Cambados,Spain
Consignaciones Del Mar Sa,Barcelona,Spain
Consorzio Cosind,Castagnito,Italy
Constellation Cold Logistics 2l,North Lincolnshire,Uk
Constellation Cold Logistics,Finglas North,Ireland
Constellation Cold Logistics,Grimsby,Uk
Constellation Cold Logistics,Grimsby,Uk
Constellation Cold Logistics,Midleton,Ireland
Constellation Cold Logistics,Togher,Cork
Constellation Cold Logistics,Wolverhampton,Uk
Constellation Cold Stores,Grimsby,Uk
Constellation Colstore Logistics - Acs&t Stage 4,Grimsby,Uk
Constellation Ice,Mouscron,Belgium
Contech Specialist Building Products,Tullow,Ireland
Contimax,Polen,Poland
Continental Quattro Stagioni,Kirkliston,Scotland
Continental S.f. Delanchy,Bologne Sur Mer,France
Continental Tyre Group Ltd,Rugby,United Kingdom
Conway Bailey Transport,Redruth,Uk
Cooke Aquaculture,Bellshill,Scotland
Cooke Aquaculture Scotland,Kirkwall,Scotland
Cool Control Bv,Maasdijk,Holland
Cooley Oysters Ltd,Co Louth,Ireland
Cooley Oysters Ltd,Greenore,Ireland
Coolmax Refrigeration Ltd.,Evesham,Uk
Coolmore Fresh Foods,Bandon,Ireland
Coolstrand -donegal,Donegal,Ireland
Coolstrand Oysters,Donegal,Ireland
Coombe Fisheries,Barnstable,Uk
Coop Genossenschaft/cooperative,Schafisheim,Switzerland
Coop Italiana,Viterbo,Italy
Coop Lanafruit,Bolzano,Italy
Coop U (stef),Boulogne-sur-mer,France
Coop Genossenschaft/coop Vz Tk Mohlin,Möhlin,Switzerland
Cooper Buckley - Morning Foods,Crewe,Uk
Cooperativa Ceramica D'imola S.c.,Imola,Italy
Cooperativa Frubona Terlano,Terlano,Italy
Cooperativa Italiana Catering,Genova,Italy
Cooperative Des 2 Vallees Sca,Moissac,France
Cooperative Des Producteurs De Noirmoutier,La Gueriniere,France
Cooperative Fruitiere Du Limousin,Vars Sur Roseix,France
Cooperative Fruits Legumes Deux Vallees,Lavaur,France
Cooperative Ialiana Catering,Imperia,Italy
Cooperative Isigny Export,Isigny-sur-mer,France
Cooperative Italiana Catering ( Sepal Srl ),Medolago,Italy
Cooperative Italiana Catering,Viterbo,Italy
Cooperative Les Celliers Associes,Conde-sur-vire,France
Cooperative Les Vergers D'anjou,Verrieres-en-anjou,France
Cooperative Maritime Du Croisic,Le Croisic,France
Cooperative Maritimes,Le Portel,France
Cooperl Sa,Lamballe,France
Copan,Brescia,Italy
Copernus Limited,Hull,Gb
Copernus Limited,Hull,Gb
Coppenrath & Wiese Kg,Mettingen,Germany
Coppenrath Feingebaeck,Geeste,Germany
Copromar S.r.l.,Boulogne-sur-mer,France
Copromer,Boulogne Sur Mer,France
Coquelle Boulogne,Saint- Martin- Bolougne,France
Coquest Island Shellfish,Amble,Uk
Coquillages Andalucia,Sevilla,Spain
Coquillages De L'ouest,Bouin,France
Coquillages Du Bassin C/o Stef Transport Bsm,Boulogne-sur-mer,France
Coquillages Du Sillon,Lanmodez,France
Core Clondalkin,Dublin,Ireland
Cork Bonded Warehouse,Cork,Ireland
Cork Food Service - Allied Foods,Cork,Ireland
Cork Hygiene Ltd,Cork,Ireland
Cork Parking (the Viaduct Inn),Cork,Ireland
Corley Services Northbound,Coventry,Uk
Cormac O'connor Butcher,Mayfield,Ireland
Corne Van Der Spek Seafoods Bv,Bruinisse,Netherlands
Corne Van Der Spek,Bruinisse,Netherlands
Cornerpark Farm,Dublin,Ireland
Correa Kessler,Boulogne Sur Mer,France
Corrib Cornice Limited,Rosscahill,Ireland
Corrib Food Products,Athenry,Ireland
Corrib Foods (galway Turkeys),Athenry,Ireland
Corrib Foods Products,Dublin 15,Ireland
Corrib Oil Swinford,Swinford,Ireland
Cosco,Wembley,Uk
Cosmos Foods,Grande Synthe,France
Cosmos Foods C/o Norfigo 9,Wimille,France
Cosmotec Sa,Vouvry,Switzerland
Cost In D.o.o,Crnice,Slovenia
Costa Food Meat S.l.,Barcelona,Spain
Costa Meeresspezialitaten Gmbh & Co,Emden,Germany
Costa Norte (stef),Boulogne-sur-mer,France
Costas Y Minian,Cambados,Spain
Costco - Depot 5510,Torija,Spain
Costco Wholesale Bilbao,Barakaldo,Spain
Costco Wholesale Uk Distribution Centre,Northampton,Uk
Costers Del Priorat,El Molar,Spain
Costin Doo,Nova Gorcia,Slovenia
Cosy Fruits,Damazan,France
Cotek Papers Limited,Moreton-in-marsh,Uk
Cotiers,Boulogne Sur Mer,France
Cotrama Sarl,Saint Martin Boulogne,France
Cottage Farm August Pitts,Tonbridge,Uk
Cotwall Farm Ltd,Telford,Uk
Coull Fish Limited,Brechin,Scotland
Coull Fish Ltd,Hounslow,England
Coull Fish,Bellshill,Scotland
Counry Valley Wholesale Foods,Billingham,Uk
Counterplas,Walsall,Uk
Country Crest,Dublin,Ireland
Country Hill International,Wimille,France
Country Style Foods - Stockton,Stockton-on-tees,Uk
Country Style Foods Ltd,Kilmacow,Ireland
Country Valley Wholesale Foods,Billingham,Uk
Countrywide Freight,Manchester,Uk
Countrywide Freight,Melton Mowbray,Uk
Countrywide Healthcare Supplies,Barnsley,Uk
County Construction Chemicals,Chingford,Uk
County Food Ingredients,Widnes,Uk
County Milk Products,Chesterfield,Uk
Coveris Flexibles Uk Limited,Boston,Uk
Covetrus Ie Ltd,Limerick,Ireland
Coyles Complete,Emyvale,Ireland
Bell's Seafood Ltd,Linlithgow,Gb
Craft Food Traders,Hospital,Ireland
Crafted Spirits Ltd,Dunleer,Ireland
Craig Foods,Ballymena,Northern Ireland
Craigmarloch Nurseries,Kilsyth,Scotland
Cranford Community Centre,The Pans,Ireland
Cranford Community Centre,The Pans,Ireland
Cranford Stone,The Pans,Ireland
Cranswick Continental Foods,Bury,Uk
Cranswick Convenience Foods,Milton Keynes,Uk
Cranswick Foods -milton Keynes,Milton Keynes,Uk
Cranswick Foods Sheburn,North Yorkshire,Uk
Cranswick Foods,Wombwell,Uk
Cranswick Prepared Poultry,Hull,Uk
Cranwick Ballymena C/store,Ballymena,Northern Ireland
Craven  C/o Galway Bay Seafood,Galway,Ireland
Crb Sa,Puidoux,Switzerland
Creagh,Galway,Ireland
Crediton Dairy Limited,Devon,Uk
Creed Foodservice Limited,Wooburn Green,Uk
Creed Foodservice,Ilkeston,Uk
Creetown Services,Creetown,Scotland
Creightons Plc,Werrington,Uk
Cremlog,Saint Priest,France
Creno Impex:,Boulogne-sur-mer,France
Creno Impex,Boulogne-sur-mer,France
Crescent Seafoods Carlingford,Carlingford,Ireland
Crescent Seafoods,Ferrybank,Ireland
Crewe Truck Stop,Crewe,Uk
Criee De La Rochelle,La Rochelle,France
Cristal Seafood,Le Portel,France
Crmj,Boulogne-sur-mer,France
Mericq Sas,Boulogne Sur Mer,France
Ecofish Sales Ltd,Boulogne Sur Mer,France
Croagh Patrick Seafood-padraig Gannon,Newport,Ireland
Croagh Patrick Seafoods C/o Rosmoney Shellfish,Westport,Ireland
Crocknagee Oysters C/o Pmc,Lifford,Ireland
Crocknagee Oysters Ltd,Quigleys Point,Ireland
Crocs Dc3 Ceva,Kettering,Uk
Croke Park,Drumcondra,Ireland
Cromane Bay ((peter Tighe),Kilorglin,Ireland
Cromane Bay Shellfish  (pat O Sullivan),Killorglin,Ireland
Cromane Oysters Ltd,Cromane,Ireland
Cromane Oysters Ltd,Ferrybank,Ireland
Cromane Parking,Cromane,Ireland
Cromane Point Oysters (gerard O'reilly),Killorglin,Ireland
Cromane Seafood - Benoit Cronier,Killorglin,Ireland
Cromane Seafoods,Cromone,Ireland
Cromane Bay Shellfish,Cromane,Ireland
Crooked Pickle Co. Ltd,Chesterfield,Uk
Crops Nv Eur,Ooigem,Belgium
Cross And Wells Ltd,Sittingbourne,Uk
Cross Dock Poznan,Poznan,Poland
Cross Fine Foods,Cong,Ireland
Cross Refrigeration,Tallaght,Ireland
Cross-guard,Scunthorpe,Uk
Crosswater Uk,Dartford,Uk
Crowland Fresh Farm,Crowland,Uk
Crowndale Food Services Ltd,Leicester,Uk
Crus Et Domaines De France C/o Caves De Landiras,Landiras,France
Cruser Varyag,Girvan,Uk
Crust & Crumb - Site 8,Portadown,Northern Ireland
Crust & Crumb Bakery,Derrylin,Northern Ireland
Crust & Crumb Breads Ltd,Portadown,Northern Ireland
Crust & Crumb C/o,Lisnaskea,Northern Ireland
Crust & Crumb Site 2,Derrylin,Northern Ireland
Crust & Crumb Site 2,Derrylin,Northern Ireland
Crust & Crumb Site 2,Derrylin,Northern Ireland
Crust & Crumb Site 2,Derrylin,Northern Ireland
Crust & Crumb Site 4,Ballyconnell,Ireland
Crust & Crumb Site 4,Ballyconnell,Ireland
Crust & Crumb Site 6,Craigavon,Northern Ireland
Crust & Crumb Site 6,Craigavon,Northern Ireland
Crust And Crumb Site 3,Doon,Ireland
Crusta Bv,De Riepel 7,Netherlands
Crustafrais,St Martin De L'eglise,France
Crys Pdpd Ireland Ltd,Dublin,Ireland
Crystal Palace Park,London,Uk
Cs - Tosca Wakefield,Castleford,Uk
Cs Fish C/o Ott Galway,Moycullen,Ireland
Cs Fish Ltd,Ennis,Ireland
Cs Maree (delanchy),Boulogne-sur-mer,France
"Cs Maree, Stef Transport Bsm",Boulogne-sur-mer,France
Cse Global,Outreau,France
Csm - Dachser,Langenau,Germany
Cst Logistica Trasporti,Scorze,Italy
Ctns,Monaghan,Ireland
Ctr Group,Corby,Uk
Sichuan International Air Cargo,"Chengdu, Sichuan",China
Cuantec Ltd,Glenrothes,Uk
Cubecold,Theale,Uk
Cukiernia Mistrza Jana,Szczecin,Poland
Culina Bristol,Bristol,Uk
Culina C/o Avara Foods,Hereford,England
Culina Logistics (j27),Nottingham,Uk
Culina Logistics,Avonmouth,Uk
Culina Logistics,Haverhill,Uk
Culina Logistics,Kingston,Uk
Culina Logistics,Market Drayton,Uk
Culina Logistics,Stafford,Uk
Culina,Tilbury,Uk
Culinary Food Group,Naas,Ireland
Culinary Food Group,Naas,Ireland
Cullen Allen C/o,Pinchbeck,United Kingdom
Cullens Fruit & Veg,Gorey,Ireland
Cullina Logistics Gmbh,Fischach,Germany
Culina Logistics (j27),Nottingham,Uk
Cullompton Services Extra,Cullompton,Uk
Cultimer,Dol De Bretagne,France
Cultimer - Le Vivier,Le Vivier Sur Mer,France
Cultimer C/o Kermaree,Blainville-sur-mer,France
Cumbria Cold Storage,Appleby,Uk
Cunningham Bacon & Pork,Belturbet,Ireland
Cunningham Covers Ireland,Naas,Ireland
Cup Print,Ennis,Ireland
Currans Food,Waterford,Ireland
Curtis & Lees,Dublin,Ireland
Custom Compost,Gorey,Ireland
Customised Packaging Limited,Denton,Uk
Customs Pro Channnel Ports @ Stop 24,Hythe,Uk
Customs Stop Swiecko 37,Swiecko,Poland
Customs,Dublin,Ireland
Cuxhavener Kuhlhaus Gmbh,Cuxhaven,Germany
Cvt Ltd,England,England
Cwire Retail Holdings Ltd Warehouse,Dublin,Ireland
Cwire Retails Holdings Warehouse,Swords,Ireland
Cwk Food Processing,Baldoyle Industrial Estate,Ireland
Cws (codd) Mushrooms,Tullow,Ireland
D B I Ltd,Cork,Ireland
D Mcghee & Sons Ltd,Glasgow,Scotland
D Pain And Sons,Worcestershire,Uk
D Steven & Son,Bellshill,United Kingdom
D Steven & Son,Thurso,Scotland
D Stevens Collection,Pasaia San Juan,Spain
D&d Brodce,Brodce,Czech Republic
D&d Fashion Di Du Binbin,Padova,Italy
D&d Real,Plazy-mlada Boleslav,Czech Republic
D&e Meats T/a Coyne Butchers,Hollystown,Ireland
D&m Winchester Ltd,Moray,Uk
D&p Commercials,Newtownabbey,United Kingdom
D&r Meats,Coventry,United Kingdom
D. O Sullivan Print Supplies,Dublin,Ireland
D.i. Mar S.r.l,Corridonla,Italy
D.i.mar. Srl - Sapore Di Mare,Corridonia Mc,Italy
D1 Cruise Berth,Belfast,Uk
D169,Boulogne-sur-mer,France
D278,Boulogne Sur Mer,France
D286,Boulogne-sur-mer,France
D515,Boulogne-sur-mer,France
D573,Boulogne-sur-mer,France
D629 (delanchy),Boulogne-sur-mer,France
D730,Boulogne-sur-mer,France
Da Chemicals Group Limited,Whitley Bay,Uk
Daalimpex Velsen,Nk Velsen-noord,Netherlands
Dac Gruppo Alimentare Sardo C/o,Castelvetro Piacentino (pc),Italy
Dac Spa ( Tilog Logistics ),Flero,Italy
Dac Spa Distrib Alimentari,Montichiari Bs,Italy
Dac Spa,Flero,Italy
Dachser C/o Denree,Herne,Germany
Dachser France S.a.s.,La Crèche,France
Dachser France,Niemen,France
Dachser Italy Food Logistics S.r.l.,Pradelle Di Nogarole Rocca,Italy
Dachser Ltd,Northampton,Uk
Dachser Se,Schonefeld,Germany
Dachser Se,Singen,Germany
Dachser Spain,Coslada,Spain
Dachser,Seiches-sur-le-loir,France
Dacsher Alsdorf,Alsdorf,Germany
Dacsher Uk,Northampton,Uk
Dac Spa Distrib Alimentari,Rome,Italy
Daelmans Stroopwafels,Oss,Netherlands
Daera Larne Port,Larne,Northern Ireland
Daily Bake Manufactu,Armagh,Northern Ireland
Daily Groupage Services,London,Uk
Daily Logistics Group (dlg),Nieuwe-tonge,Netherlands
Dairy Consumer Foods,Ossett,Uk
Dairy Consumer Foods,Charleville,Ireland
Dairy Consumer Foods Portadown,Craigavon,Northern Ireland
Dairy Gold,Mitchelstown,Ireland
Dairy Partners Ltd,Stonehouse,United Kingdom
Dairy Partners,Newcastle Emlyn,Uk
Dairycrest,Warwickshire,Uk
Dairygold Co Operative,Mitchelstown,Ireland
Dajana Company D.o.o.,Stankovci,Croatia
Dajna Company D.o.o.,Murter,Croatia
Dajna Company D.o.o.c/o,Favaro Veneto,Italy
Dale Farm,Kendal,Uk
Dale Meats Ltd,Bray,Ireland
Dalton Seeds,Peterborough,Uk
Daltons Of Cahir Haulage,Cahir,Ireland
Dalwhinnie Service Station,Dalwhinnie,Scotland
Daly Industrial Supply Company,Cork,Ireland
Daly Seafoods C/o Good Fish,Ringaskiddy,Ireland
Daly Transport,Castleisland,Ireland
Dalys Seafood Ltd-kerry,Cahirceiveen,Ireland
Dalziel Ltd,Bellshill,Scotland
Dalziel Ltd,Castleford,United Kingdom
Dalziel Ltd,Newport,United Kingdom
Damerstown West,Barrack Hill,Ireland
Damian Carroll,Kylemore,Ireland
Dan Cake,Coimbra,Portugal
Dan Heijer C/o Kotra France,Boulogne-sur-mer,France
Danbor A/s,Esbjerg,Denmark
Daniel Mcgee C/o Mhara Fada,Greencastle,Ireland
Daniel Mcgonagle,Quigleys Point,Ireland
Daniel Mcgonagle,Donegal,Ireland
Daniel Sorlut,Saint Marie Du Mont,France
Daniel Vaughan,Bicester,United Kingdom
Danish Crown Rochdale,Rochdale,Uk
Dankso Foods Ltd,Killmallock,Ireland
Dany Collins,Cardonagh,Ireland
Danny Mc Dermott (mc Daids),Carndonagh,Ireland
Danny Mcdermott C/o Alan Rankin,Muff,Ireland
Danny Mcdermott Greencastle,Moville,Ireland
Danny Porteous,Malin,Ireland
Danone Belgium,Rotselaar,Belgium
Danone Entrepot De Tours,Chambray-les-tours,France
Danone Ferrieres,Ferrieres En Bray,France
Danone Produits Frais,Bailleul,France
Danone,Aldaia,Spain
Danske Fiskeauction,Hvide Sande,Demark
Dap - Fredditalia International Spa Cosfer Srl,Collesalvetti Li,Italy
Dap Dac,Alfianello,Italy
Dap Di Mar Srl,Corridonia,Italy
Dap Gelpieve Srl,Oderzo,Italy
Dap Marr,Castelnuovo Di Porto,Italy
Dap Marr,Piacenza,Italy
Dap Pa Group Spa,Marsala,Italy
Dap Pescagel,San Nicola La Strada,Italy
Daran Hollywood Signs,Newry,Northern Ireland
Darren Bredin,Killashandra,Ireland
Dartess - Bruges 2,Bruges,France
Dartess - Izon,Iizon,France
Dartess - Parc Des Lacs,Blanquefort,France
Dartess Blanquefort,Blanquefort,France
Dartess Bruges 1,Bruges,France
Daskalakis Manos Sa,Urk,Netherlands
Davenport Transport,Burscough,Uk
Daventry Internacional,Northampton,Uk
Daventry International Rail,Crick,Uk
David Flores Prieto Via La Criee La Rochelle,Rivedoux-plage,France
David Gallagher,Dungloe,Ireland
David Herve (voilerie Paimpol),Paimpol,France
David Hindle C/o Sliogeisc Inisheane - Conal Hunte,Dungloe,Ireland
David Keane - Dublin Collection,Dublin,Ireland
David O Connor (mc Daids),Carndonagh,Ireland
David Udale Ltd,Telford,Uk
Davies Turner & Co Ltd,Avonmouth,Uk
Davies Turner & Co Ltd,Coleshill,Uk
Davis Europe Bv,Ridderkerk,Holland
Davis Turner,Coleshill,Uk
Davison Canners Limited,Portadown,Northern Ireland
Dawn Farm Foods Distribution,Naas,Ireland
Dawn Farms,Naas,Ireland
Dawn Meats Rathdowney,Rathdowney,Ireland
Dawn Meats,Ballyhaunis,Ireland
Dawn Meats,Ballymount Road Lower,Ireland
Dawn Meats,Grannagh,Ireland
Dawn Meats,Waterford,Ireland
Dawn Pork & Bacon,Grannagh,Ireland
Dawn Pork And Bacon,Grannagh,Ireland
Dayseaday Fresh B.v C/o Dfds Larkall,Larkhall,Uk
Dayseaday Fresh Bv,Urk,Netherlands
Dayseaday Fresh Bv,Urk,Netherlands
Dayseaday,Boulogne-sur-mer,France
Db Foods,Banbury,Uk
Db Foods,Poole,Uk
Db Schenker C/o Glasgow Prestwick Airport Ltd.,Prestwick,Uk
Db Schenker C/o Pml Heathrow,Feltham,Uk
Db Schenker C/o World Wide Flight Services Glasgow,Paisley,Uk
Db Schenker Dublin Unit F&g Furry Park,Dublin,Ireland
Db Schenker Ltd,Feltham,Uk
Db Schenker- Bradford,Bradford,Uk
Db Schenker,Cork,Cork
Db Schenker,Dublin,Ireland
Dc Poultry Limerick C/o Kcs Limerick,Ballagh,Ireland
Dc Poultry,Rathcoole,Ireland
Dc Waasten,Warneton,Belgium
Dcats,Dublin Port,Ireland
Dcs Banbury,Banbury,Uk
Dcs Haulage,Ashbourne,Ireland
De Druijn Sales B.v De Lier,De Lier,Holland
De Groot International,Hedel,Netherlands
De Jong’s,Wolvega,Netherlands
De Koeijer Logistics B.v.,Yerseke,Netherlands
De Koeijer Logistics,Boulogne Sur Mer,France
De Smet,Breskens,Netherlands
De Troyer (driege),Boulogne-sur-mer,France
De Troyer,Boulogne-sur-mer,France
Dealz Roi,Clonee,Ireland
Dealz (primeline),Bracetown,Ireland
Dealz / Poundland,Bracetown,Ireland
Dealz Ireland Unit 7,Bracetown,Ireland
Dealz,Waterford,Ireland
Dean Chambers (yard),Arklow,Ireland
Dean Lynch,Quigleys Point,Ireland
Debaenst Sa,Mouscron,Belgium
Decathlon Distribution Centre,Northampton,Uk
Decathlon,Nantes,France
Decathlon,Rouvignies,France
Declan Mc Daid (mc Daids),Carndonagh,Ireland
Dee Set Ltd,Stoke On Trent,Uk
Deegan Hair & Beauty,Navan,Ireland
Deeside Cereals,Deeside,Uk
Deeside Truck Service,Mold,Uk
De Koeijer Transport Bv,Yerseke,Neatherlands
Dekai,Hull,Uk
Dekalb Farmers Market,Atlanta,Us
Dekalb Farmers Market,Dekalb,Us
Del Monte,Corby,Uk
Del Monte,Wisbech,Uk
Delacre,Lambermont,Belgium
Delanchy (copromer),Boulogne-sur-mer,France
Delanchy (oceanord),Boulogne,France
Delanchy (sivep Rep),Boulogne-sur-mer,France
Delanchy 2,Boulogne Sure Mer,France
Delanchy,Boulogne,France
Delanchy Bretagne Transports 29,Plouigneau,France
Delanchy Copromer Transport (island Seafare),Boulogne-sur-mer,France
Delanchy Frigo Transports,Tresses,France
Delanchy Frigo Transports 17,Bourcefranc-le-chapus,France
Delanchy Frigo Transports 17,La Tremblade,France
Delanchy Frigo Transports 17,Sainte Soulle,France
Delanchy Frigo Transports 50,Torigny-les-villes,France
Delanchy Frigo Transports Italia Milano,Milan,Italy
Delanchy Guilberville,Guilberville,France
Delanchy Lorient Transport,Guidel,France
Delanchy Secteur Angleterre,Boulogne Sur Mer,France
Delanchy Trade Order,Boulogne,France
Delanchy Transport Lorient,Lorient,France
Delanchy,Boulogne-sur-mer,France
Delanchy,Milano,Italy
Delanchy Ft33,Boulogne-sur-mer,France
Delanchy,Boulogne-sur-mer,France
Bakkafrost France,Boulogne Sur-mer,France
Delaviuda Confectionery Group.,Sonseca,Spain
Delfin Ultracongelados,Barcelona,Spain
Delfin Ultracongelados,Toledo,Spain
Deli Fraicheur Sarl C/o K&n,London,Uk
Deli Lites Ltd,Warrenpoint,Northern Ireland
Deli Meat Supplies,Ballyfermot,Ireland
Deli Supplies Ltd,Carnaby,Uk
Delicatessen Meats Supplies,Ballyfermot,Ireland
Delice De France C/o,Coleshill,Uk
Delice De France Coleshill,Coleshill,Uk
Delice De France,Southall,Uk
Delicemer - (kotra-bsm),Epone,France
Delices 7 Vallees / Stef Nord,St-laurent-blangy,France
Delices De La Mer,Marennes-hier-brougage,France
Delicious Global C/o Emeraude Coquillages,Cancale,France
Delifrance Italia,Liscate,Italy
Delifrance Landevant,Landevant,France
Delifrance Romans,Romans-sur-isere,France
Delifrance Uk,Southall,Uk
Delifrance,Vendin Le Veil,France
Delifrances Dunkirk,Dunkerque,France
Delifresh Ltd,Bradford,Uk
Delivery According Cmr,Cannet D Aude,France
Delivver Transport,Drogheda,Ireland
Delpeyrat Sas C/o Dfds,Larkhall,France
Delpeyrat Sas-bring,Boulogne-sur-mer,France
Delpeyrat Sas,Larkhall,France
Delphi Borgwerner C/o Dhl Supply Chain,Lichfield,Uk
Delta Caravans,Hull,Uk
Delta Machinery,Kildare,Ireland
Delta Mossel Bv,Yerseke,Netherlands
Delta Mossel,Yerseke,Netherlands
Delta Ostrea Bv,Yerseke,Netherlands
Delta-st,Split,Croatia
Deltex 98 S.l.,Barcelona,Spain
Dempsey Bros International,Monaghan,Ireland
Demarne (delanchy),Boulogne-sur-mer,France
Demarne Freres Sarl,Boulogne-sur-mer,France
Demarne Rungis,Rungis,France
Demarne Freres Sarl,Boulogne-sur-mer,France
Demaurex,Lausanne,Switzerland
Demetra Srl-specialita Alimenari,Talamona,Italy
Dempsey Meats Products,Castlebar,Ireland
Denby Potteries Ltd,Derby,Uk
Denholm Seafoods,Peterhead,Scotland
Denis Hourihane,Glengarrif,Ireland
Nordsea Trade Ou,Hirtshals,Dk
Sia Baltic Solution,Hirtshals,Dk
Denmaur (warehouse & Sales),Leicestershire,Uk
Depot Frigonor,Montigny En Gohelle,France
Depuis - Sarl Huitres Cocollos,Bourrfranc Le Chapus,France
Der Fischwert,Boulogne-sur-mer,France
Deralam Laminates,Dunstable,Uk
Deralam,Wigan,Gb
Deralam,Wigan,Uk
Derby,Derby,Uk
Derek Palmer,Lakenheath,Uk
Deret,Saran,France
Derivados Citricos S.a.,Alcantarilla,Spain
Derry Transport,Craigavon,Northern Ireland
Desobry,Tournai,Belgium
Despachos Fruteros,La Jonquera,Spain
Destiny Food,Manchester,Uk
Det Franske Vinkort Aps,Charlottenlund,Denmark
Deutsche See Gmbh,Bremerhaven,Germany
Devagel,Mouscron,Belgium
Develey Senf & Feinkost Gmbh,Dingolfing,Germany
Devlieger Filip,Knokke- Heist,Holland
Devos Group Bvba,Bekkevoort,Belgium
Dew Valley Meats,Thurles,Ireland
Dfds Logistics Ltd,Belfast,Northern Ireland
Dfds - Aberdeen,Aberdeen,Uk
Dfds,Calais,France
Dfds,Dover,England
Dfds,Dunkirk,France
Dfds Esbjerg,Esbjerg,Denmark
Dfds Immingham,Immingham,Uk
Dfds,Rosslare Harbour,Ireland
Dfds -glasgow,Bellshill,Uk
Dfds,Belview Port,Ireland
Dfds Esbejerg,Esbejerg,Denmark
Dfds Grimsby,Grimsby,Uk
Dfds Kiel - Office & Ferry Terminal,Kiel,Germany
Dfds Klaipeda - Office & Ferry Terminal,Klaipeda,Lithuania
Dfds Liverpool,Liverpool,Uk
Dfds Wh7,Immingham,Uk
Dfds Warehouse Nenagh,Nenagh,Ireland
Dfds,Corby,Uk
Dfds,Deeside,Uk
Dfds,Kettering,Uk
Dfds,Larkhall,Scotland
J K Thomson,Larkhall,Gb
Oceanpath Ltd,,Gb
Le Lien Limited,,Gb
Bell's Seafood Ltd,,Gb
Kd Seafood Denmark Aps,,Gb
Sea Stocks,Larkhall,Gb
Mowi  (marine Harvest Scotland),,Gb
North Sea Seafood A/s,Boulogne-sur-mer,France
Dublin Ferry Port Terminal (dft),Dublin Port,Ireland
Ocean Group Inc,Dallas,Us
Dg Foods Limited,Waterford,Ireland
Dg Mcardle International Ltd,Dublin,Ireland
Dhl Bicester,Bicester,Uk
Dhl Cumbernauld,Cumbernauld,Uk
Dhl Doncaster,Doncaster,Uk
Dhl Ema Cargo West,Derby,Uk
Dhl Global Forwarding (italy) Spa - Div. Freight,Pollein,Italy
Dhl Global Forwarding (uk) Limited,Hayes,Uk
Dhl Global Forwarding Spa,Mantova,Italy
Dhl Global Forwarding,Dublin,Ireland
Dhl Global Forwarding,Hayes,Uk
Dhl Global Forwarding,Mantova,Italy
Dhl Global,Marston Green,Uk
Dhl Hub,Ipswich,Uk
Dhl Kingfisher,Coventry,Uk
Dhl Liverpool,Fazakerley,Uk
Dhl Logistics (schweiz) Ag,Pratteln,Switzerland
Dhl Ltg Mw Market,Baltic Avenue,Uk
Dhl Nespresso,Donabate,Ireland
Dhl Quantum Distribution Facility,Kilshane,Ireland
Dhl Quantum,Dublin 11,Ireland
Dhl Supply Chain Dc4,Ricany U Prahy,Czech Republic
Dhl Supply Chain Derby,Derby,Uk
Dhl Supply Chain Houplines,Houplines,France
Dhl Supply Chain Limited,Northampton,Uk
Dhl Supply Chain Milton Keynes Digital Centre,Milton Keynes,Uk
Dhl Supply Chain Mw1,Manton Wood,United Kingdom
Dhl Supply Chain Whitehouse,Cheshire,Uk
Dhl Supply Chain,Coventry,Uk
Dhl Supply Chain,Daventry,Uk
Dhl Supply Chain,Glasgow,Uk
Dhl Supply Chain,Huntingdon,Uk
Dhl Supply Chain,Kegworth,Uk
Dhl Supply Chain,Ricany,Czech Republic
Dhl Supply Chain,Rugby,Uk
Dhl Supply Chain,Rugby Gateway,Uk
Dhl/gxo Tamworth,Tamworth,Uk
Dhl Worksop,Worksop,Uk
Dhl,Corringham,Uk
Dhl,Skelmersdale,Uk
Dhl,Worksop,Uk
Dhl/burtons Biscuits,Liverpool,Uk
Dhl/hunt,Huntingdon,Uk
Dhlservice Point,Ceske Budejovice,Czech Republic
Dhot,Tincqes,France
Di Battista Felice & Figli S.n.c.,Frisa,Italy
Diageo Global Supply,Belfast,Northern Ireland
Diageo Packaging,Runcorn,Uk
Dicofoods Nv,Ardooie,Belgium
Dieppe Maree,Dieppe,France
Diercks & Hennings,Leverkusen,Germany
Digi Labels,Mullingar,Ireland
Dillon Organics,Cappagh Road,Ireland
Dime Salnes S.l.,Pontevedra,Spain
Dimitri Legaillard,Grandcamp Maisy,France
Dinesen Warehouse,Vamdrup,Denmark
Dingle Bay Shellfish Ltd - John Foley,Killorglin,Ireland
Direct Ardoise,Plomelin,France
Direct Ocean (jdnb),Boulogne-sur-mer,France
Direct Ocean C/o Copromer,Boulogne,France
Direct Ocean,Boulogne Sur Mer,France
Direct Ocean,Le Portel,France
Direct Ocean,Boulogne,France
Direct Ocean,Boulogne Sur Mer,France
Direct Ocean,Boulogne-sur-mer,France
Direct Ocean - Delanchy (copromer),Boulogne-sur-mer,France
Direct Produce Supplies,Sittingbourne,Uk
Direct Source Distribution,Barking,Uk
Keohane Seafood,Cork,Ie
Dirk Abrahams Gmbh,Breskens,Netherlands
Dirks Consumer Log,Coventry,Uk
Discount Dragon,Leigh,Uk
Distribuidora Levantina De Alimentacion Sl,Castellon De La Plana,Spain
Distri Malo,Saint Malo,France
Distriplast,Dunkerque,France
Ditsch Gmbh,Oranienbaum-worlitz,Germany
Dituri Srl,Porto Viro,Italy
Divillys Meats Ltd,Oranmore,Ireland
Dixon International Transport,Dublin,Ireland
Dixon International,Dublin,Ireland
Dj Tuna Express,Miami,Us
Dk Connemara Oysters,Galway,Ireland
Dl Fresh Logistics Bv,Bleiswijk,Holland
Dlx,Ely,Uk
Dm Macleod,Bellshill,Uk
Dm Seafood Carndonagh Donegal,Carndonagh,Ireland
Dm Seafood,Castletownbere,Ireland
Porthilly Shellfish,Cornwall,Uk
Cumbrae Oysters Ltd,West Kilbride,Scotland
Dm Seafoods C/o Maldon Oysters,Essex,Uk
Dm Seafoods Cromane,Killorglin,Ireland
Dm Seafoods Dungarvan,Dungarvan,Ireland
Dm Seafoods Greencastle,Greencastle,Ireland
Dm Seafoods Ltd,Quigleys Point,Ireland
Dm Seafoods Moville,Moville,Ireland
Dm Seafoods- Rm Westport,Westport,Ireland
Dm Seafoods,Ferrybank,Ireland
Dm Seafoods-muff,Muff,Ireland
Dm Seafoods,Westport,Ireland
Dm Seafoods -carrickfin,Carrickfin,Ireland
Dmc Ghee & Sons,Glasgow,Scotland
Dmk Eis Gmbh,Everswinkel,Germany
Dmw Logistics,Sutton In Ashfield,Uk
Dnata Catering Ltd,Dublin,Ireland
Dnata Catering,Dublin,Ireland
Dnata Catering,Manchester,Uk
Dnata,Paisley,Scotland
Dobbies  Garden Centre,Perth,Uk
Dobbies Garden Centre,Milngavie,Scotland
Dobbies Garden Centre,Stirling,Scotland
Dobbies Garden Centres,Braehead,Uk
Dobbies,Carlisle,Scotland
Dobbies,Sandyholm,Scotland
Doca Marinha,Juliao Do Tojal,Portugal
Docapesca,Olhao,Portugal
Doff Portland,Sawmills,Uk
Dogmates,Blyth,Uk
Doherty & Gray,Ballymena,Northern Ireland
Doherty Roe Fresh Produce Ltd,Carrowreagh,Ireland
Dohler Transport,Oosterhout,Netherlands
Doka Ireland Formwork,Drogheda,Ireland
Dolan's - Strabane,Strabane,Uk
Dolcefreddo Moralberti,Candelu Di Maserada Sul Piave,Italy
Dolcezze Di Nanni,Monteroni D Arbia,Italy
Dole Galway,Tuam Road,Ireland
Dole Ireland Ltd (foodservice),Balbriggan,Ireland
Dole Ireland Ltd,Swords,Ireland
Dole Spalding,Spalding,Uk
Dole Unit 2 Swords,Dublin,Ireland
Dollard Packaging Ltd,Dublin,Ireland
Dolleans,Boulogne Sur Mer,France
Dolleans,Boulogne-sur-mer,France
Doma Ni Ltd,Dundrum,Northern Ireland
Domaine Armelle Et Bernard Rion,Vosne-romanee,France
Domaine Arnaud Lambert,Saint-just-sur-dive,France
Domaine B&b Bouche,La Digne D'aval,France
Domaine Begude,Cepie,France
Domaine De La Ligiere,Beaumes De Venise,France
Domaine De Papolle - Scea Les Vignobles,Maueleon D'armignac,France
Domaine Duroche,Gevrey Chambertin,France
Domaine Font De Michelle,Bedarrides,France
Domaine Guerrin Et Fils,Vergisson,France
Domaine Henri Gouges,Nuits-saint-georges,France
Domaine Horgelus/earl Haut Cassou,Montreal Du Gers,France
Domaine La Cendrillon,Ornaisons,France
Domaine La Tasque,Mailhac,France
Domaine Laougue,Viella,France
Domaine Simon Colin,Chassagne-montrachet,France
Domaines Julien Et Fis,Murviel-les-beziers,France
Domani Ltd,Dundrum,Northern Ireland
Domenech Hermanos Sau,Muro De Alcoy,Spain
Rotary Club Nancy St Nicholas De Port,Houdemont,France
"Dominio De La Vega, S.l.",San Antonio De Requena,Spain
Domino Pizza1,Milton Keynes,Uk
Dominos,Naas,Ireland
Domino’s,Naas,Ireland
Domu_bra_m24_2rw_786,Middleton,Uk
Don Sheehan Meats,Bennekerry,Ireland
Donal,Macroom,Ireland
Donald Russell - Inverurie,Inverurie,Scotland
Donald Russell,Kintore,Uk
Donatien *via Mesguen*,Boulogne-sur-mer,France
Donegal Aquaculture,Donegal,Ireland
Donegal Fish Limited,Killybegs,Ireland
Donegal Fruit Company,Donegal,Ireland
Donegal Ocean Deep Oysters,Donegal,Ireland
Donegal Oysters,Donegal Town,Ireland
Donegal Service Station,Donegal Town,Ireland
Donnelly Fruit & Veg,Dublin,Ireland
Donnelly Fruit & Veg,St Margarets,Ireland
,,France
Doonbeg Golf Club,Doonbeg,Ireland
Dooncastle Oysters,Kingstown,Ireland
Dooriel Fisheries C/o Blackshell Farm Ltd,Westport,Ireland
Dooriel Fisheries C/o Ott Galway,Moycullen,Ireland
Dooriel Fisheries Ltd,Westport,Ireland
Dooriel Fisheries,Westport,Ireland
Dorans On The Pier,Howth,Ireland
Doreens Home Bakery,Athboy,Ireland
Dorig & Brandl,Breskens,Netherlands
Dornan Engineering,Dunboyne,Ireland
Dortek Ltd (wentplast),Wicklow,Ireland
"Dorys Cz, S.r.o",Pribram,Czech Republic
Dot Brew Millennium Centre,Dublin 8,Ireland
Dot Brew,Killbarack Road,Ireland
Douanes Calais Port,Calais,France
Douanes Eurotunnel,Calais,France
Dough Bros Warehouse,Ballybane,Ireland
Douglas Strand Oysters,Cromone,Ireland
Douglas,Cork,Ireland
Doux Sa,Quimper,France
Doux Snc,Chateaulin,France
Downtons,Gloucester,Uk
Dowson Food Machinery,Keighley,Uk
Doyle Catering Meats,Rathcoole,Ireland
Doyle Meats,Hacketstown,Ireland
Doyle Shipping Group (dsg),Dublin Port,Ireland
Doyles Butchers,Bray,Ireland
Doyles Of Bray C/o Ott Dublin,Hollystown,Ireland
Doyles Veg Prep,Dublin,Ireland
Dp Pelagic Sp Zoo,Gdynia,Poland
Dpd London Docklands,London,Uk
Dpd,Burbage,Uk
Dpd-burbage-gb,Burbage,Uk
Dpd,Hinckley,Uk
Dph Dublin Parcel Hub,Dublin,Ireland
Dpl Group Ltd,Dublin,Ireland
Dr Collins,Eyemouth,Uk
Dr. Oetker Tkp Wittlich Gmbh,Wittlich,Germany
Dr. Oetker Uk Ltd,Leyland,Uk
Drambond Limited,Arbroath,Scotland
Dreamworks,Radcliffe,Uk
Lecri Maree,Boulogne-sur-mer,France
"Drinkwater""s Mushroom Farm Ltd",Lancaster,Uk
Connacht Bottlers,Carrick On Shannon,Ireland
Drobimex Sp. Z O.o.,Szczechin,Poland
Drover Foods Ltd,Wexford,Ireland
Drumcoura,Ballinamore,Ireland
Drummond Distribution,Edinburgh,Scotland
Drummond Grain Store,Knockbridge,Ireland
Drysdale Cockburnspath,Scottish Borders,Uk
Ds Smith Kettering,Kettering,Uk
Ds Smith Ltd,Radstock,Uk
Ds Smith Paper,Sittingbourne,Uk
Amazon Dsa6,Leeds,United Kingdom
Dsg,Naas,Ireland
Dsi 2010 S.l. / Drunpe,Llica De Vall,Spain
D Steven & Son,Scrabster,Gb
Bell's Seafood Ltd,Thurso,Scotland
Dsv Air Sea,Blanchardstown,Ireland
Dsv Eastfield Rd,Immingham,Uk
Dsv Naas,Naas,Ireland
Dsv Road (naas),Naas,Ireland
Dsv Road Limited (dublin),Dublin,Ireland
Dsv Road Nv,Rekkem,Belgium
Dsv Road,Derbyshire,Uk
Dsv Road,Horsens,Denmark
Dsv Solutions (swadlincote),Swadlincote,Uk
Dsv Solutions,Puurs-sint-amand,Belgium
Dsv,Limito Di Pioltello,Italy
Lulu Hypermarket Llc,Dubai,Ae
The Deep Seafood Co Llc,,Ae
Classic Fine Foodstuff Trading Llc,Dubai,Ae
Dublin Depo- Macrus Ltd,Ballymount,Ireland
Dublin Providers Ltd,Dublin,Ireland
Duclot,Martignas-sur-jalle,France
Dueg C/o Tfm Martone,Fondi,Italy
Duffy Express Freight,Newtowncunningham,Ireland
Duijvestijn Tomatoes B.v,Pijnacker,Netherlands
Dujardin Bretagne,Le Moustoir,France
Dujardin Foods Nv,Ardooie,Belgium
Dulca,Penaranda Bracamonte,Spain
Dulux Decorater Centre,Dublin,Ireland
Dundee Cold Stores Limited,Kingsway West,Scotland
Dunbia C/o Fylde Coldstore,Preston,Uk
Dunbia Carnaby,Bridlington,Uk
Dunbia Halesowen,Halesowen,Uk
Dunbia Highland Meats,Saltcoats,Uk
Dunbia Uk,Carmarthenshire,Uk
Dunbia,Dungannon,Northern Ireland
Dunbia,Preston,Uk
Duncan Farms,Turiff,Scotland
Duncan Farms,Turriff,Uk
Dundalk Bay Seafoods Ltd,Clogherhead,Ireland
Dundee Changeover,Dundee,Uk
Dundee Coldstore,Dundee,Scotland
Dundrum Ni - Parking,Clough,Northern Ireland
Dundrum Nurseries,Tipperary,Ireland
Dundrum Rd.,Dundrum,Uk
Dunext Tomotoes Bv,Pijnacker,Holland
Dunfresh Fruidor,Loon Plage,France
Dunfresh,Loon-plage,France
Dunfrost,Dunkerque,France
Dunfrost,Loon Plage,France
Dungarvan Shellfish,Dungarvan,Ireland
Dungarvan-parking,Dungarvan,Ireland
Dunkerque Security Truck Stop,Dunkerque,France
Dunluain Foods C/o Dc Poultry,Rathcoole,Ireland
Dunluain Foods,Dunlavin,Ireland
Dunmanway Parking,Co. Cork,Ireland
Dunnes Central Distribution,Ashbourne,Ireland
Dunnes Dublin,Dublin,Ireland
Dunnes Stores C/o Wincanton Logistics,Dublin 11,Ireland
Dunnes Stores Head Office,Dublin Southside,Ireland
Dunns Food & Drink,Glasgow,Uk
Dunns Seafare Oceanpath-finglas,Jamestown Road,Ireland
Dunsters Farm,Bury,Uk
Durivaud To Morin,La Rochelle,France
Durivaud,La Rochelle,France
Dva Weighbridge (self Operated),Banbridge,Gb
Dvl,Swords,Ireland
Dvsa Checkpoint,Caergeiliog,United Kingdom
Dw Baybutt,Southport,Uk
Dyhrberg Ag,Balsthal,Switzerland
Dyhrberg,Kolliken,Switzerland
Dyhrberg,Boulogne-sur-mer,France
E Flahavans & Sons Ltd,Kilmacthomas,Ireland
E Hammond,London,Uk
E N D E R  Sl,20305 Irun,Spain
E N D E R  Sl C/o Stef Rungis,Rungis,France
E N D E R Sl,Orio,Spain
E Park & Sons,Macclesfield,Uk
E Park - Ward Farming Group,Leiston,Uk
E&b O'donnell Ltd,Letterkenny,Ireland
E- Fulfillment,Limerick,Ireland
E. Park & Sons Ltd,Cheshire,Uk
E.f.p International B.v,Poeldijk,Holland
E.f.p International Bv,Poeldijk,Holland
E.f.p International,Poeldijk,Holland
E.f.p. International Bv,Poeldijk,Holland
E.park & Sons Ltd,Newton,Uk
E238  Delanchy,Boulogne-sur-mer,France
E397,Boulogne-sur-mer,France
E464,Boulogne-sur-mer,France
E553,Boulogne-sur-mer,France
Eagle Overseas,Banbridge,Ireland
Eamon Mc Cahill,Lettermacaward,Ireland
Earl Beau Rivage,Saint Nazaire Sur Charente,France
Earl Beg Ar Vill,Landeda,France
Earl Bernard Via Le Cree La Rochelle,La Rochlle,France
Earl Bordieu Et Fils,Lamagistere,France
Earl Brefort Fabrice,Boulogne Sur Mer,France
Earl De Causse,Labastide Saint Pierre,France
Earl De La Pointe Aux Chevaux,Lege Cap Ferret,France
Earl De Pors-even,Ploubazlanec,France
Earl Du Grand Large,Blainville Sur Mer,France
Earl Fabrice Thomas,Bourcefranc-le-chapus,France
Earl Gilles Masse,Paimpol,France
Earl Grand Banc,Plougerneau,France
Earl Helie Et Fils,Saint Vaast La Hougue,France
Earl Huitres Gaboriau,Etaules,France
Earl Huitres Garnung,Lanton,France
Earl Huitres Goude,Cancale,France
Earl Huitres Nadeau,Dolus D'oleron,France
Earl Huitres Ricou,Chateau D’oleron,France
Earl Huitres Vernet,Bourcefranc-le-chapus,France
Earl Huitres Videau,St Trojan Les Bains,France
Earl Jacqueres D Oriola,Rue Brillat Savarin,France
Earl Jean Luc Tonneau,Le Vivier Sur Mer,France
Earl Kornog To Aquaculture Jaouen,Saint Philibert,France
Earl L'huitre Moreau,Moreau,France
Earl L'huitre Du Moustoir,Sur Mer,France
Earl La Raflot,Lestre,France
Earl Le Cha,Laneda,France
Earl Le Guen - Chaumard,Lanmodez,France
Earl Le Petit Mataret,La Tremblade,France
Earl Les 3b,Gujan-mestras,France
Earl Les Huitres De Sterec,Plougasnou,France
Earl Les Viviers Du Logeo,Sarzeau,France
Earl Morandeau P.b,Le Chateau D'oleron,France
Earl Ostrea Bon,Port De Paimpol,France
Earl Ostrex C/o Huitres Lambert,Bourcefranc Le Chapus,France
Earl Pain,Le Chateau D'oleron,France
Earl Quentin Leneveu,Plouhinec,France
Earl Rataud,Chaillevette,France
Earl Sim,Sonzay,France
Earl Thomas Christophe,Bourcefranc-le-chapus,France
Earl Tison,Lestre,France
Earl Varquez Morvan,Carantec,France
Earl You Pere Et Fils,La Rochelle,France
Earthridge International Limited,Maynooth,Ireland
Easdale,Bellshill,Uk
Easington Services Southbound,Seaham,Uk
East Coast Bakehouse,Drogheda,Ireland
East Coast Seafoods,Downpatrick,Northern Ireland
East Coast-millenium,Dublin,Ireland
East Cork Parking,Cork,Ireland
East Lothian Produce,Haddington,Scotland
Easton,Petersbourgh,Uk
Easycleaning Solutions,Thetford,Uk
Easydis Montbartier,Montbartier,France
Ebrofrost Germany Gmbh,Offingen,Germany
Eclipse Colour Print Ltd,Kettering,Uk
Ecosse Marine Limited,Falkirk,United Kingdom
Ecofish Sales Ltd,Boulogne,France
Ecofrost,Peruwelz,Belgium
Ecopipe Warehouse,Ballyboughal,Ireland
Ecopipe,Tullamore,Ireland
Ecosse Marine Ltd,Falkirk,Scotland
Ecotruck,Oudalle,France
Ecs Paneermeel Industrie Bv,Barneveld,Netherlands
Ecuashrimp,Cerea,Italy
Ecuashrimp - Unionfrigo S.r.l.,Chioggia,Italy
Ecuashrimp,Lughetto Ve,Italy
Ecuashrimp S.r.l. C/o Italfreddo,Formignana,Italy
Ecuashrimp,Azzano Decimo Pn,Italy
Ecuashrimp,Chioggia,Italy
Ecuashrimp,Lughetto,Italy
Edb Maree (mesguen),Boulogne-sur-mer,France
Edb Maree,Mondeville,France
Eddie Stobart Ltd,Northampton,Uk
Edeka Friesch,Hirschaid,Germany
Eden Farm Hulleys,Great Marlings,Uk
Eden Farm Hulleys,Sheffield,Uk
Eden Fruit,Saluzzo,Italy
Eden Valley Water,Cumbria,Uk
Edenys,Mudaison,France
Edmt,Saint-medard-d'eyrans,France
Edulis Lda,Olhao,Portugal
Edward Gallagher,Burtonport,Ireland
Edward Pearsons,Boston,Uk
Edward Transport,Stafford,Uk
Edwards Lifesciences Ireland Ltd,Plassey,Ireland
Edwards Transport,Market Drayton,Uk
Eensgezindheid Yersekee Bv,Yerseke,Netherlands
Efbs,Le Havre,France
Effin,Kilmallock,Ireland
Efp,Daventry,Uk
Egan's Ocean Fresh Ltd-dub,Dublin,Ireland
Egger Uk,Hexham,Uk
Ehd London,Middlesex,Uk
Ehd No. 1 Bond Ltd,Chilmark,Uk
Eiranova Fisheries Ltd,Castletownbere,Ireland
Eirespan - Molloy & Sherry Transport,Dublin City,Ireland
Eirespan Balla,Balla,Ireland
Eisbar Eis Produktions Gmbh,Plummendorf,Germany
Eisbär Eis Gmbh,Apensen,Germany
Eisken Estate,Breskens,Netherlands
Eismann C/o Rc Grob-gerau (mitte),Grob-gerau,Germany
Ek Produce,Glasgow,Uk
Ekko Fish Af 2002,Esbjerg,Denmark
El Cabo,Cantabria,Spain
Elafood,Boulogne Sur Mer,France
Elaskon Sachsen Gmbh & Co. Kg,Dresden,Germany
Elc Uk Ltd,Lichfield,Uk
Elc Uk,Aldridge,Uk
Eldon Electric,Rotherham,Uk
Eldon Electric,Sheffield,Uk
Elez - Pds Ltd,South Lanarkshire,Uk
Eli Lilly Kinsale Ltd,Little Island,Ireland
Eli Lilly S.a,Kinsale,Ireland
Elite Fine Foods,Newhaven,Uk
Elite Frozen Food Warehouse,Newhaven,Uk
Elite Fine Foods,Nuneaton,Uk
Elite Quality Meats (ryan Meats),Finglas South,Ireland
Elivia,Villers-bocage,France
Elkano,Getaria,Spain
Elle Et Vire,Conde-sur-vire,France
Elmar Frozen Foods S.l.u,Pontevedra,Spain
Elmar Frozen Foods,Barcelona,Spain
Elmar Frozen Foods,Spain,Spain
Elms Marketing,Macclesfield,Uk
Elsatrans Transport Logistics & Warehouse,Naas,Ireland
Elverys,Castlebar,Ireland
Ema Cargo West,Derby,Uk
"Emak, Spa",Pozzilli,Italy
Embutidos Caseros Collell,Girona,Spain
Embutidos Goika,Sanguesa,Spain
Embutidos Goikoa,Sanguesa,Spain
Emeraude Coquillages,Cancale,France
Emeraude Impex,St Malo,France
Emergosol,Fonte Grada,Portugal
Emirates Cargo,Swords,Ireland
Emirates Skycargo C/o Dnata,Paisley,Scotland
Emmaneaul Lambert,Bouin,France
Emmet Casey,Cromone,Ireland
Emmett Italia S.r.l,Contrada Quercia San Lorenzo,Italy
Emmett Italia Srl,Foggia,Italy
Emmi Dessert Italia,Lasnigo,Italy
Emmi Dessert,Gattico,Italy
Emmi Frischprodukte Ag,Lucerne,Switzerland
E N D E R Sl,"Madrid,",Spain
Ender C/o Olano Irun,Irun,Spain
Ender Sl,Irun,Spain
Ender Sl,Mercabarna,Spain
Enders C/o Transport Indo,Indo,Spain
J Bennett (billingsgate) Ltd,Enfield,Gb
Engert Gmbh,Breskens,Netherlands
Engie Charging Station,Seclin,France
English Provender Company,Thatcham,Uk
Enterfoods (fraserburgh),Fraserburgh,Scotland
J C S Fish Limited,Grimsby,Gb
Entrance Technology Services Ltd,Warrington,Uk
Entreposto Da Quinta Do Noval,Alijo,Portugal
Entrepot Decathlon,Evin-malmaison,France
Entrepot Frig Du Poher,Carhaix Plougue,France
Entrepot Logistique Reine De Dijon,Sombernon,France
Entrepot Pret A Manger,Le Plessis Pate,France
Entrepots Frigofriques Charite,Saules,France
Entreprot Sdpn,Le Portel,France
Entrepôt Decathlon,Evin Malmaison,France
Eoghan O Neill,Jonesborough,Northern Ireland
Eos,Banbridge,Northern Ireland
Eosta (nature & More) Bv,Waddinxveen,Holland
Epaflex Polyurethanes Spa,Cassolnovo,Italy
Eps Newark,Newark,Uk
E. Park & Sons Ltd,"Adlington,",Uk
Equi's Ice Cream,Rutherglen,Scotland
Eric Chagnoleau,Plouezoch,France
Eric Louis Sarl,Etaules,France
Eric Chagnoleau,Arvert,France
Eriks Integrated Solutions,Cork,Ireland
Erin Hampers,Blarney,Ireland
Erne Country Meats,Enniskillen,Northern Ireland
Erne Drinks Company,Navan,Ireland
Erne Mineral Water Company,Navan,Ireland
Ernell Nv,Temse,Belgium
Erp Poeldijk Packing Bv,Poeldijk,Holland
Errigal Bay Seafood,Donegal,Ireland
Erris Shellfish And Seaweed Products,BÉal An Átha,Ireland
Erwan Tonnerre,Lorient,France
Erzeugervermarktung Ost - Evo Gmbh,Dresden,Germany
Es Pl Sebares,Sebares,Spain
Esbo Castellbisbal,Castellbisba,Spain
Esca Srl - Frozen Foods,Controguerra,Italy
Esca Srl,Controguerra,Italy
Escal Escargot D Alsace,Duttlenheim,France
Escal Escargots D'alsace,Strasbourg,France
Escal Sa,Wimille,France
Escorxador Frigorific Reixach,Girona,Spain
Esg,Stoke On Trent,Uk
Esi Foods,Dublin,Ireland
Esi Technologies,Cork,Ireland
Eskimo,Bolougne Sur Mer,France
Espalmex S.l.,Seville,Spain
Esro Food Group,San Agustín De Guadalix,Spain
Esro Food Group,San Agustín De Guadalix,Spain
Esselunga,Pozzuolo Martesana,Italy
Esselunga,San Pietro All’olmo,Italy
Esselunga,Campi Bisenzio,Italy
Esselunga,Wimille,France
Essentia Protein Solutions,Birmingham,United Kingdom
Essentra Packaging Ireland,Dublin,Ireland
Essex Flour & Grain Company,Hackney,Uk
J Bennett (billingsgate) Ltd,Essex,Gb
Esso (bridge),Bangor,Uk
Esso (wrexham),Wrexham,Uk
Esso - Aire Du Fond Des Prés,Maroussis,France
Esso Bangor,Bangor,Uk
Esso Drongen Zuid,Ghent,Belgium
Esso Express Port De Cherbourg,Tourlaville,France
Esso Groot-bijgaarden Noord,Dilbeek,Belgium
Esso Oekene,Oekene,Belgium
Esso Service Station,Vironay,France
Esso Truckstop Roye,Roye,France
Esso Vosselaar Nord,Vosselaar,Belgium
Esso,Penmaenmawe,United Kingdom
Estacion De Servicio Repsol,Pontevedra,Spain
Estació De Servei Bp,Barcelona,Spain
Estación De Servicio Moeve,Trabazos,Spain
Mericq Innovation,Estillac,France
Eurotunnell,Calais,France
Eurotunnell,Folkestone,Uk
Etablissements Tessier Sa,St Just Luzac,France
Ethical Food Company,Teynahm,Uk
Ethigen Ltd,Glasgow,Uk
Ets Ancelin,Bourcfranc Le Chapus,France
Ets Clarinard Bastien Huîtres Et Moules,Saint-georges-d'oléron,France
Ets Fonteneau,Dolus D'oleron,France
Ets Gallard Matthieu,Bourcefranc-le-chapus,France
Ets Hamel Laurent,Sainte Marie Du Mont,France
Ets Jerome Gadiou,Angoulins,France
Ets Lamaison (etablissements'lamaison),La Tremblade,France
Ets Lejeune Denis,St Vaast La Hougue,France
Ets Lionel De Mee,Ploubazlanec,France
Ets Lionel Foucart,La Teste De Buch,France
Ets Masse Et Fils,Le Chateau D'oleron,France
Ets Monbrun,Blainville Sur Mer,France
Ets Noureau,Yves,France
Ets OstrÉicole Cadoret,Carantec,France
Ets Roland Lambert,Bourcefranc-le-chapus,France
Ets Roy,Saujon,France
Ets Sourbier Sebastien,Dolus D'oleron,France
Ets Thaeron & Son,Riec-sur-belon,France
Ets Verine To La Criee,La Rochelle,France
Ets Yves Papin,La Tremblade,France
Ettingshall Poultry,Wolverhampton,Uk
Ettingshall Poultry,Wolverhampton,Uk
Eugster/ Frismag Ag,Amriswil,Switzerland
Euronor,62200 Boulogne Sur Mer,France
Euro Transport & Logistics S.r.l.,Cesena (fc),Italy
Eurekatest,Wexford,Ireland
Eurial La Creche 2.0,La Creche,France
Eurilait,Shepton Mallet,Uk
Eurilate,Evercreech,Uk
Eurl Bouye C/o Maison Hurtaud,La Rochelle,France
Eurl Bouye,Saint Tropez,France
Eurl Bswines - Vins D'exception,Beaune,France
Eurl Fakhar Khalid,Boulogne-sur-mer,France
Eurl L'argonaute,Boulogne Sur Mer,France
Euro Car Parts Ltd.,Tamworth,Uk
Euro Car Parts,Santry,Ireland
Euro Coquillages Sarl,Dolus D'oleron,France
Euro Fish 2,Bierkowo,Poland
Euro Logistique Champagne,Cernay Les Reims,France
Euro Meats,Rathangan,Ireland
Euro Packaging Uk Limited,Yardley,Uk
Euro Pool System Uk Ltd,Doncaster,Uk
Euro Pool System,Doncaster,Uk
Euro Pool Systems,Bedford,Uk
Euro Vast Ltd,Liverpool,United Kingdom
Euro West,Poeldijk,Holland
Euroauctions Auctioneers,Mountrath,Ireland
Eurobarna Sl,Barcelona,Spain
Eurocontact C/o Entrepot Vega,Carquefou,France
Eurocontact C/o Trace & Co,Puceul,France
Eurocontact,Le Portel,France
Eurofish Napoli,Bacoli,Italy
Eurofreeze,Le Portel,France
Eurofrigo,Milano,Italy
Eurofrigo,Via Stoccolma,Italy
Eurofrigor,Controguerra,Italy
Eurofrost And Cb.s,Uzice U Prahy,Czech Republic
Eurofruitports,Beveren,Belgium
Eurogeneral Retail,Dubline,Ireland
Eurolink Food Transport Ltd,Navan,Ireland
Eurologistic Provence,Plan D Orgon,France
Euro Meatlink Ltd,Claudy,Northern Ireland
Eurofish Napoli,Boulogne-sur-mer,France
Euronor,Boulogne Sur Mer,France
Europa Foods Distribution Ltd - Coleraine,Coleraine,Northern Ireland
Europa Foods Limited,Rathcoole,Ireland
Europa Worldwide Logistics,Dartford,Uk
Europa,Hull,Uk
Europastraat 36,Meer,Belgium
Europastry,Rubi,Spain
Europastry,Vallmoll,Spain
Europe Retail Packing Poeldijk B.v.,Poeldijk,Netherlands
Europe Snacks,London,Uk
Europomella S.p.a.,Ferentino,Italy
Europool Systems,Horsens,Denmark
Euroroute  Logistics,Blanchardstown,Ireland
Eurospin Italia S.p.a.,Piattaforma Volla Frigo Sud Volla Cap 80040,France
Euroterminal,Mouscron,Belgium
Eurotrans Express Ltd,Wednesbury,Uk
Eurowrap Ltd,Skelmersdale,Uk
Ev Cargo,Ashby De La Zouch,Uk
Eveno Coquillages,La Rochelle,France
Eveno Coquillages C/o Maison You,La Rochelle,France
Event_hi_wv11_1xr_781,Wolverhampton,Uk
Esp Specialist Packaging Ltd,Witham,England
Evesham Vale Growers,Evesham,Uk
Evesham Vale Growers,Evesham,Uk
Evison Brothers Ltd,Hull,England
Evolution Vending,Mogugno,Italy
Evron Foods,Portadown,Northern Ireland
Farne Salmon & Trout Ltd,Glasgow,Scotland
J Bennett (billingsgate) Ltd,Glasgow,Gb
Lossie Seafoods Ltd,,Gb
Labeyrie Fine Foods France,Larkhalll,Uk
Aquascot Ltd,,Gb
Casey's Salmon Ltd,,Gb
Macmillan Foods,,Gb
Westcoast Seafood E.k,,De
Kerry Fish (ire) Unlimited Company,,Ie
Keohane Seafood Ltd,Bellshill,Gb
Macmillan Foods,Cairndow,Gb
Cash Sale,,Gb
Ex Sca,Tilbury,Uk
Excellence Limited,Dublin,Uk
Excelsior Roto Moulding Limited,Bury,Uk
J Bennett (billingsgate) Ltd,Grimsby,Gb
C Sinclair Fish Ltd,Glasgow,Gb
Exelby Services - Golden Fleece (carlisle),Carlisle,Uk
Exelby Services,Castleford,United Kingdom
Exertis Ireland Limited,Clondalkin,Ireland
Exertis Limited,Burnley,Uk
Expert Export,Rungis,France
Exploitacions Marines Fangar,Barcelona,Spain
Exploitacions Marines Fangar,Barcelona,Spain
Exploitation Huitres Famille Le Corre,La Flotte,France
Express Food Service,Londonderry,Northern Ireland
Exsa Europe B.v.,Elshout,Netherlands
Extons Direct,Manchester,Uk
Extons Foods,Shropshire,Uk
Extra Services,Peterborough,Uk
Extris Ireland Ltd,Clondalkin,Ireland
Extris Uk Limited,Burnley,Uk
Delpeyrat Sas,,France
Ez Living,Dublin 15,Ireland
Ez Living,Swords,Ireland
Ezy Edinburgh,Edinburgh,Uk
F Brown Ltd,Carlisle,England
F S H Trading L.l.c-wfs Emirates,Dublin Airport,Ireland
F. Bender Ltd,Wrexham,Uk
F.lli Terzi Srl,Porto Viro,Italy
F.w. Mansfield & Son,Canterbury,Uk
F091 (delanchy),Boulogne-sur-mer,France
F247,Boulogne-sur-mer,France
F397,Boulogne-sur-mer,France
F417,Boulogne Sur Mer,France
F470,Boulogne-sur-mer,France
F546,Boulogne-sur-mer,France
F683,Boulogne-sur-mer,France
Fa Gill Sausage,Wolverhampton,Uk
Fa. G. De Jong,Leerbroek,Netherlands
Fabfinds,Leicester,Uk
Fabrica Granier,Vilanova I La Geltru,Spain
Fage Sa,Metamorfosi,Greece
Faherty Wholesale,Oughterard,Ireland
Fair Connection,Ridderkerk,Holland
Fairgreen Ingredients,Tipperary Town,Ireland
Fakenham Frozen Foods,Fakenham,Uk
Falfish Limited,Redruth,Uk
Famalco Huis,Prinsenbeek,Netherlands
Familia Torres - Logistica,Parc Del Penedes,Spain
Fanfruit Ltd,Charleville,Ireland
Fanqie Molenaar Glasshouse,Berkel En Rodenrijs,Netherlands
Fantini Wines,Ortona,Italy
Fao27 / Nordvik,Boulogne Sur Mer,France
Fao27 / Nordvik,Boulogne,France
Fao27 C/o John Driege,Boulogne,France
Fao27 Ltd,Le Portel,France
Ftlm Ltd,Oranmore,Galway
Fareva Cosmeva,Savigny-le-temple,France
Farggi Menorquina,Palau-solita I Plegamans,Spain
Farland Creek Oysters-mcdaids Yard,Donegal,Ireland
Farm - Tbc,Carrigeen,Ireland
Farm Fresh Produce Co-op Society Ltd,Tipperary,Ireland
Farm Frites Bv,St. Truiden,Belgium
Farm House Foods,Dunshaughlin,Ireland
Farm Pack B.v.,Kapelle,Netherlands
Farmfoods Limited,Solihul,Uk
Farmfoods Ltd,Bristol,Uk
Farmfoods,Warrington,Uk
Farmfoods,Cumbernauld,Scotland
Farmfoods,Cumbernauld,Gb
Farmland Fleisch Gmbh,Kehl - Auenheim,Germany
Farmlay Eggs,Armagh,Northern Ireland
Farmlay Eggs,Strichen,Scotland
Farne Salmon & Trout Ltd,Larkhall,Scotland
Farrell Consumer Trading,Dublin,Ireland
Faserbeton Uk Ltd,Stafford,Uk
Fast Logistics Cargo Transport,Northampton,Uk
Faster S.r.l,Ferrara,Italy
Fastnet Fish Ltd T/a The Great Grimsby Fish Co,Hull,Gb
Fastway Couriers Ltd,Portarlington,Ireland
Fattorie Garofalo Sca,Capua,Italy
Fauconnier,Mal De Lattre De Tassigny,France
Faughnan - More Choice Ltd,Carrick-on-shannon,Ireland
Fawsitt Fish,London,Uk
Fawsitt Fish,Billingsgate,Gb
Fayco Engineering,Dublin,Ireland
Fayrefield Foods Ltd,Crewe,Uk
Fb Coquillages,Boulogne-sur-mer,France
Fbc C/o Drummond Distribution,Bathgate,Uk
Fbc Uk C/o Drummonds,Bathgate,Scotland
Fbc Uk Livingston Rm,Livingstone,Scotland
Febvre & Company Limited,Dublin,Ireland
Federic Regnier,Saint-vaast-la-hougue,France
Felix Solis Avantis,Valdepenas,Spain
Fenelons Butchers Ltd,Stillorgan,Ireland
Fenland Haulage & Storage,Wisbech,Uk
Fergal Havin/ Tully Shellfish,Donegal,Ireland
Fergus Engineering Limited,Ennis,Ireland
Ferme Aquacole De Dardenne,Bourcefranc-le-chapus,France
Ferme Marine Paimpolaise - Bar A Huitres,Paimpol,France
Fermoy Services,Fermoy,Ireland
Fermoy Woodland Nurseries,Fermoy,Ireland
Fernando Vazquez Sl,Boulogne Sur Mer,France
Ferndale Pharmaceuticals (aestheticare),Thorp Arch,Uk
Fernway Ltd,Leeds,Uk
Ferr-ittica Srl,Piove Di Sacco Pd,Italy
Ferre I Catasus Sl,La Granada,Spain
Ferreo,Northampton,Uk
Ferrer,Barcelona,Spain
Ferrero France S.a.,Villers Ecalles,France
Ferrero Thorntons Plc,Alfreton,Uk
Ferrero,Alba,Italy
Ferrybridge Moto,Knottingley,Gb
Ferryfast,Pershore,Uk
Ferryspeed Ltd,Portsmouth,Gb
Ffg Maree,Boulogne-sur-mer,France
Ffl/2fl,Rungis,France
Fg Tansley,Crowland,Uk
Fgut Fleischwaren Gmbh,Berbersdorf,Germany
Fgut Berbsdrof C/o Beno Trans,Erfurt,Germany
Franken-gut Fleischwaren Gmbh,Nuremberg,Germany
Fibreline Limited,"Keighley,",United Kingdom
Fiducial Expertise Loudeac,Loudeac,France
Fiege Logistik,Rangsdorf,Germany
Fife Creamery Ltd,Kirkcaldy,Scotland
Fileni Alimentare Spa,Cingoli,Italy
Filpromer - Neptune,Cherbourg-en-contentin,France
Fincibec,Roteglia Re,Italy
Fincibec,Sassuolo Mo,Italy
Fine Food Dining,Western Industrial Estate,Ireland
Fine Foods Distribution,Pendlebury,Uk
Finittica Provinciale,Province Of Ferrara,Italy
Finlay Beverages Ltd,South Elmsall,Uk
Finlays - Fresh Foods,Derry,Northern Ireland
Finlays,Moira,Ireland
Finmar Srls,Bari,Italy
Finsbury Food Group,Motherwell,Scotland
Finsterwalder Transport And Logistik,Zeithain,Germany
Fioravanti Srl,Corana,Italy
Fiore S.r.l,Ortona,Italy
Fiorini,Trecastelli An,Italy
Fiorital S.p.a.,Boulogne-sur-mer,France
Fiorital Spa,Venezia,Italy
Fiorital,Boulogne Sur Mer,France
Fira Barcelona Gran Via,Barcelona,Spain
First Atlantique,Colombelles,Scotland
First Milk Cheese Ldc,Wigton,Uk
Fish Brenne,Boulogne Sur Mer,France
Fish Market Sogemi,Milano,Italy
Fish Srl,Boulogne Sur Mer,France
Fish's King 2 Srl,Somma Vesuviana,Italy
Fisherman,Cromane,Ireland
Fishery Fine Foods Limited,Naas,Ireland
Fishline (delanchy),Boulogne-sur-mer,France
Fishline,Boulogne Sur Mer,France
Fit Gmbh,Zittau,Germany
Fitfood,Tournai,Belgium
Fitzers Catering,Leopardstown Racecourse,Ireland
Fitzgerald Nuseries,Kilkenny,Ireland
Fitzgeralds Family Bakery,Midleton,Ireland
Fitzpatrick Oysters,Wellingtonbridge,Ireland
Fitzpatrick,Dublin,Ireland
Five Star Fresh Ltd,Bradford,Uk
Fix Fish,Mv Rijnsburg,Netherlands
Fj Byrne & Company Ltd,North Road,Ireland
Fjg Logistics Sofina,Scunthorpe,Uk
Fjg Logistics,Scunthorpe,Uk
Fjord Import,St Martin Les Boulogne,France
Fjord Import C/o Norfrigo 6,Le Portel,France
Fjord Import Norfrigo 9,Wimille,France
Fjord Import,Le Harve,France
Fjord King,Boulogne-sur-mer,France
Fjord King,Choisy-le-roi,France
Finnlines,Rosslare,Ireland
Finnlines,Zeebrugge,Belgium
Flahavan’s,Co. Waterford,Ireland
Flamingo Flowers (spalding),Spalding,Uk
Flamingo Flowers,Sandy,Uk
Flamingo Westside,Spalding,Uk
Flatfish Limited C/o Dfds,Larkhall,Uk
Fleet Services Northbound,Fleet,England
Fleetwood Fish Market,Fleetwood,Uk
Oban Fish Selling Co Ltd,Fleetwood,Gb
Fleischwerk Weibenfels Gmbh,Weissenfels,Germany
Fleming Howden,Newbridge,Uk
Fleury Michon C/o Sofrilog Pouzauges Gare,La Meilleraie-tillay,France
Flex Ltd,Cork,Ireland
Flexeserve,Hinckley,Uk
Fli,Beverley,Uk
Flood Precast Ltd,Oldcastle,Ireland
Floralinc,Spalding,Uk
Florette,Lichfield,Uk
Flowertrucks Oy,Bleiswijk,Netherlands
Fls Furness Lagerhaus & Spedition,Pratteln,France
Flynn's Fine Food,Roslea,Northern Ireland
Fm Logistic Tuchomerice,Tuchamerice,Czech Republic
Fm Logistics,Escrennes,France
Fm Meat,Leper,Belgium
Fmb Monaco-delanchy (copromer),Boulogne-sur-mer,France
Fmb Monaco,Monaco,France
Focean,Boulogne-sur-mer,France
Focean,Boulogne-sur-mer,France
Focused Nutrition,Cheshire,Uk
Fold Hill Foods,Boston,Uk
Folkestone Services,Hythe,Uk
Followfood Gmbh,Plunge,Lithuania
Folláin Teoranta,Chorcai,Ireland
Fontestad Sa,Museros,Spain
Food Choice General C/o K&n Heathrow,London,Uk
Food Designer B.v.,Amsterdam,Netherlands
Food Options,Livingston,Uk
Food Service Logistics,Hemel Hempstead,Uk
Food Surplus Management,"Trim,",Ireland
Foodcloud Hub,Ballytrasna,Ireland
Foodcloud Hub,Tallaght,Ireland
Foodcloud Hub,Oranmore,Ireland
Foodex,Wimille,France
Foodpack Ltd,Saint Helens,Uk
Foodstores Ltd,Aberdeen,Uk
Forestview Mushrooms,Dungannon,Northern Ireland
Forma Italiana,Villamaggiore - Lacchiarella,Italy
Formula Services,Ellesmere Port,Uk
Foro Maree La Rochelle,Boulogne-sur-mer,France
Foro Maree La Rochelle,Boulogne-sur-mer,France
Foro Maree La Rochelle,La Rochelle Cedex 01,France
Fortec Distribution Network,Watford Gap,Uk
Forthglade Foods Ltd,Okehampton,Uk
Fortune Ltd,Naas,Ireland
Foulger Transport,Snetterton,Uk
Fountain Foods,Wisbech,Uk
Fountain Fresh Imports Ltd,Wisbech,Uk
Four Fish,Colturano,Italy
Four Fish Ike Cavriagio,Cavriagio (re),Italy
Four Fish,Montaletto Ra,Italy
Four Leaf C/o Galway Bay Seafoods,Galway,Ireland
Four Leaf Clover,Galway,Ireland
Fowler Welch (evesham),Evesham,Uk
Fowler Welch Coolchain,Portsmouth,Uk
Fowler Welch Coolchain,Tonbridge,Uk
Fowler Welch Depot,Teynham,Uk
Fowler Welch Lutterworth,Lutterworth,Uk
Fowler Welch,Alconbury,Uk
Fowler Welch,Lincs,Uk
Fowler Welch,Portsmouth,Uk
Fowler Welch,Spalding,United Kingdom
Fowler Welch,Washington,Uk
Fowler Welsh,Aylesford,Uk
Fox's Burtons,Blackpool,Uk
Foyle Food Group,Carrigans,Ireland
Foyle Food Group,Omagh,Uk
Foyle Meats Ltd,Derry,Northern Ireland
Foyle Oysters Limited (mark Steel),Redcastle,Ireland
Foylemore Oysters,Derry,Northern Ireland
Fps,Rotheram,Uk
Fra.sped,Bari,Italy
Frais Embal (delanchy),Boulogne-sur-mer,France
Frais Embal (stef),Boulogne-sur-mer,France
Frais Embal,Boulogne-sur-mer,France
Frais Embal,Boulogne-sur-mer,France
Frais Embal,Calais,France
Framar Srl,Porto Viro,Italy
Frampton And Babel Ltd,Hazelbury Bryan,Uk
Framptons Iberica,Parets Del Valles,Spain
France Naissain,Bouin,France
France Pare - Brise / Yannick Raoult,Langueux,France
Francefish,Bologne Sur Mer,France
Francois Lemoigne,Ploubazlanec,France
Frank Bird Poultry Ltd,Penrith,Uk
Frank Casey (casey's Salmon Ltd),Strabane,Uk
Frank Clarke & Sons,Cullompton,Uk
Frank O'dwyer (ilen Oysters Ltd),Skibbereen,Ireland
Frank O'dwyer,Skibereen,Ireland
Frankfurt & Koning,Venlo,Holland
Franky Vanacker,Loker,Belgium
Aquascot Ltd,,Gb
Fraserburgh Fish Market,Fraserburgh,Uk
Fraserburgh Freezing,Fraserburgh,Scotland
Frais Embal,"Boulogne-sur-mer,",France
Fratelli D’andria,San Vito,Italy
Fratelli D’andria C/o Le Belier By Delanchy,Boulogne-sur-mer,France
Freeburn Transport Ott,"Ballycullen Road, Moy",Northern Ireland
Fresh Cut Foods Ltd. (ire),Glasnevin,Ireland
Fred Bonnieu,Gujan-mestras,France
Frederic Maillard,Saint Vaast La Hougue,France
Frederic Mury,Fecamp,France
Frederic Regnier,Saint- Vast- La- Hougue,France
Frederic Smart And Son Ltd,Cambridge,Uk
Frederick Hiam Foods,Brandon,Uk
Frederick Labadie,Saint Jean De Marsacq,France
Fredist Sl,Masoes De Voltrega,Spain
Freegel Srl,Cesena,Italy
Freight Line Europe Bv,Maasdijk,Holland
Freight Transport Ltd,Portsmouth,Uk
Freil Oysters (shaun Friel),Cardonagh (mcdaids Yard),Ireland
Frejus Tunnel France To Italy,Modane,France
Frejus Tunnel Italy To France,Bardonecchia,Italy
Fresenius Kabi De Gmbh,Friedberg,Germany
Fresenius Kabi Ltd. & Calea,Runcorn,Uk
Fresh 2 U,Newry,Northern Ireland
Fresh Cut Foods,Glasnevin,Ireland
Fresh Direct,Wigan,Uk
Fresh Express Llc,Dawley Park,England
Fresh Express Llc,Hounslow,Uk
Fresh Express Llc,Dublin Airport,Ireland
Fresh Express Llc 1,London,Uk
Fresh Express Llc C/o Jenkinson Logistics,Cloghran,Ireland
Fresh Express Llc France,Rungis,France
Fresh Express Llc,Le Havre,France
Fresh Food Company Cumbernauld,Cumbernauld,Scotland
Fresh Island Ff,Sheffield,Uk
Fresh Pack Logistics 2,Rotterdam,Holland
Fresh Produce And Groceries Uk Ltd,Southall,Uk
Fresh Service Ltd,Dartford,Uk
Fresh Service Ltd,Henley Rd,Uk
Fresh Tom Export Sl,Pechina,Spain
Fresh Warehousing Bv,Meer,Belgium
Fresh Ways,Burago Di Molgora,Italy
Fresh2you Log,Barndrect,Netherlands
Freshcatch,Yerseke,Netherlands
Freshgard,Barendrecht,Netherlands
Freshlinc,Grantham,Uk
Freshlinc,Spalding,Uk
Freshpack N6,Le Portel,France
Freshpack,Wimille,France
Freshways Food Co,Finglas,Ireland
Freshways / C&c,Dublin,Ireland
Frestia-vitapep Packing Bv,Honselerdijk,Holland
Fresystem Spa,Caivano,Italy
Fri-agra,Molenbeek-saint-jean,Belgium
Fripozo,Murcia,Spain
Frial Cofa,Bayeux,France
Frial Sas,Wimille,France
Fribin,Binefar,Spain
Fridocks S.r.l.,Pozzolo Formigaro (al),Italy
Fridock’s Frigoriferi,Castelvetro Piacentino (pc),Italy
Friebinger Muhle Gmbh,Bad Wimpfen,Germany
Frieden Limited,Wisbech,Uk
Friendship And Wines,Sauveterre-de-guyenne,France
Friesland Campina,Heerenveen,Netherlands
Frigaurda C/o Norfrigo 9,Wimille,France
Frigo Breda Bv,Breda,Netherlands
Frigo Caserta,Caserta,Italy
Frigo Genova,Vado Ligure (sv),Italy
Frigobotana,A Coruna,Spain
Frigocaserta,Gricignano Di Aversa,Italy
Frigodis,El Porrino,Spain
Frigologix,Val-de-meuse,France
Frigonor Logistiques,Montigny-en-gohelle,France
Frigorgiano S.r.l.,Orgiano,Italy
Frigorgiano Srl,Orgiano,Italy
Frigorgiano,Orgiano,Italy
"Frigorifica Botana,s.a.",A Coruna,Spain
Frigorificcs Ferrer,Vic,Spain
Frigorifico Pesmar,Pontevedra,Spain
Frigorificos De Vigo S.a,Vigo,Spain
Frigorificos De Vigo Sa,Vigo (pontevedra),Spain
Frigorificos De Vigo,Vigo,Spain
Frigorificos Gelada,Argelaguer,Spain
Frigorificos Marbamar,Alicante,Spain
Frigorificos Triton,Pontevedra,Spain
Frigorifics Ferrer,Barcelona,Spain
Friguarda Norfrigo 9,Wimille,France
Friguarda,Boulogne Sur Mer,France
Friguarda,Sao Juliao Do Tojal,Portugal
Frimar Panaderos Centro Vilamalla,Vilamalla,Spain
Frimarc C/o  Norfrigo 9,Wimille,France
Frimarc,Lote D,Portugal
Frime Sau,08040,Spain
Arcticfish C/o Frimercat,Barcelona,Spain
Frio Burgos,Bajo,Spain
Friotea S.l,Pontevedra,Spain
Frioteis,Vigo,Spain
Frip Finishing Ltd,Redditch,Uk
Frischli Milchwerke Gmbh,Rehburg Loccum,Germany
Fritz Vieh- Und Fleischhandels Gmbh,Pulheim,Germany
Friulpesca (med Sealog),Boulogne-sur-mer,France
Friulpesca (s.r.l),Udine,Italy
Friulpesca Srl (alemar Srl),Torre Di Mosto,Italy
Friulpesca Srl,Chioggia,Italy
Friulpesca Srl,Marano Lagunare,Italy
Friulpesca Srl,Venezia,Italy
Friulpesca // Medesealog,Boulogne Sur Mer,France
Zuvela D.o.o- Med Sealog,Venezia,Italy
Froid Litoral,La Rochelle,France
Fromagerie Bel Evron,Evron,France
Fromagerie Bel,Sable Sur Sarthe,France
Fromageries Bel Clery,Clery Petit,France
Fromageries Riches Monts,Pace,France
Froneri France,Plouedern,France
Froneri,Araia,Spain
Froneri,Ferentino,Italy
Frosta Ag,Bremerhaven,Germany
Frostfood A.s,Rokytnice V Orlickych Horach 41,Czech Republic
Frostkrone Tiefkuhlkost,Paderborn,Germany
Froxa S.a.,Santiago De Cartes,Spain
Froza,Cantabria,Spain
Frozen Bv,Urk,Holland
Frubona,Bolzano,Italy
Fruidor,Reze,France
Fruit Logic Limited,Crayford,Uk
Fruit-en Boomkwekerij Brokken,Horssen,Holland
Fruitbedrijf Kattevelt,Werkhoven,Holland
Fruitiful Office,Croydon,Uk
Fruitland Sp. O.o.,Sohaczew,Poland
Fruitlogipack Bv,Barendrecht,Netherlands
Fruitmasters,Geldermalsen,Netherlands
Fruitport,Port Saint Marie,France
Fruitpro,Ridderkerk,Holland
Fruits Of Lebanon Limited,Southall,Uk
Fruitstation Janny Van Arkel,Buurmalsen,Holland
Fruitstation Van Arkel,Buurmalsen,Holland
Fruitstation Van Arkel,Eck En Wiel,Holland
Fruitteeeltbedrijf J.c Vernooij,Werkhoven,Holland
Frukar Bv,Rotterdam,Holland
Frutalvor Crl,Salir De Matos,Portugal
Frutas Antonio,Barcelona,Spain
Frutus,Peral,Portugal
Frutus-season Fruit Bowl From Montejunto Crl,Figueiros,Portugal
Fruver Soc.coop.agr,Salerno,Italy
Fruvo Bv,Krabbendiike,Holland
Aquascot Ltd,Alness,Scotland
Fsb Piekarnia Strzegom Sp. Zoo,Strzegom,Poland
Fsm Mallow,Mallow,Ireland
Fu Foong Food Co Ltd,"New Taipei City,",Taiwan
Fuchs Lubricants Uk,Stoke On Trent,Uk
Fudo,Kaunas,Lithuania
Fuji Oil Europe,Gent,Belgium
Fulfilrr,Northampton,Uk
Fullers Food Int. Plc,Boroughbridge,Uk
Funtasia Theme Park | Drogheda,Drogheda,Ireland
Furic Maree (john Driege),Boulogne-sur-mer,France
Furic Maree (mesguen),Boulogne-sur-mer,France
Furic Maree C/o Viviers De Locarec,Penmarch,France
Furic Maree,Terre- Plein Port,France
Furic Solutions (john Driege),Boulogne-sur-mer,France
Furlotti & C. Srl,Parma,Italy
Fusion Logistics,Annacotty,Ireland
Futur Pesca C/o Gemar Frigo S.r.l,Naples,Italy
Futura Foods Wales Ltd,Penrhyndeudraeth,Uk
Future Forests Garden Centre,Bantry,Ireland
Future Nutrition Limited,Enniscorthy,Ireland
Fx Buckley,Rathcoole,Ireland
Fíbín Media,Baile Na Habhann,Ireland
G R & C M Cartwright & Son,Condover,Uk
G Simmons & Sons,Walsall,Uk
G Tyres Ltd (wholesale Dealer),Uxbridge,Uk
G&j Jack Seafoods,Fraserburgh,Scotland
G&j Jack,Shoreham,Uk
G&m Gourmet Gmbh,Bonningham,Germany
G&w Produce Ltd,Norfolk,Uk
G's Fresh,Ely,Uk
G's Littleport Mushroom Farm,Ely,Uk
G's Fresh,Ely,Uk
G. Elliot & Sons C/o Ott Dublin,Hollystown,Ireland
G. Elliot & Sons,Dublin City,Ireland
G.e. Healthcare,Carrigtwohill,Ireland
G181,Boulogne-sur-mer,France
G390  (delanchy),Boulogne-sur-mer,France
G615,Boulogne-sur-mer,France
G648 (delanchy),Boulogne-sur-mer,France
G682,Boulogne Sur Mer,France
G815,Boulogne-sur-mer,France
Gaboriau C/o Earl You Pere Et Fils,La Rochelle,France
Gaboriau Christophe,Dolus D'oleron,France
Gad,Josselin,France
Gadus  (driege),Boulogne-sur-mer,France
Gadus,81-029 Gdynia,Poland
Gaec Cart,Montauban,France
Gaec La Belle Du Ronquet,Blainville-sur-mer,France
Gaec La Bien Assise,Chateau D'oleron,France
Gaec La Tatihou,Saint-vaast-la-hougue,France
Gaec Maison Molen,La Teste De Buch,France
Gaec Mureau,"Bourcefranc-le-chapus,",France
Gaec Pattedoie Pere Et Fils,Saint-pierre-d'oléron,France
Gaec Saint Marguerite,La Ville-dieu-du-temple,France
Gael Donce,Port Des Barques,France
Gahan Meats Limited,Finglas,Ireland
Galberts Food Products Ltd,Trench Road,Northern Ireland
Galfrio,Estribela,Spain
Galileo Lebensmittel Gmbh & Co. Kg,Trierweiler,Germany
Galina Perrot Sa,Jaudy,France
Gallagher Bros. & Ocean Farm Ltd.,Killybegs,Ireland
Gallen Concarneau (via Mesguen) - Boulogne-sur-mer,Boulogne-sur-mer,France
Gallen Erquy *via Mesguen*,Boulogne-sur-mer,France
Galmere Fresh Foods,Galway,Ireland
Galp Services,Salamanca,Spain
Galvanina Spa,Rimini,Italy
Galway Bay / Seaspray,Moycullen,Ireland
Galway Bay Brewery Co Ltd,Oranmore,Ireland
Galway Bay Seafoods,Galway,Ireland
Galway Bay Seafoods C/o Keohane,Bantry,Ireland
Galway Bay Seafoods C/o Ott Galway,Moycullen,Ireland
Galway Bay Seafoodsc (seaspray),Leitir Moir,Ireland
Galway Bay Seafoods,Co. Galway,Ireland
Galway Bay Seafoods,Lettermore,Ireland
Galway City,Galway City,Galway City
Galway Craft Beers Ltd,Oranmore,Ireland
Galway Gourmet Oysters Ltd,Oranmore,Ireland
Galway Hooker Brewery,Galway,Ireland
Galway Plaza,Athenry,Ireland
Galway Plaza Parking,Kiltullagh,Ireland
Galway Racecourse,Galway,Ireland
Galway Truck Centre,An SaighleÁn,Ireland
Gama Ltd,Edmonton,Uk
Gamersheek Warehouse,Glasgow,Uk
Gamma Plastic Srl,Limena,Italy
Gandolfi S.r.l,Nola,Italy
Gannet Fish Mongers,Galway,Ireland
Gappa Food,Los Angeles,Us
Gar Wash,Boulogne Sur Mer,France
Garage Bonniere Sarl,Essarts En Bocage,France
Garden Of Eden Herbs,Rush,Co. Dublin
Gargill,Izegem,Belgium
Garret Farming,Kings Lynn,Uk
Garreth Thompson C/o O'toole Transport,Hollystown,Ireland
Gary Craven C/o Gb Seafoods,Galway,Ireland
Gary Craven C/o Mary's Fish,Galway,Ireland
Gary Creaven,Galway,Ireland
Gary Harty C/o Ott Moycullen,Moycullen,Ireland
Gary Harty Maree,Oranmore,Ireland
Gary Lamph,Carlingford,Ireland
Gary Smith C/o Alan Rankin,Muff,Ireland
Gary Smith,Quigleys Point,Ireland
Gaskains,Selling,Uk
Gate Gourmet Ireland,Swords,Ireland
Gavignaud Maree Services,Boulogne Sur Mer,France
Gavignoud,Boulogne Sur Mer,France
Gazebo Fashion & Fragrance Srl,Sommacampagna,Italy
Gc Crustaces,Saint Malo,France
Gc Distribution,Chafford Hundred,Uk
Ge Health Ireland,Carrigtohill,Ireland
Sundry 01,Moycullen,Ireland
Gearoid Breathnach - Collection In Ott - Mo,Moycullen,Ireland
Gearoid Breathnach C/o Ott Galway,Moycullen,Ireland
Gebr. Murre,Yerske,Netherlands
Four Seasons Fruit Supply Bv,Barendrecht,Holland
Gedesco Sa,Barcelona,Spain
Gefco Ellesmere Port,Ellesmere Port,Uk
Geis Industrie-service Gmbh Tanna,Tanna,Germany
Gel Group S.c.r.l,Teolo Pd,Italy
Gel Group,Gizzeria,Italy
Gelagri,Loudeac,France
Gelazur,Loon-plage,France
"Gelazur , Norfrigo 10 Dunkerque",Loon-plage,France
Gelfish Sa C/o Eurofreeze,Le Portel,France
Gelfish Valofish,Boulogne-sur-mer,France
Gelostock,Boulogne Sur Mer,France
Gelpeixe,Boulogne-sur-mer,France
Gelpeixe,"Guidões,",Portugal
Gelpeixe,Loures,Portugal
Gelpeixe,Guidoes,Portugal
Gelpeixe,Vigo,Spain
Gelpeixe,Wimille,France
Gelpexie C/o Stef,Vn Gaia,Portugal
Gelpexie,St. Julian Of Tojal,Portugal
Gelpiave,Piavon Di Oderzo,Italy
Gem Pack Foods,Dublin,Ireland
Gemar Pesca Srl,Napoli,Italy
Generalfrigo,Melzo,Italy
Genius,Bathgate,Scotland
Geo Coli Srl,Artegna,Italy
Geo Truck Parking,Casatisma,Italy
Geodis Bishopsgate Limited,Warrington,Uk
Geodis Gb,Leicester,Uk
Geodis Ireland Limited,Dublin,Ireland
Geodis Logistics Evry,Lisses,France
Geodis Logistics,Dublin,Ireland
Geodis,Warrington,Uk
Geodis/ Llorente Customs Agency,La Jonquera,Spain
Geofret C/o Sdpn,Le Portel,France
"Geofret, C/o Jet Freeze",Boulogne Sur Mer,France
George Allinson Transport Ltd,Darlington,Uk
George Baker (europe) Ltd,Bentwaters,Uk
George Baker Shipping Ltd,Felixstowe,Uk
George Doherty,Muff,Ireland
George Ln6,Lincolnshire,Uk
George Mc Daid (mc Daids)-carndonagh,Carndonagh,Ireland
George Thompson Farm,Spalding,Uk
Ger Mc Nulty,Mulranny,Ireland
Ger O Sullivan,Cromone,Ireland
Ger Reilly Mushrooms,Athlone,Ireland
Geraldine Bass T/a The Old Millbank Smokehouse,Buttevant,Ireland
Geraldine Bass C/o Clarkes Seafood,Ballina,Ireland
Gerard Berigan,Dunboyne,Ireland
Gerard Casey (kc Premium),Cromone,Ireland
Gerlach Ag,Weil Am Rhein,Germany
German Salami,Dundalk,Ireland
Gerry Ellis & Sons (fresh Today),Avra,Ireland
Gerry Joyce Meats,Castlebar,Ireland
Gerry Keane Ltd,Dublin,Ireland
Gfm (brings),Boulogne-sur-mer,France
Gfs,Warrington,Uk
Ghorban Global Gmbh,Hilden,Germany
Ghs Classic /drinks Ltd,Dublin City,Ireland
Gidran D.o.o.,Duga Resa,Croatia
Gielda Kaliska,Kalisz,Poland
Gilberts,Blackpool,Uk
Gilfresh Produce Ltd,Armagh,United Kingdom
Gilfresh Produce,Loughgall,Northern Ireland
Gillardeau North Brittany Loading,Plougerscant,France
Gilles Et Cie,Boulogne Sur Mer,France
Gilles Masse,Dolus D'oleron,France
Gilles Masse,Dolus D'oleron,France
Gilles Masse C/o Mesguen Paimpol,Paimpol,France
Gilmour Butchers,Tranet,Scotland
Giorgio Gori,Oppeano,Italy
Girones Nadal,La Jonquera,Spain
Girvan Harbour,Girvan,Scotland
Gist - Cumbernauld,Glasgow,Scotland
Gist Andover,Andover,Uk
Gist Carlisle,Carlisle,Uk
Gist Chesterfield,Chesterfield,Uk
Gist Crewe,Crewe,Uk
Gist Cumbernauld Westfield,Cumbernauld,Scotland
Gist Distribution Ltd,Dublin City,Ireland
Gist Enfield,Enfield,Uk
Gist Hemel,Hemel Hempstead,Uk
Gist Limited,Faversham,Uk
Gist Limited,Nuneaton,Uk
Gist Limited,Thatcham,United Kingdom
Gist Ltd,Cumbernauld,Uk
Gist Ltd,Enfield,Uk
Gist Ltd,Glasgow,Uk
Gist Ltd,Spalding,Uk
Gist Wardpark,Cumbernauld,Scotland
Gist,Barnsley,Uk
Gist,Barnsley,United Kingdom
Gist,Basinstoke,Uk
Gist,Coventry,Uk
Gist-enfield,Enfield,Uk
Gist,Motherwell,Uk
Gizzi Cash & Carry,Bellshill,Scotland
Gja Pamplona Sl,Boulogne Sur Mer,France
G&j Jack Seafood (hualage),Fraserburgh,Uk
G&j Jack Transport Limited (imports),Fraserburgh,United Kingdowm
Gl Walker T/a Town And Country Meats,Wolverhampton,Uk
Glaciere Narbonnaise,Canet D'aude,France
Glan Aris,St. Margarets,Ireland
Glanbia Cheese,Llangefni,Wales
Glanbia Cheese,Portloise,Ireland
Glanbia Foods Ireland Ltd,Drogheda,Ireland
Glanbia,Ballyragget,Ireland
Glanbia,Waterford City,Ireland
Glanmore Foods,Ballycoolin,Ireland
Glasgow Aiport,Paisley,Uk
Glaxo Smith Kline Ltd,Dungarvan,Ireland
Gleeson C&c Kilkenny,Kilkeeny,Ireland
Gleeson M&j Galway (bulmers Ireland Galway),Oranmore,Ireland
Gleeson Meats Office,Dublin City,Ireland
Gleeson's Butcher,Blanchardstown,Ireland
Glen Aine Foods Ltd,Knocklong,Ireland
Glenawilling,Ballymacoda,Ireland
Gleneely Foods,New Nangor Road,Ireland
Glenhaven Foods,Arklow,Ireland
Glenhaven Foods,Avoca,Ireland
Glenhaze Distributors Ltd,Dublin,Ireland
Glenilen Farm,Cork,Ireland
Glenilen Farm External Parking,Counkilla,Ireland
Glenmar Shellfish Ltd,Blanchardstown,Ireland
Glenn Hunter,Sligo,Ireland
Glennon Sean & Sons Ltd,Birr,Ireland
Glenpatrick - Aidan Doherty Trsansport,Tipperary,Ireland
Glenpatrick Spring Water (moangarriff),Clonmel,Ireland
Glenpatrick Spring Water (powerstown),Clonmel,Ireland
Glenpatrick Spring Water Nothern Warehouse,Clonmel,Ireland
Glenpatrick Spring Water Slievenamon,Clonmel,Ireland
Glenside Bacon,Glenties,Ireland
Glenveigh Construction Site,Dublin,Ireland
Glews Services,Goole,Uk
Glinwell Marketing,St Albans,Uk
Global Chair,Suffolk,Uk
Global Complete Solutions Ltd,Colnbrook,Uk
Global Foods Trading,Barcelona,Spain
Global Freight Connections,Basildon,Uk
Global Fresh Exotics Ltd,Ashbourne,Ireland
Global Fruit,Finglas,Ireland
Global Hq Carbery Group,Ballinderry,Ireland
Global Material Sourcing Limited,Leeds,Uk
Global Resale Ltd,Braintree,Uk
Global Solutions,Wimille,France
Globalfrost C/o Frigocaserta S.r.l.,Gricignano Di Aversa Ce,Italy
Globalimar - Cefrusa,Barcelona,Spain
Globalimar Europa Sl (cefrusa),Salida El Bruc,Spain
Globalimar Europa Sl (stef),Barcelona,Spain
Globalimar Europa Sl,Argelaguer,Spain
Globalimar Europa Sl,Argelaguer,Spain
Gloucester Services Northbound,Gloucester,Uk
Gloucester Services Southbound,Gloucester,Uk
Gls France,Roquemaure,France
Gls Santa Perpetua,Santa Perpetua De Mogoda,Spain
Gma Warehousing & Transport Ltd,Ipswich,Uk
Go Home Direct,Wetherby,Uk
Go Inspire,Kettering,Uk
Go Plastic Pallets,Eastbourne,Uk
Goatsbridge Fish Processors Ltd,Thomastown,Ireland
Godfroy,Jonage,France
Goikoa,Sanguesa,Spain
Gold Sheild Mushrooms,Kells,Ireland
Goldcorp Ltd,Cork,Ireland
Golden Bake,Coolock,Ireland
Golden Bear Products Ltd,Telford,Uk
Golden Mushroom,Tipperary,Ireland
Golden Popcorn Ltd,Antrim,Uk
Golden Seabreeze / Deliver To Stef Transport Bsm,Boulogne-sur-mer,France
Golden Seabreeze,Concarneau,France
Golden Seabreeze,Lorient,France
Golden State Seafood,Lax,Us
Golden Venture Shipping Ltd,Dun Laoghaire,Ireland
Goldenfry Foods,Wetherby,Uk
Goldme Italia,Loreggia,Italy
Goldschmaus Convenience Gmbh & Co. Kg,Hasbergen-gaste,Germany
Goldshield Mushrooms,Kells,Ireland
Golfomar S.r.l,Follo,Italy
Gondrand Depot Principal,Aussillon,France
Good Fish Processing,Larkhall,Uk
Good Fish Processing (carrigaline),Holystown,Ireland
Good Fish Processing Ltd New Building,Ringaskiddy,Ireland
Good Fish Processing Ltd,Carrigaline,Ireland
Good Meat Sa C/o Timfrost,Oostkamp,Belgium
Good Meat,Aalter,Belgium
Goodies Foods,London,Uk
Google (whiedu3),Rathcoole,Ireland
Gordan Rankin C/o Charlie Mc Hugh,Ardara,Ireland
Gordon Mc Williams,Aberdeen,Scotland
Gordon Rankin,Muff,Ireland
Gordons Dairy,Whitehill,Scotland
Gorey Truck Parking,Wexford,Ireland
Goro Pesca Srl,Goro,Italy
Gortrush Food Service,Omagh,Uk
Global Ocean Trading,Dallas,Us
Gottfried Friedrichs Kg,Breskens,Netherlands
Goubert,Pourville Sur Mer,France
Goulding Soil Nutrition Askeaton,Askeaton,Ireland
Gourmet Bv,Lutjebroek,Netherlands
"Gousto, Clay Lake",Spalding,United Kingdom
Gouters Magiques,Plumelin,France
Gouville Maree (christophe K’dual),Gouville Sur Mer,France
Gowan Distributors Ltd,Dublin,Ireland
Gozoki Frais C/o Vegecroc,Estillac,France
Graham Lawman,Huntington,Uk
Grain D'or,Lomme,France
Graine O'rourke Models Ltd,Ballymount,Ireland
Grainocean,La Rochelle,France
Granby C/o Molloy & Sherry,Dublin,Ireland
Granby C/o Ott Dublin,Hollystown,Ireland
Granby,Dublin City,Ireland
Granco (scania),Newry,Uk
Grand Banc,Plouguerneau,France
Grand Frais Maree,Larkhall,Uk
Grand Frais Maree (mowi Bsm),Boulogne-sur-mer,France
Grand Frais Maree,Boulogne-sur-mer,France
Grand Frais C/o Boulogne Direct,Boulogne-sur-mer,France
Grandes Vino Clasicos,Alfaro,Spain
Grandi Pastai Italiani Spa,Correggio,Italy
Grandi Pastai Italiani,Sesto Cremonese,Italy
Grands Crus In Cotentin,Gouville Sur Mer,France
Grands Vins De Gironde,Saint Loubes,France
Grands Vins De Gironde,Saint Loubes,France
Grangemouth,Grangemouth,Uk
Grant & Bowman,Leeds,Uk
Grant Engineering,Birr,Ireland
Grant Foods Ltd,Galston,Uk
Grant Westfield Ltd,Edinburgh,Uk
Grant's Building C/o Bulmers,Clonmel,Ireland
Grants (seafood Wholesaler),Maryport,Uk
Granville Food Centre,Dungannon,Northern Ireland
Granville Foodcare,Dungannon,Uk
Graphic Packaging International,Leeds,United Kingdom
Graphic Packaging Newburn,Newburn,Uk
Graphic Packaging,Gateshead,Uk
Great Bear Dist - Oldham,Oldham,Uk
Great Bear Distribution - Desborough,Desborough,Uk
Great Bear Distribution Ltd,Magna Park,Uk
Great Bear Distribution,Chadderton,Uk
Great Bear Distribution,Chesterfield,Uk
Great Bear Distribution,Duckmanton,Uk
Great Bear Distribution,Hardingstone,Uk
Great Bear Distribution,Sheffield,Uk
Great Bear Distribution,Tinsley,Uk
Great Bear Distribution,Wolverhampton,Uk
Great Bear Logistics,Sutton In Ashfield,Uk
Great Bear Minworth,Sutton Coldfield,Uk
Great Bear Mv2,Chesterfield,Uk
Great Bear,Banbury,Uk
Great Bear,Blyth,Uk
Great Bear,Heywood,Uk
Great Bear,Kettering,Uk
Great Bear,Liverpool Road,Uk
Great Bear,Minworth,Uk
Great Bear,Rotherham,Uk
Great Bear Distribution,Skelmersdale,Uk
Gredj Le Merle Blanc,Cavaillon,France
Greegs Of Scotland,Glasgow,Uk
Green Circle Marketing,Rathcoole,Ireland
Green Circle Rose Confectionery Warehouse,Dublin,Ireland
Green Farm Fine Foods,Rathowen,Ireland
Green Fulfilment,Glasgow,Uk
Green Isle Food Group,Sligo,Ireland
Green Isle Foods,Naas,Ireland
Green Mushroom Farm Bv,De Lier,Holland
Green Plus Ltd,Bourne,Uk
Green Produce,Perpignan,France
Green Rock,Wrexham,Uk
Green Roofs Direct,Larne,Uk
Green Seed Sarl,Wimille,France
Green Seed,Boulogne Sur Mer,France
Labyriene,Boulogne Sur Mer,France
Greencastle Oysters,Kilkeel,Northern Ireland
Greencoop,Zlatna Na Ostrove,Slovakia
Greencore Meals London,London,Uk
Greencore,Northampton,Uk
Greenland Sas Locagel,Vendin-le-vieil,France
Greenmed 1,Sollana,Spain
Greenmed,Xeraco,Spain
Greenock Ocean Terminal,Greenock,Uk
Greenpack Bv,Maasdijk,Netherlands
Greenport Fresh,Harlow,Uk
Greenport Fresh,Roydon,Uk
Greenvale,Duns,Uk
Greenvale,March,Uk
Greenyard Fresh Uk,Pinchbeck,Uk
Greenyard Frozen Foods (uk) Lt,Boston,Uk
Greenyard Frozen France Sas,Moreac,France
Greenyard Frozen,Kings Lynn,Uk
Greenyard,Lincs,Uk
Greggs North Lakes Bakery,Penrith,England
Greggs Of Scotland,Glasgow,Scotland
Greilsammer Connect,Basel,Switzerland
Greiner Packaging,Dungannon,Northern Ireland
Grelier Accouveur Hendrix Genetics,Plouguenast Langast,France
Gressingham Foods,Diss,Uk
Griffin & Brand European Ltd,Ashford,Uk
Griffin Foods,Dublin,Ireland
Griffiths Transport,Leominster,Uk
Grimaldi Lines Livorno,Livorno,Italy
Grimsby Truck Stop And Wash,Grimsby,Uk
"Icelandic Group Uk Limited, T/as Seachill",Grimsby,Gb
Snowden & Co (cardiff)  Ltd,Grimsby,Gb
Le Lien Ltd,Grimsby,Gb
Kirwin Brothers Limited,Grimsby,Gb
Jaines & Son (grimsby) Ltd,Grimsby,Gb
Moorcroft Seafoods Limited,Grimsby,Gb
Grimaldi Lines,Golfo Aranci,Italy
Gr Mcluskey And Son Transport Ltd,Perth,Uk
Grocontinental,Whitchurch,Uk
Groda Agf. Bv,Est,Netherlands
Grolleau Lis,L'eguille,France
Groomes Fresh Produce,Balbriggan,Ireland
Groothedde Vaasen Bv,Vaasen,Holland
Groupage Europe,Audaux,France
Grove Pet Foods Ltd,North Scarle,Ireland
Grove Products Ltd,Hyde,United Kingdom
Grove Turkeys Ltd,Smithborough,Ireland
Growmoor Bettergrowing Ltd,Dungannon,Northern Ireland
Grunwald Gmbh,Wangen Im Allgau,Germany
Grup Ros,Girona,Spain
Grupo Bimbo Uk Ltd,Mexborough,Uk
Grupo Ibertransit,Barcelona,Spain
Grupo Reboreda Morgadio,Puga,Spain
Grupo Scanfisk (john Driege),Boulogne Sur Mer,France
Gruppo Dac,Flero Bs,Italy
Grzyb Radoslaw,La Gouesniere,France
Golden State Seafood,Lax,Us
Gsf Car Parts,Wolverhampton,Uk
Gsr Distributions Ltd,Rutherglen,Scotland
Gt Seafoods (albert Street),Peterhead,Scotland
Gt Seafoods (castle Street),Peterhead,Scotland
Gt Seafoods (peterhead Fish Market),Peterhead,Scotland
Gt-31,Boulogne-sur-mer,France
Gt1 (john Driege),Boulogne-sur-mer,France
Gt1,Boulogne-sur-mer,France
Gt10,Boulogne-sur-mer,France
Gt11 Furic Maree (stef Transport Bsm),Boulogne-sur-mer,France
Gt12 (mesguen),Boulogne-sur-mer,France
Gt13 (mesguen),Boulogne-sur-mer,France
Gt14 (mesguen),Boulogne-sur-mer,France
Gt15 (mesguen),Boulogne-sur-mer,France
Gt16 (mesguen),Boulogne-sur-mer,France
Gt17 (mesguen),Boulogne-sur-mer,France
Gt18 Chalutiers Boulonnais,Boulogne-sur-mer,France
Gt20 (mesguen),Boulogne-sur-mer,France
Gt20 Moulin Maree (mesguen),Boulogne-sur-mer,France
Gt20,Boulogne-sur-mer,France
Gt21 (mesguen),Boulogne-sur-mer,France
Gt24 (mesguen),Boulogne-sur-mer,France
Gt24 (stef Transport Bsm),Boulogne-sur-mer,France
Gt25 (mesguen),Boulogne-sur-mer,France
Gt25 (stef Transport Bsm),Boulogne-sur-mer,France
Gt26 (mesguen),Boulogne-sur-mer,France
Gt27 (mesguen),Boulogne-sur-mer,France
Gt28 - Stormbringer,Boulogne-sur-mer,France
Gt29 (john Driege),Boulogne-sur-mer,France
Gt30 (mesguen),Boulogne-sur-mer,France
Gt30,Boulogne-sur-mer,France
Gt34,Boulogne-sur-mer,France
Gt35,Boulogne-sur-mer,France
Gt36 (mesguen),Boulogne-sur-mer,France
Gt37,Boulogne-sur-mer,France
Gt38,Boulogne-sur-mer,France
Gt4,Boulogne-sur-mer,France
Gt6,Boulogne-sur-mer,France
Gt8 (mesguen),Boulogne-sur-mer,France
"Guangzhou Zhiyuan Food Co.,ltd.",Guangzhou,China
Guangzhou Zhiyuan Food Co Ltd,Guangzhou,China
Guardian Insulation Solutions Ltd,Swadlincote,Uk
Guardian Trading (asia) Co. Ltd C/o Swissport,Swords,Ireland
Guardian Trading (asia) Co. Ltd - Dublin (iag Carg,Swords,Ireland
Guardian Trading-wfs Emirates,Dublin Airport,Ireland
Guiffant By Delanchy La Rochelle,La Rochelle,France
Guillaume Olard,Grandcamp Maisy,France
Guineys Ltd Warehouse,Carrigtwohill,Ireland
Gullino Import-export Srl,Saluzzo,Italy
Guyader Gastronomie,Chateauneuf Du Faou,France
Guyader L'esprit De La Mer,29520 Chateauneuf Du Faou,France
Guyader L'esprit De La Mer,Bsm1,France
Guyader Logistique,Trégourez,France
Guzzetti Gianpaolo Stefano,Foggia,Italy
Gvg / Claspack,St Loubes,France
Gwynedd Shipping,Holyhead,Uk
Gxo - Northampton,Northampton,Uk
Gxo - Wellingborough,Wellingborough,Uk
Gxo Logistics (xpo),Grantham,Uk
Gxo Logistics For Ted Baker,Derby,Uk
Gxo Logistics France,Poupry,France
Gxo Logistics Primark Thrapston,Thrapston,United Kingdom
Gxo Logistics – C/o Huel,Wellingborough,Uk
"Gxo Logistics, Luton",Luton,Uk
Gxo Logistics,Castellbisbal,Spain
Gxo Logistics,Dunstable,Uk
Gxo Logistics,East Kilbride,Scotland
Gxo Selby,Selby,Uk
Gxo Sutton Coldfield (uk),Sutton,Uk
Gxo Tamworth,Tamworth,Uk
Gxo Waitrose,Milton Keynes,Uk
Gxo,Banbury,Uk
Gxo,Bedworth,United Kingdom
Gxo,Santry,Ireland
Gxo,Goole,Uk
Gxo,Reading,Uk
Gxo,Wellingborough,Uk
Gyla,Plouguerneau,France
Gz Media A.s,Lodenice,Czech Republic
H + M,Newton Le Willows,Uk
H Foster 1875 Limited,Leeds,Uk
H Murphy & Company (enniscorthy) Limited,Wexford,Ireland
H Murphy Cash & Carry,New Ross,Ireland
H W Coates,Bardney,Uk
H-pack Packaging,Wrexham,Uk
H110,Boulogne-sur-mer,France
H582,Boulogne-sur-mer,France
H885,Boulogne Sur Mer,France
Hacienda Grimon,Ventas Blanca,Spain
Hafro - Hamburger Feinfrost Gmbh,Hamburg,Germany
Hafiz Halal Meat Ltd,Hounslow,Uk
"Haichuan (shanghai) Fishery Co., Ltd.",Shanghai,China
"Hai Sia Seafood, Pte. Ltd",Singapore,Sg
Haider's Seafood Ltd,London,Uk
Hain Daniels,Peterborough,Uk
Hains Danials,Grimsby,Ireland
Halal Fresh Meat Ltd,London,Uk
Halcon Ceramicas 10,Onda,Spain
Haleon (otc),Dungarvan,Ireland
Hales Freight Ireland,Dublin,Ireland
Hall Russel United Fc (car Park),Aberdeen,Scotland
Hallissesy's Cash & Carry,Kenmare,Ireland
Halo,Stanford-le-hope,Uk
Haluco B.v.,Bleiswijk,Netherlands
Halwany (siblou) C/o Timfrost Nv,Oostkamp,Belgium
Hamburger Feinfrost Gmbh C/o Nagel-group,Hamburg,Germany
Hamburger Feinfrost Gmbh,Wimille,France
Hams Hall Full Goods (m&b),Birmingham,Uk
Hams Hall Rru,Coleshill,Uk
Hamshall  Rru,Birmingham,Uk
Hancocks (world Of Sweets),Worksop,Uk
Handtex Cabanillas 2 (zara Home),Cabanillas Del Campo,Spain
Hankook Tyre Uk Ltd,Daventry,Uk
Hanleys Pudding Ltd.,Mitchelstown,Ireland
Hannah Foodservice,Skelmersdale,Uk
Hannah's Sweets,Johnstone,Uk
Hannon Logistics Ltd,Lusk,Ireland
Hannon Logistics Sas,Chevilly Larue,France
Hannon Transport,Craigavon,Northern Ireland
Hms Hanseatic Marine Services Gmbh & Co,Nürnberg,Germany
Hanseatic Produkcja Sp Zoo,Grudziadz,Poland
Happy Gelo Srl,Pomezia,Italy
Happy Gelo,Rome,Italy
Harbor Marine,Us,Us
Harbor Marine,Usa,Us
Harbour Haulage,Peterhead,Uk
Harbour Shipping Ltd,Dover,Uk
Harlech Foodservice Ltd,Criccieth,Uk
Harnessed-uprena,Tudela,Spain
Harper Collins,Bishopbriggs,Uk
Harthill Services East Bound,Shotts,Uk
Harthill Services West Bound,Shotts,Scotland
Harting Holland,De Lier,Netherlands
Hartlepool Docks,Hartlepool,Uk
Hartshead Moor Services,Hartshead Moor,Uk
Hartshorne Group,Birmingham,Uk
Hartwood Foods,Leighton Buzzard,United Kingdom
Harvest House Logistics,Maasdijk,Holland
Harvest Moon Foods,Park West Enterprise Centre,Ireland
Harvey & Brockless Ltd,Broomhall,Uk
Harvey Norman,Dublin,Ireland
Harvey_i_gu30_7qu_324,Liphook,Uk
Has8,Madrid,Spain
Hatchery C06 Saint Laurent,Saint Laurent De La Plaine (mauges Sur Loire),France
Hatov Distribution,London,Uk
Hautemaniere Anthony,Sainte Marie Du Mont,France
Hautemaniere Anthony,Saint-marie-du-mont,France
Hav Line Processing A/s,Hirtshals,Denmark
Havi Bingen,Bingen,Germany
Havi Logistics B.v,Aarkervaart West,Netherlands
Havi Logistics B.v,Amersfoort,Netherlands
"Havi Logistics Gmbh,",Gunzburg,Germany
"Havi Logistics Gmbh,",Neu Wulmstorf,Germany
Havi Logistics Gmbh,Duisburg,Germany
Havi Logistics Gmbh,Gunzburg,Germany
Havi Logistics Gmbh,Lederhose,Germany
Havi Logistics Gmbh,Oensingen,Switzerland
Havi Logistics Ilsfeld,Ilsfeld,Germany
"Havi Wunstorf,",Wunstorf,Germany
"Havi Wustermark,",Wustermark,Germany
Hawthorn Logistics,Ballycoolin,Ireland
Hayden Chilled,Creca,United Kingdom
Haydock Commercial Vehicles (scania),Warrington,Uk
Hayley Glasgow,Glasgow,Scotland
Haynestown Meat Limited,Nass,Ireland
Hayton Coulthard Bathgate,Bathgate,Uk
Hayton Coulthard Cumbernauld,Cumbernaud,Uk
Hayton Coulthard,Teiglum Road,Scotland
Hb Fuller,Bamber Bridge,Uk
Hc Goose,Spalding,Uk
Hc Sales Ltd,Knaresborough,Uk
Hd Tyres,Huddersfield,Uk
Headways,Wakefield,Uk
Heartlands Service Station,Bathgate,Uk
Heat Merchants Athlone,Athlone,Ireland
J Bennett (billingsgate) Ltd,,Gb
Lui Foods Limited,London,Gb
Heathside Trading Ltd / Khadou,Accrington,Uk
Heboplant,Maasdijk,Netherlands
Hebre Packaging,Wilton,Ireland
"Hefferniatt Foods Ltd., T/a The Food Store",Claremorris,Ireland
Heley International Ltd,West Thurrock,Uk
Helie & Fils,Saint Vaast La Hougue,France
Helie & Fils,Saint Vaast La Houhue,France
Hellmann Worldwide Logistics,Grossschirma,Germany
Hello Fresh Ireland,Dublin,Ireland
Hello Fresh The Windmill,Spondon,Uk
Hello Fresh,St Margarets,Ireland
Helloco Accouvage,Loudeac,France
Helmar B.v,Breda,Holland
Hems B.v.,Lk Oss,Netherlands
Hemswell Coldstore,Hemswell Cliff,Uk
Henderson Foodservice Ltd,Dublin,Ireland
Henderson Foodservice,Antrim,Northern Ireland
Henderson Wholesale Ltd,Newtownabbey,Northern Ireland
Hendrick Europe (dublin),Dublin,Ireland
Hendrick Logistics Ltd,Liveprool,Uk
Hendrix Genetics,Mauges Sur Loire,France
Hendrix Genetics (grelier),Saint Laurent De La Plaine,France
Henley Bridge Ingredients,Daventry,Uk
Henley Forklift Group Ltd,Dublin,Ireland
Henry Colbeck C/o Norfolk Logistics Ltd,Glasgow,Uk
"Heraclio Alfaro, Compania De Vinos",Alfaro,Spain
Herbert Voigt Gmbh & Co. Kg,Neumuenster,Germany
Hercourt Yann,Saint Just Luzac,France
Herdade Do Mouchao,Casa Branca,Portugal
Herdade Outeiro De Esquila,Evora,Portugal
Herdade Tinto E Branco,Selmes,Portugal
Hereaus Conamic Uk Ltd,Tyne & Wear,Uk
Hering-trade Kft.,Komárom-esztergom Megye,Hungary
Hermes & Richard Ag,Pratteln,Switzerland
Hermes Prattelin,Pratteln,Switzerland
Hero Catering Supplies,London / Edmonton,Uk
Heron Foods,Melton,Uk
Hert Estates Ltd T/a Jayd Meats,Watford,Uk
Hervella,Boulogne-sur-mer,France
Heston Services Eastbound,Hounlow,Uk
Het Urker Zalmhuys Bv,Urk,Netherlands
Het Urker Zalmhuys C/o Dfds Larkhall,Larkhall,Scotland
Hewlett Packard Enterprise,Renfreshire,Uk
Heywood Lineage,Heywood,Uk
Hfc Prestige Manufacturing ( Coty ),Bournemouth,Uk
Hfc Prestige Manufacturing (coty),Bournemouth,Uk
Hi Spec Engineering Ltd,Bagenalstown,Ireland
Hickeys And Company,Dublin,Ireland
Hielos Valmar,Madrid,Spain
Higgins Furniture Hire,Kildare,Ireland
Highgate Poultry Products,Birmingham,Uk
Highland Meats,Saltcoats,Uk
Highland Smoked Salmon (scotland) Ltd,Larkhall,Gb
Highland Spring,Auchterarder,Uk
Hillebrand Gori(blanquefort),Blanquefort,France
Hillebrand Gori,Oppeano,Italy
Hilltown Growers Ltd,Garristown,Ireland
Hilton Foods,Drogheda,Ireland
Hilton Meats,Huntingdon,England
Hiodee Rungis Maree,Boulogne-sur-mer,France
Hipper,"Kozieglowy,",Poland
Hireco Dublin,Dublin,Ireland
Hireco Tl Ltd,Saint Helens,Uk
Histon Spreads Cambridge,Cambridge,Uk
Hitchen Foods,Wigan,Uk
Hk Traders T/a Mirza & Sons,Birmingham,Uk
Hibernia Line - Bsm Port,Boulogne-sur-mer,France
Hibernia Line,Ringaskiddy,Ireland
Hl Hutchison,Carlisle,Uk
Hlq5,Castilla Y Leon,Spain
Alr,Saint Marie Du Mont,France
Harbor Marine,,Us
Hn Nuttall Foodservice,Hyde,Uk
H&n Group Inc,Vernon,Us
Paradise Food Distribution Inc.,Honolulu,Us
Hobbs Potatoes Ltd,Witcham,Uk
Hobson Farming Ltd,York,Uk
Hochfeld,Kent,Uk
Hochwald Foods Gmbh,Hunfeld,Germany
Hodges Farm,Tranent,Scotland
Hodgins Meats (sligo),Ballymote,Ireland
Hodgins Sausages Ltd,Mitchelstown,Ireland
Hodgson Sealants Ltd.,Beverly,Uk
Hoey Diy,Dundalk,Ireland
Hogans Turkeys Ltd,Cortown,Ireland
Holding Allsea 1,Boulogne-sur-mer,France
Holdsworth Food Service,Duckmanton,Uk
Holdsworth Foods,Aveley,Uk
Holdsworth Foodservice,Evesham,Uk
Holdsworth Foodservice,Willstead,Uk
Holland & Barrett,St. Margarets Road,Ireland
Holland And Barrett,Burton-on-trent,Uk
Holland Bazaar Distribution Centre,London,Uk
Holland Bazaar,Edmonton,Uk
Hollies Truckstop,Cannock,Uk
Hollies Truckstop,Cannock,Uk
Hollister Ulc,Ballina,Ireland
Holmestead Saddlery Ltd,Kill,Ireland
Holsworthy Livestock New Market,Holsworthy,Uk
Holy Umami Gmbh,Aschheim,Germany
Holyhead Inland Border Facility,Holyhead,Uk
Holyhead Truck Parking,Holyhead,Uk
Homard Acadiens Stef Transport Bsm,Boulogne-sur-mer,France
Home Store & More - Fonthill,Lucan,Ireland
Homestore & More,Blanchardstown,Ireland
Home Store & More Carlow,Carlow,Ireland
Home Store & More Limerick,Garryglass,Ireland
Home Store & More Navan,Navan,Ireland
Home Store & More Portlaoise,Portlaoise,Ireland
Homestore & More Rdc,Baldonnell,Ireland
Home Store & More Swords,Swords,Ireland
Homestore & More,Portlaoise,Ireland
Homestore & More,Letterkenny,Ireland
Home Store + More Athlone,Athlone,Ireland
Homestore & More,Rathfarnham,Ireland
Home Store + More,Longford,Ireland
Homestore & More,Newbridge,Ireland
Homeland Agri (arivo),Carrick-on-shannon,Ireland
Homeland Agri (aurivo)-castlerea,Castlerea,Ireland
Homeland Agri (aurivo)- Kinlough Leitrim,Kinlough,Ireland
Homeland Plus,Westport,Ireland
Homestore & More,Longford,Ireland
Homestore & More,Citywest,Ireland
Homestore & More,Tralee,Ireland
Homestore & More,Castlebar,Ireland
Homestore & More,Cork City,Ireland
Homestore & More,Drogheda,Ireland
Homestore & More,Dundalk,Ireland
Homestore,Edinburgh,Scotland
Homestore & More,Galway City,Ireland
Homestore,Glasgow,Scotland
Homestore & More,Mahon Point,Ireland
Homestore & More,Sligo,Ireland
Homestore & More,Tallaght,Ireland
Homestore & More,Waterford City,Ireland
Homestore & More,Wexford,Ireland
Hometime Retail,Belfast,Northern Ireland
Homeworld (shane Curley),Craughwell,Ireland
Homifreez Nv,Ardooie,Belgium
Honey Vale Foods,Cahir,Ireland
Hook Head Oysters,Saintkierans,Ireland
Hopi Cee Fish Hub,Ricany-dobrejovice,Czech Republic
Hopkins Merchandising Limited,Dublin,Ireland
Hopwood Park Services,Birmingham,Uk
Hopwood Park Servies,Birmingham,Uk
Horeca Totaal Brugge Bvba,Brugge,Belgium
Horeca Totaal,Bruges,Belgium
Horgan's Turkeys Limited,Co. Meath,Ireland
Horgans Delicatessen Suppplies Ltd (salami),Mitchelstown,Ireland
Horgans Delicatessen Suppplies Ltd,Mitchelstown,Ireland
Horgans Delicatessen Suppplies Ltd,Mitchelstown,Ireland
Horgrupan Slu,Velilla De San Antonio,Spain
Horizon Warehousing And Fulfilment,Mayo,Ireland
Horno De Almansa Sl,Almansa,Spain
Hoses Technology C/o Kcr Professional Srl,Bellusco,Italy
Hotel Langolo Cariso,Carisio,Italy
Hotel Le Relax,Montaigu-vendee,France
Hotel Restaurant Tevere,Ortana,Italy
Houghton Hams Ltd.,Northampton,Uk
Houghton Iberica Sa,Barbera De Valles,Spain
Smyths Toys Houplines,Lilly,France
Dhl Supply Chain Houplines,Lilly,France
Houston Salmon Company,Houston,Us
House Of Donohoe,Ballinaneesagh,Ireland
House Of Tiles Warehouse,Clondalkin,Ireland
Hovemint Ltd,Manchester,Uk
Hovione Lumiar,Estrada Do Paco Do Lumiar,Portugal
Hovis Ltd,Glasgow,Scotland
Howard Haulage Limited,Fraserburgh,Scotland
Howth Harbour,Howth,Ireland
Hpc Sales Ltd,Dublin,Ireland
Hpp Tolling,St. Margarets,Ireland
Houston Salmon Company,Houston,Us
Hsh Coldstores Grimsby,Grimsby,Uk
Hsh Coldstores,Redditch,Uk
Hsm,Almere,Netherlands
Hubco C/o Efbs,Le Havre Cedex,France
Aloha C/o Sotralim,Grand Synthe,France
Hubron (international),Manchester,Uk
Hudson Haulage,Bury St Edmunds,Uk
"Huercasa 5a Gama, S.a.",San Miguel Del Arroyo,Spain
Hugh Heraghty C/o Good Fish,Ringaskiddy,Ireland
Hugh Jordan & Co Catering Supplies,Santry,Ireland
Hugh Sheehy,Clare,Ireland
Hughes Agriculture And Farming,Killkenny,Ireland
Hughes Mushrooms,Dungannon,Northern Ireland
Hughes Mushrooms,York,Uk
Huhtamaki Fiber Packaging,Lurgan,Northern Ireland
Huhtamaki Fs Delta Ltd,Belfast,Northern Ireland
Huitre Du Connemara C/o Ott Moycullen,Moycullen,Ireland
Huitre Du Connemara,Letterfrack,Ireland
Huitrees Lambert,Bourcefranc Le Chapus,France
Huitres Ancelin,Sainte Marie Du Mont,France
Huitres And Ko,Gouville Sur Mer,France
Huitres Breuil,Bourcefranc-le-chapus,France
Huitres Burbo,Le Chateau D Oleron,France
Huitres Cadoret - Livraison Riec-sur-belon,Riec-sur-belon,France
Huitres Cadoret,Carantec,France
Huitres Cadoret,Riec-sur-bélon,France
Huitres Condom,Saint Vaast La Hougue,France
HuÎtres CrÉnÉguy-larmor-baden,Larmor-baden,France
Huitres De Prat Ar Mor,Lannilis,France
Huitres Depres & Guy Leroiser,Marie Du Mont,France
Huitres Dousset,D'olus D'oleron,France
Huîtres Dousset,Dolus D'oleron,France
Huitres Du Connemara C/o Ott Galway,Moycullen,Ireland
Huitres Dumeny Anthony,Etaules,France
Huitres Geay,La Tremblade,France
Huitres Grolleau B.,La Tremblade,France
Huîtres Hélie,Saint-vaast-la-hougue,France
Huitres Henry,St Philiberet,France
Huitres Jegat,Arradon,France
Huîtres Jérôme Miet,Mornac-sur-seudre,France
Huitres Lambert,Bourcefranc Le Chapus,France
Huitres Legris,Plouguerneau,France
Huitres Loic Vernet,Bourcefranc Le Chapus,France
Huitres Mauger Vergers Ostreicoles,Agon Coutainville,France
Huitres Moana Saint Vaastaise,Saint Vaast La Hougue,France
Huitres Morvan,Moelan-sur-mer,France
Huitres Peponnet,Etaules,France
Huitres Pigeonnier,Marennes,France
Huitres Pleiade Poget,La Tremblade,France
Huitres Pouneau,La Flotte,France
Huitres Prat Ar Coum,Carantec,France
Huitres Tard,Port Des Barques,France
Huitriere Du Port Blanc,Baden,France
Hulkenberg Bv,Heerenberg,Netherlands
Copernus Limited,Hull,Gb
Humanscale International Holdings,Dublin,Ireland
Youngs Seafood Ltd - Grimsby,Grimsby,Gb
"Hunan Changrun Supply Chain Co., Ltd",Hunan Province,China
Hundreds Farm,Crowland,Uk
Huntapac Produce Ltd,Holmes,Uk
Hunts Food Group,Sherborne,Uk
Hurricane Bar,Foxrock,Ireland
Hurricane Oysters C/o Mcdaids,Cardonagh,Ireland
Hurricane Oysters,Mailin,Ireland
Hussar Logistics,Miedzianow,Poland
Hutton & Co,Hull,Uk
Hvc Supplies Ltd,West Midlands,Uk
Hx Hampers,Dublin,Ireland
Hybrid A Hendrix Genetics Compagny,Rives-du-loir-en-anjou,France
Hyde Ltd,Little Island,Ireland
Hyve Solutions,Telford,Uk
Häagen-dazs Arras,Tilloy Les Mofflaines,France
I S A Sas,Mur De Bretagne,France
I-fish C/o Iag Cargo,Swords,Ireland
I. Fish Company Limited - Dublin (swissport),Dublin Airport,Ireland
I. P. L.,Besozzo,Italy
I.fish Company Ltd C/o  Kuehne & Nagel,Hatton,Uk
I338,Boulogne-sur-mer,France
I343,Boulogne-sur-mer,France
I480,Boulogne-sur-mer,France
I588,Boulogne-sur-mer,France
I605,Boulogne-sur-mer,France
I714,Boulogne-sur-mer,France
I934,Boulogne-sur-mer,France
Iag Cargo,Swords,Ireland
Iasc Mara Teoranta,Rossaveel,Ireland
Iasc Ui Mhathuna,Killarney,Ireland
Iberconsa Seafood Processing,Vigo,Spain
Ibl Coldstores,Liverpool,Uk
Ibs Parking Ballincollig Cork,Cork,Ireland
Ice 24/7 Delivery Service Ltd,Glasgow,Uk
Ice Cream Treats,Killashandra,Ireland
Ice House Industrial Estate,Fleetwood,Uk
Ice Nation,Mouscron,Belgium
Iceberg S.r.l.,Piavon Tv,Italy
Iceland Distribution Centre,Swindon,Uk
Iceland Enfield Wincanton,Brimsdown,Uk
Iceland Foods,Livingston,Scotland
Iceland Frozen Foods - Deeside,Deeside,Uk
Iceland Frozen Foods,Enfield,Uk
Iceland Manufacturing,Warrington,Uk
Iceland Omega,Warrington,Uk
Iceland Rdc,Livingston,Scotland
Iceland Seafood France,Le Portel,France
Iceland Warrington,Warrington,Uk
Icemos Technology Ltd,Hannahstown,Northern Ireland
Icertech Ltd,Wrexham,Uk
Icf S.p.a.,Vignate,Italy
Ici Goole,Goole,Uk
Icl Warehouse,London,Uk
Icm Limited,Snitterfield,Uk
Ocean Korea,,Ko
Id Logistics Montmelo,Granollers,Spain
Ideal Energy Ltd,Dublin,Ireland
Ideal Foods,Alcantarilla,Spain
Ideal Heating Ltd,Yorkshire,Uk
Ideal Homes Show (rds),Ballsbridge,Ireland
Ideal Logistics,Harlow,Uk
Idena Production Sas,Pontchateau,France
Idmer,Lorient,France
Ids Transport,Evesham,Uk
Irish Ferries,Calais,France
Irish Ferries,Cherbourg,France
Irish Ferries,Dover,Uk
Irish Ferries,Dublin Port,Ireland
Irish Ferries,Holyhead,Uk
Irish Ferries,Pembroke,Uk
Irish Ferries,Rosslare Harbour,Ireland
Ifco Bracknell,Bracknell,Uk
Ifco Glasshoughton,Castleford,Uk
Ifco Nuneaton,Nuneaton,Uk
Ifco Rci,Coventry,Uk
Ifco Systems Glasshoughton,Castleford,Uk
Ifco Systems Uk Ltd,Coventry,Uk
Ifco Systems Uk Ltd,Warwickshire,Uk
Ifco Wellingborough,Wellinghborough,Uk
Ifco,Milton Keynes,Uk
Ifco,Normanton,Uk
Ifco,Warrington,Uk
Igea Carni,Cesena,Italy
Iggy Madden Transport Limited,The Docks,Ireland
Igloo Du Nord,Outreau,France
Iglotex S.a.,SkÓrcz,Poland
Ignition Heatco Ireland Limited,Dublin,Ireland
Igor Ni (john Driege),Boulogne-sur-mer,France
Igreca,Seiches-sur-ke-loir,France
Igwt,Co. Monaghan,Ireland
Il Gigante Srl,Foggia,Italy
Ilapak Uk,Uxbridge,Uk
Illas Juli - Vilafoods,Olerdola,Spain
Iller C/o Delanchy,Boulogne-sur-mer,France
Illycaffe Uk Ltd,Northampton,Uk
International Lobster And Maguro,Usa,Us
Imec Media Ltd,Rathcoole,Ireland
Imlig Customs (gerlach Ag),Pratteln,Switzerland
Impact Recycling Limited,Bellshill,United Kingdom
Imperial Chemical Logistics Gmbh,Hamburg,Germany
Improving Logistics & Consulting Cheste,Cheste,Spain
Improving Logistics & Consulting,Valecnia,Spain
In Post Distribution ( Em News Distribution ),Santry,Ireland
Inas Kitchen,Dublin,Ireland
Incom D.o.o,Ajdovscina,Slovenia
Incumar Sa,Las Arenas,Spain
Indcresa 2,Terrassa,Spain
Independent Express Cargo,Ballycoolin,Ireland
Independent Shellfishermens Bridlington,Bridlington,Uk
Inditex,Alovera,Spain
Indivision Établissements Sorlut Daniel Snc,Bourcefranc-le-chapus,France
Industrial Wiper Company,Leicester,Uk
Industrie Creamichie Piemme Spa,Fiorano Modenese,Italy
Infinity Inc.,Leeds,Uk
Infocast Uk Ltd,Rotherham,Uk
Infre Sa,Semsales,Switzerland
Infrusesa  Originia Foods,Lleida,Spain
Ingram Brothers Ltd,Paisley,Uk
Ingram Micro,East Crick,Uk
Ingredients Solutions Ltd,Boherbue,Ireland
Inish Pebble Company Limited,Newtown,Ireland
Inish Pebbles Company,Kilmore Quay,Ireland
Inish Sal Teo - James Doherty,Dungloe,Ireland
Inishowen Country Kitchen Ltd,Malin,Ireland
Inkas_ctr,Corby,Uk
Inleit Ingredients S.l.u,Teixeiro,Spain
Inlet Seafish,Valencia,Spain
Inlet,Valencia,Spain
Innishmurray Seafoods,Ballina,Ireland
Inpost Ireland,Dublin,Ireland
Inside The Box Food Service Limited,Pintail Close,Uk
Insped,Ornago,Italy
Interfish Bv,Ijmuiden,Netherlands
Intercont Gmbh,Groebenzell,Germany
Intafresh B.v.,Poeldijk,Holland
Integrated Service Solutions,Teynham,Uk
Interactive,Newtownabbey,Northern Ireland
Interfish C/o,Wimille,France
Interfood Technology,Carrick On Suir,Ireland
Interfrigo Coldstore,Antrim,Northern Ireland
Interfrisa Grupo Frimercat (eurobarna),Barcelona,Spain
Interfrost (mowi Poland Freezing),Slupsk,Poland
Interlink Direct,South Essex,Uk
International Distribution Partners,Antwerpen,Belgium
International Lobster And Maguro,Us,Us
International Produce Ltd,Kent,Uk
International Produce,West Yorkshire,Uk
International Seafoods Klink B.v.,Bruinisse,Netherlands
International Trailers,Carlow,Ireland
Interspan Freight Solutions,Manchester,Uk
Intertec Srl,Avellino,Italy
Intertrans Nederland Bv,Oud Gastel,Netherlands
Invergordon Gas Supplies,Invergordon,Scotland
Inverin,Galway,Ireland
Ioi Dublin,Ballymount,Ireland
"Ip ( A4, Novara Nord )",Novara,Italy
Ipl Warehouse,Little Island,Ireland
Ipl Inchture,Perth,Uk
Ipl Logistics,Whittlesey,Uk
Ipl Normanton Head Office,Normanton,Uk
Ipl Peterborough,Peterborough,Uk
Ipl Spade Lane,Rainham,Uk
Ipl Warehouse,Cork,Ireland
Ips,Coaville,Uk
Ips,Milton Keynes,Uk
Irish Bacon Slices Ltd,Ballincollig,Ireland
Irish Commercials - Volvo Trucks & Buses - Santry,Dublin,Ireland
Irish Commercials Volvo Truck And Bus,Naas,Ireland
Irish Country Cuisine,Ballincollig,Ireland
Irish Country Meats,Camolin,Ireland
Irish Dog Foods Limited,Naas,Ireland
Irish Ferries Dublin,Dublin,Ireland
Irish Ferries Rosslare,Rosslare,Ireland
Irish Ferries,Cherbourg,France
Irish Metal Refineries Limited,Meath,Ireland
Irish Quality Food & Drink Awards 2026,Dublin 18,Ireland
Irish Roll Company Ltd,Cork,Ireland
Irish Seaspray,Lettermore,Ireland
Irish Seaspray-c/o Ott Galway,Moycullen,Ireland
Irish Yogurts,Clonakilty,Ireland
Iron Mountain,Dublin,Ireland
Irwin's Bakery,Portadown,Northern Ireland
S P (hull) Ltd,Grimsby,Gb
Iskus Health Limited,Dublin,Ireland
Island Seafoods Burtonport,Donegal,Donegal
Island Seafoods,Killbegs,Ireland
Isle Of Doagh Oysters / Daniel Mcgonagle,Redcastle,Ireland
Isloa C/o Vanni Group,San Nicola La Strada,Italy
Isola Fish Srlk,Minturno,Italy
Ispg - Special Parking,Kilkieran,Ireland
Ispg C/o Island Seafoods,Killybegs,Ireland
I.s.p.g,Kilkieran,Ireland
Iss Fowler Welch,Sittingbourne,Uk
Iss Linton,Linton,Uk
Iss Sittingbourne (integrated Service Solutions Lt,Sittingbourne,Uk
Ital Logistics Limited,Heywood,Uk
Italfreddo,Formignana Fe,Italy
Italicatessen,Wicklow,Ireland
Italpizza Spa,Campogalliano,Italy
Itc Societa Benefit Srl,Verona,Italy
Itg Gmbh,Oberding,Germany
Itm Lai International Food Logistics,Noyant De Touraine,France
Its Pilgrims C/o Prl Rathcoole,Rathcoole,Ireland
Ittica De Mar Srl,Leece,Italy
Iver Stud Nursery,Slough,Uk
Iverk Produce,Kilkenny,Ireland
Ivrim Steele,Quigleys Point,Ireland
Izaguirre,Aginaga,Spain
J & C Kenny Wine & Spirit Distributors Limited,Oranmore,Ireland
J & Js The Hardwood Floor Company,Dublin,Ireland
J A Woodroffe,Crowland,Uk
J And T Chemicals,Aherla,Ireland
J Bennet,Larkhall,Scotland
J Bennett (billingsgate) Ltd,Enfield,Gb
J Bennett (billingsgate) Ltd,London,Gb
J Bennett (billingsgate) Ltd,Uk,Gb
J Bennett (billingsgate),London,England
J C S Fish Limited,Grimsby,Gb
J Chandlers,Andover,Uk
J Conneely Frozen Foods,Oranmore,Ireland
J E Horton & Parthners,Northwich,Uk
J Grennan & Sons,Birr,Ireland
J Kelly & Sons,Drumboe,Ireland
J Killoh Yard,Fraserburgh,Uk
J Manning And Sons,Didley,Uk
J Oceane Sas,Rungis,France
J P Moueix,Libourne,France
J S Bailey,Tarporley,Uk
J Singh Transport Ltd,Huntingdon,Uk
J&a Woodroffe Farms Ltd #,Peterborough,Uk
J&b Wilde,Manchester,Uk
J Bennett (billingsgate) Ltd,Manchester,Gb
J Bennett (billingsgate) Ltd,Manchester,Gb
J Bennett (billingsgate) Ltd,Manchester,Gb
J Bennett (billingsgate) Ltd,Manchester,Gb
J Bennett (billingsgate) Ltd,Manchester,Gb
J Bennett (billingsgate) Ltd,Manchester,Gb
J Bennett (billingsgate) Ltd,Manchester,Gb
J Bennett (billingsgate) Ltd,Manchester,Gb
J Bennett (billingsgate) Ltd,Manchester,Gb
J Bennett (billingsgate) Ltd,Manchester,Gb
J Bennett (billingsgate) Ltd,Manchester,Gb
J Bennett (billingsgate) Ltd,Manchester,Gb
J Bennett (billingsgate) Ltd,Manchester,Gb
J Bennett (billingsgate) Ltd,Manchester,Gb
J Bennett (billingsgate) Ltd,Manchester,Gb
J Bennett (billingsgate) Ltd,Manchester,Gb
J Bennett (billingsgate) Ltd,Manchester,Gb
J Bennett (billingsgate) Ltd,Manchester,Gb
J Bennett (billingsgate) Ltd,Manchester,Gb
J Bennett (billingsgate) Ltd,Manchester,Gb
J&d Cowper Ltd,Evanton,Scotland
J&e Smilie,Perth,Scotland
J&s Automotive,Dublin,Ireland
J'oceane -v14-restauration Japonaise,Rungis,France
J'oceane Sas,Rungis,France
J'oceane Sas/royaume Des Mers,Rungis,France
J'oceane,Boulogne-sur-mer,France
J-e Valle To Delanchy,Boulogne Sur Mer,France
J. A. Ter Maten Bv,Bunschoten Spakenburg,Netherlands
J. Finlay & Co Ltd,Craigavon,Northern Ireland
J. Garcia Carrion La Mancha,Daimiel,Spain
J. Garcia Carrion,Ciudad Real,Spain
J.c Suckley,Nesscliffe,Uk
J.e. & V.m. Dalton Ltd T/a Dalton Seeds,Peterborough,Uk
J.w.m Growers(van Der Lans),Poeldijk,Holland
J291,Boulogne-sur-mer,France
J457,Boulogne-sur-mer,France
J769,Boulogne-sur-mer,France
Ja Woodroffe,Crowland,Uk
Jabbeke Services Southbound,Jabekke,Belgium
Jabekke Services Northbound,Jabekke,Belgium
Jabil Healthcare,Waterford,Ireland
Jac S.a,Barcelona,Spain
Jack Taylor Ltd,Fraserburgh,Uk
Jack Brand Ltd,Ipswich,Uk
Jack Restan Displays,Dublin,Ireland
Jack Restan Displays,Walkinstown,Ireland
Jack Taylor,Fraserburgh,Scotland
Jack Wright (fleetwood) Ltd,Larkhall,Uk
Jacob Klarenbeek Holding B.v.,Stroe,Netherlands
Jacobi Carbons Service,Premnitz,Germany
Jad Trans Scotland Ltd,Airdrie,Uk
Jadana Fruits Sca,Montauban,France
Jaffary *via Mesguen*,Boulogne-sur-mer,France
Jaffray (stef),Boulogne-sur-mer,France
Jaffray Sas - Lorient,Lorient,France
Jaines Sea Food,Grimsby,Uk
Jameel Poultry Ltd,Glasgow,Uk
James As Finlay Ltd,Craigavon,Northern Ireland
James Ball C/o Alan Rankin,Muff,Ireland
James Ball C/o Mcdaids,Carndonagh,Ireland
James Ball,Malin,Ireland
James H Givan Wholesaler,Belfast,Northern Ireland
James Hall Ltd,Preston,Uk
James Hogg Transport,Newhouse,Scotland
James Jones & Sons,Gateshead,Uk
James Kelly & Son Ltd,Ardcavan,Ireland
James Latham,Leicester,Uk
James Murphy Haulage,Laois,Ireland
James Shannahan,Pallaskenry,Ireland
James Watters Bacon Wholesalers Ltd,Co Louth,Ireland
James Watters C/o Mcloughlin Frozen Foods,Dundalk,Ireland
Jamie Baybut,Preston,Uk
Jan Janssens & Company,Dublin,Ireland
Jan Stap B.v.,Barendrecht,Holland
Jan Vette (qualimer),Yerseke,Netherlands
Janny Van Arkel,Buurmalsen,Holland
Janssen Science Ireland Uc,Ringaskiddy,Ireland
Jas Forwarding Uk,Feltham,Uk
Jason Steele,Quigleys Point,Ireland
Jason Steele C/o Paul Mccrossan,Lifford,Ireland
Jaus Bakery - Krumbacher,Schwaben,Germany
Javier Sanz Viticultor,La Seca,Spain
Jaystar International Ltd,Southall,Uk
Jb Audy,Libourne,France
Jb Foods Ltd,Loanhead,Uk
Jb Foods Yorkshire,Bradford,Uk
Jb Syrups,Bridgewater,Uk
Jbc Sligo,Sligo,Ireland
Jcb,Dublin,Ireland
Jcps Mechanical Ltd,Dublin,Ireland
Jcs Express Yard,Uddingston,Scotland
Jd Wetherspoon Head Office,Watford,United Kingdom
Jd Wetherspoons Ndc,Daventry,Uk
Jds Foods,Churchfield,Ireland
Je O Brien,Dublin,Ireland
Jean Etienne Valle,Bologne Sur Mer,France
Jean Floch Surgelee,Guenin,France
Jean Francois Taris,Locoal Mendon,France
Jean Le Moal (in Keraliou),Plougastel Daoulas,France
Jean Luc Le Gall,Plougastel-daoulas,France
Jean Paul Et Benoit Droin Scev,Chablis,France
Jeanne Mareyage (john Driege),Boulogne Sur Mer,France
Jego Trad,Boulogne Sur Mer,France
Jego Trad,Lorient,France
Jego Trad // Delanchy,Lorient,France
Jenkinson Logistics,Cloghran,Ireland
Jens Ewen Handel Mit Fisch,Koblenz,Germany
Jens Ewen Handel Mit Fisch,Breskens,Netherlands
Jepco Glebe Ltd,Colchester,Uk
Jepco,Spalding,United Kingdom
Jeremie Lestage,Gujan Mestras,France
Jeremy Seguin,Port Des Barques,France
Jerome Burnouf,Saint Vaast La Hougue,France
Jerome Delauney (centre De Maree),Cherbourg,France
Jersey Oyster Company (nrq),Grouville,Uk
Jet Freeze,Boulogne Sur Mer,France
Jet2.com,Yeadon,Uk
Jetwash International Ltd,Carrigallen,Ireland
Jetwash International Ltd,Carrigallen,Ireland
Jf Mc Kenna,Armagh,Ireland
Jim Mullins Engineering Works Ltd,Tuam,Ireland
Jim O'donnell,Dungloe,Ireland
Jj Food Service Ltd,Aston,Uk
Jj Food Service,Dagenham,Uk
Jj Foodservice Limited,Enfield,Uk
Jj Foodservice Limited,Leicester,Uk
Jj Mahon & Sons,Killdare,Ireland
Jj Thompson,Preston,Uk
Jj Young & Sons Butchers,Clane,Ireland
J&k Global Food Limited,Romfield,Gb
Jk Thomson Co K&n,Hounslow,England
Jk Thomson,Bellshill,Scotland
Jk Thomson,Musselburgh,Uk
Jm Le Mentec To Aquaculture Jaouen,Saint-philibert,France
Jm Le Mentec,Sainte Helene,France
Jmc Van Trans,Dublin,Ireland
Jmc Vantrans,Dublin,Ireland
Jo Sims Ltd,Pinchbeck,Uk
Joaquin Farina,Pontevedra,Spain
Jody Mac Namara,Cork,Ireland
Joe Dowling,Ballycoolin,Ireland
Joe Nagel-boston C/o,Swords,Ireland
Joe Nagle Boston,Swords,Ireland
Joguet Sa,L'hommeau,France
Johan I Hallen & Bergfalk Oy,Vantaa,Finland
Johhny O'brien,Cahersiveen,Ireland
John & Ann Clarke C/o Star Crest Seafoods,Donegal Town,Ireland
John & Ann Clarke-ballina,Ballina,Ireland
John Beers Recovery,Comber,Uk
John Boyle C/o Declan Forker,Carrickfin,Ireland
John Burke - Jb Chilled Foods,Clondalkin,Ireland
John Casserly Artic Address Galway,Galway,Ireland
John Casserly Engineering Supplies,Galway,Ireland
John Clarke C/o Michael Carr Foods,Ballina,Ireland
John Conaty Auto Parts,Meath,Ireland
John Connelly,Oranmore,Ireland
John Connolly,Loughrea,Ireland
John Cotton Group,Bradford,Uk
John Davidsons Butchers,Inverurie,Uk
John Doran,Kilkeel,Northern Ireland
John Dory (sligo),Ballytivnan,Ireland
John Dory - C/o Ott Dublin,Hollystown,Ireland
John Dory C/o Gannett,Galway,Ireland
John Dory C/o Top Oil/texaco M15,Sligo,Ireland
John Dory-dublin,Dublin,Ireland
John Driege (new Building),Boulogne-sur-mer,France
John Driege (belgium),Jabbeke,Belgium
John Driege,Boulogne-sur-mer,France
John Driege,Boulogne-sur-mer,France
John Fahey Wholesale,Castlebar,Ireland
John Foley,Killorglin,Ireland
John G Russell (transport) Ltd,Coatbridge,Scotland
John Gerald O'sullivan,Ardgroom,Ireland
John Hayes,Kilmacow,Ireland
John Hayes,Waterford City,Ireland
John Joe Reilly,Cromane,Ireland
John Lane And Sons,Tralee,Ireland
John Mc Bride,Milford,Ireland
John Mc Daid C/o Tiarnan Mcdaid,Cardonagh,Ireland
John Mckinney,Greencastle,Ireland
John Michael O Reilly (mo Chara),Cromone,Ireland
John Nagle Co C/o,Swords,Ireland
John Nagle Co.c/o Jenkinson Logistics,Swords,Ireland
John O'sullivan,White Cross,Ireland
John Saul,Boston,Uk
John Surdival Frozen Foods Limited,Castlebar,Ireland
John Vize Commercials,Clonshaugh,Ireland
Johnny O Brien,Sneem,Ireland
Johnny O'brien (cromane),Killorglin,Ireland
Johnpye Chesterfield,Chesterfield,Uk
Johnson & Johnson Spa,Santa Palomba,Italy
Johnson & Johnson Spa,Santa Palomba,Italy
Johnson Bros,Lisburn,Uk
Johnson Logistics,Rathcoole,Ireland
Johnsons Seafood,Taoyuan,Taiwan
Johnston International Transport,Loughgall,Northern Ireland
Johnston Logistics (bostik),Dublin,Ireland
Johnstone Bros,Dublin 11,Ireland
Johnstonebridge Services,Johnstonebridge,United Kingdom
Joice & Hill,Peterborough,Uk
Joker Log,Lisses,France
Jokey Sohland Gmbh,Sohland An Der Spree,Germany
Joldanda De Colo Spa,Palmanova,Italy
Jomi Spa,Langhirano,Italy
Jones Garden Centre,Donabate,Ireland
Jones Rj Haulage Ltd,Holywell,Uk
Joost Truckstop Meer,Hoogstraten,Belgium
Jordan Fleet Belfast,Belfast,Northern Ireland
Jordan International Transport,Moy,Northern Ireland
Jordan Transport,Cork,Ireland
Jorn Saaby Coldstore A/s,Hobro,Denmark
Joseph Mcmanamon,Westport,Ireland
Joseph Mcmanamon C/o Sofi,Westport,Ireland
Joseph Robertson,Aberdeen,Uk
Kohyo Uk Ltd,London,Gb
Josie King C/o Ott Moycullen,Moycullen,Ireland
Josie King,Ballyconneelly,Ireland
Josie King,Moycullen,Ireland
Josselin Porc (jpa),Josselin,France
Jouffruit Sarl,Domaine La Tapy,France
Joxean Legorburu Aduanas,Irun,Spain
Joyen Export Slu,Barxeta,Spain
Jp Carriere,Cestas,France
Jp Coll,Boulogne-sur-mer,France
Jp Foods,Glasgow,Scotland
Jp Fruit Services,Ridderkerk,Holland
Jp Maree,Boulogne,France
Jp-boness-gb,Boness,Scotland
Jp,Cork,Ireland
Johnathon Penny,Aberdeen,Uk
Jp2m C/ Speciales Gillardeau,Bourcfranc Le Chapus,France
Jp2m,Bourcefranc Le Chapus,France
Jpm Coquillages,Lingreville,France
Jr Byrne & Sons Wholesale Cash And Carry,Clondalkin,Ireland
Jr Pearson,Dunfermline,Scotland
Jsc Iceco Zuvis,Marijampole,Lithuania
Jsp Bromag,Oxford,Uk
Jsp Standlake,Oxford,Uk
Jsp Worsham Mill,Oxford,Uk
Jts Hill Ltd,Hounslow,Uk
Juan Pol,.,.
Juan Pol C/o Tiarnan Mcdaid,Carndonagh,Ireland
Juan Pol Fitzpatrick (mc Daids),Carndonagh,Ireland
Jules Lebegue Antoine Moueix Sas,Saint Emillion,France
Junction 14,Monasterevin,Ireland
Junction 26,Waltham Abbey,Uk
Junction 29,Chesterfield,Uk
Junction 31,Sheffield,Uk
Junction 38 Truckstop,Penrith,Uk
Junifish Friocerezo,Valencia,Spain
Jura Ag,Niederbuchsiten,Switzerland
Jura Products Ltd,Colne,Uk
Jurop S.p.a.,Fiumicino Nord,Italy
Just Gluten Free Bakery,Bellshill,Uk
Just Mugs,Stoke On Trent,Uk
Juve & Camps,Sant Sadurni D'anoia,Spain
Jw Fillshill,Renfrew,Scotland
Jw Logistics,Suffolk - Woodbridge,Uk
Jz Flowers ( Superflora ),Brough,Uk
Jz69 (delanchy),Boulogne-sur-mer,France
K & G Mcatamney,Ballymena,Northern Ireland
K Walsh (winters Farm),Armagh,Northern Ireland
K Walsh Mushrooms (hacketts),Monaghan,Ireland
K Walsh Mushrooms (home),Monaghan,Uk
K&g Mcatamney Wholes,Co. Antrim,Northern Ireland
K&k Produce,The Ward,Ireland
K&l Cakes & Desserts,Ashbourne,Ireland
K&l Deliveries,Cork,Ireland
K&n Deliveries,Cork,Ireland
K'dual Ostreiouest,Gouville-sur-mer,France
K385,Boulogne-sur-mer,France
K419,Boulogne-sur-mer,France
K992 / Delanchy,Boulogne-sur-mer,France
Kadona Limited,Pollamore Far,Ireland
Kamal & Sons Ltd,Birmingham,Uk
Kane Foods,Evesham,Uk
Kaneco,Almeria,Spain
Kao Manufacturing C/o Cygnia Logistics,Northampton,Uk
Kao Manufacturing C/o Dachser Biebesheim Gmbh,Biebesheim Am Rhein,Germany
Karro Mcgee Roi Ltd.,Castleblayney,Ireland
Karea Pep / Quai Carvin,Cavrin,France
Karl Knauer Poland Sp. Z.o.o,Pniewy,Poland
Karro Foods,Cookstown,Northern Ireland
Karro Mcgee Roi Ltd (sofina Foods),Castleblaney,Ireland
Karsten Europe Bv,Hoek Van Holland,Holland
Poskitts,Goole,United Kingdom
Katem Logistics,Doncaster,Uk
Katkin Kitchen,Haverhill,United Kingdom
Katoen Natie Food Solutions,Kallo,Belgium
Katoen Natie,Desteldonk,Belgium
Katsouris Brothers Ltd (cypressa),Wembley,Uk
Kaufland Heiligenstadt,Heilbad Heiligenstadt,Germany
Kaufland Osterfeld,Meineweh,Germany
Kavanagh Service Station,Urlingford,Ireland
Kay Rock Fishing Ltd C/o Cromane Seafoods,Cromone,Ireland
Kayfoam Woolfson Ltd,Dublin,Ireland
K & T Oriental Imports (kazy Dallas),Dallas,Us
Kc Premier Oysters,Cromane,Ireland
K Charles Haulage Limited,Aylesford,United Kingdom
K Charles Haulage Ltd,Aylesford,United Kingdom
Kcs Dublin,Jordastown,Ireland
Kcs Logistics & Cold Storage,Ballagh,Ireland
Kd Seafood Denmark Aps,C/o Dfds Bsm,France
Kd Seafood C/o Stef Bsm,Boulogne-sur-mer,France
Kd Seafood Denmark Aps,Esbjerg,Denmark
Kd Seafood Denmark Aps,Boulogne Sur Mer,France
Kd Seafood Denmark Aps,Gb,Gb
Kd Seafood Denmark Aps,Gb,Gb
Kd Seafood Denmark Aps,Larkhall,Scotland
Kd Seafoods C/o Continental D.f Delanchy,Boulogne Sur Mer,France
Kd Seafoods C/o Eskimo Bsm,Boulogne,France
Kd Seafoods Denmark Aps,Boulogne Sur Mer,France
Kealys Coach Hire,Mallow,Ireland
Keane Transport,Co.kilkenny,Ireland
Kearney Meats,Carlow,Ireland
Keelan Mcdermott C/o Jason Steel,Quigleys Point,Ireland
Keelan Mcdermott C/o Ocean Gems,Moville,Ireland
Keelan Mcdermott,Derry,Northern Ireland
Keelan Mcdermott,Moville,Ireland
Keele Services Southbound,Keele,Uk
Keelings Glasshouse,Kileek,Ireland
Keelings Retail Uc,Dublin,Ireland
Keelings Welliingborough,Wellingborough,Uk
Icl - Keelings,"Heathrow,",Uk
Keelings,St. Margarets,Ireland
Keem Bay - Achill,Achill,Ireland
Keem Bay - C/o B&b Foods,Castlebar,Ireland
Keem Bay C/o Chilled Out,Castlebar,Ireland
Keem Bay C/o Gannett Fish Mongers,Galway,Ireland
Keembay C/o Ott Galway,Moycullen,Ireland
Keenan Oysters,Carligford,Ireland
Keenan Refrigerated,Dublin,Ireland
Keenpac,Leicester,Uk
Kellets (oldcastle),Oldcastle,Ireland
Kellog Manufacturing Espana,Valls,Spain
Kellogg Uk,Manchester,Uk
Kellogs Gxo,Haydock,Uk
Kells Coldstore Ltd,Kells,Ireland
Kelly Hunter Ltd,Cavan,Ireland
Kelly Meats,Clondalkin,Ireland
Kelly Transport,Lisburn,Northern Ireland
Kellys Bakery,Ardcavan,Ireland
Kellys Bakery,Wexford,Ireland
Kellys Butchers,Newport,Ireland
Keltivia,Saint Pol De Leon,France
Keltruck Limited - Scania Distributor,Droitwich,United Kingdom
Keltruck Litimited,B71 4jw,Uk
Ken Cassells,Peterhead,Scotland
Ken Mcgivern Butchers,Inchicore,Ireland
Kendal Agencie Craigavon,Craigavon,Northern Ireland
Kendal Agencies,Ballymeana,Northern Ireland
Kendal Agencies,Ballymena,Northern Ireland
Kendal Nutricare Ltd,Kendal,Uk
Kennedy International Transport,Clane,Ireland
Kent Foods Ltd,Edinburgh,Uk
Kent Foods Ltd,Leeds,United Kingdom
Kent Frozen Foods,Ditton,Uk
Keogh Commercials,Grevine West,Ireland
Keogh Crisps,Dublin,Ireland
Keogh's Bakery,Co. Kilkenny,Ireland
Keohane Seafoods-bantry,Cork,Ireland
Keohane Seafoods-bantry,Bantry,Ireland
Keohane Seafoods,Cork,Ireland
Kepak Group,Kirkham,Uk
Kepak Limited (wgh),Watergrasshill,Ireland
Kepak Merthyr Tydfil,Merthyr Tydfil,Uk
Kepak,Clonee,Ireland
Kepak,Poppintree,Ireland
Kepak,Preston,Uk
Keplin (amazon),Strstford Upon Avon,Uk
Keraliou To Le Saint,Guipavas,France
Keraliou,Plougastel-daoulas,France
Kermad,Guipavas,France
Kermaree C/o Les Huitres Iodelices,Gouville-sur-mer,France
Kermaree Sas,Blainville-sur-mer,France
Kernans Diner Drumkeen,Co. Donegal,Ireland
Kernans Eurospar,Newtown Cunningham,Ireland
Kerrigans Mushrooms,Kells,Ireland
Kerrs Bakery,Motherwell,Scotland
Kerry Clash,Tralee,Ireland
Kerry Fish - Limerick (meet Van),Raheen Industrial Estate,Ireland
Kerry Fish C/o Spillane Seafoods,Killarney,Ireland
Kerry Fish Howth Harbour,Howth,Ireland
Kerry Fish Ireland Ltd,Cahirciveen,Ireland
Kerry Fish Packaging,Derreenaling,Ireland
Kerry Foods (shillelagh),Wicklow,Ireland
Shannon Transport,Limerick,Ireland
Millennium Park,Co Kildare,Ireland
Kerry Foods,Coleraine,Northern Ireland
Kerry Foods Listowel,Listowel,Ireland
Kerry Foods,Newmarket,Ireland
Kerry Group,Naas,Ireland
Kerry Ing & Flavours Ltd,Glasgow,Scotland
Kerry Ingredients & Flavors,Sutton In Ashfield,Uk
Kerry Ingredients Birstwith,Harrogate,Uk
Kerry Ingredients Carrigaline,Carrigaline,Ireland
Kerry Listowel Parking (applegreen Service Station,Listowel,Ireland
Kerry Newmarket,Newmarket,Ireland
Kerry Omagh,Omagh,Northern Ireland
Kerry Portadown Parking,Craigavon,Uk
Kerry Premium -,Cromane,Ireland
Kerrygold Butter Packaging Ireland Ltd,Mitchelstown,Ireland
Kerrys Bakery Ltd,Motherwell,Scotland
Kestral Hydraulics Ltd,Cookstown,Northern Ireland
Kettle C/o Pollybell Farms,Doncaster,Uk
Kettle Produce Ltd,Cupar,Scotland
Kettle Produce Ltd,Cupar,Scotland
Kettle Produce,Fyfe,Scotland
Kettle Produce,Royaume,Scotland
Kuehne & Nagel,Sommacampagna,Italy
Keuhne And Nagel Cargo,Hounslow,Uk
Kevin Burke Tyres,Galway,Ireland
Kevin Duffy,Carndonagh,Ireland
Kevin Hancock Ltd,Newark,Uk
Kevin Kilroy,Westport,Ireland
Kevin Kilroy C/o Sofi,Westport,Ireland
Kevin Lydon  - Bundoragha Pier,Leenane,Ireland
Kevin Mc Connon Meats,Rathangan,Ireland
Kevin Mcdaid,Malin,Ireland
Kevin Stansfield Ltd,Grimsby,Uk
Kg(ridderkerk),Ridderkerk,Holland
Kgh Customs Services (italy),Orbassano,Italy
Kgh Customs Services Schweiz Ag ( Hermes ),Pratteln,Switzerland
Kgi C/o,Usa,Us
Kgi,Us,Us
Kgi,Us1,Us
Kgi,Usa,Us
Kgi,X,Us
Kgi,,Us
Kiabi Id Logistics,Tarragona,Spain
Kieran And Paul Mc Hugh,Donegal,Donegal
Kieran Hartnett Pork & Bacon Wholesale,Tralee,Ireland
Kieran Walsh(hacketts Mushrooms),Co Monaghan,Ireland
Kif Ltd,Hartlepool,Uk
Kildavanan Seafoods Limited,Fleetwood,United Kingdom
Kilbride Classic Cuisine,Baldoyle,Ireland
Kildare Chilling Company,Kildare,Ireland
Kildare Farm Foods,Kildare,Ireland
Kilhorne Seafoods,Mullartown,Northern Ireland
Kilkeel Seafoods,Kilkeel,Uk
Kilkenny Truck Centre,"Kilkenny,",Ireland
Kilkenny Truck Centre,Kilkenny,Ireland
Kilkieran Pier,Connemara,Ireland
Killala Bay Transport,Ballina,Ireland
Killary Fjord Shellfish C/o Joyces Recess,Recess,Ireland
Killary Fjord Shellfish C/o Ott Moycullen,Moycullen,Ireland
Killary Fjord Shellfish,Leenaun,Ireland
Killary Salmon Farm,Connemara,Ireland
Killimer Ferry Terminal,Killimer,Ireland
Killough Oysters - Luc Bonnargent,Clough,Northern Ireland
Killough Oysters C/o Mcnabb Waste,Downpatrick,Northern Ireland
Killough Oysters Ltd,Downpatrick,Northern Ireland
Killowen Shellfish (killowen Yard),Kilkeel,Northern Ireland
Killowen Shellfish C/o Brian Grew,Kilkeel,Northern Ireland
Killowen Shellfish C/o Keenan Oysters,Carligford,Ireland
Killowen Shellfish,Annalong,Northern Ireland
Killybegs Harbour,Killybegs,Ireland
Killybegs Seafoods Unlimited,Killybegs,Ireland
Kilmore Storage/carn Coldstore,Craigavon,Uk
Kilofresh,Urk,Netherlands
Kima Srl,Arzergrande,Italy
Kimawirie,Port-sainte-marie,France
Kimex Direct Cash & Carry,Tyrconnell Road,Ireland
Kinaxia Fresh Freight Group,Sunderland,Uk
King Brothers,Peterborough,Uk
King Foods,Aberdeen,Uk
King Sea Food,Boulogne-sur-mer,France
King Sea Food,Choisy-le-roi,France
King Sitric,Howth,Ireland
Kingdom Foods Distribution Ltd,Tralee,Ireland
Kingfield Works,Sheffield,Uk
Kingspan Insulation Limited,Pembridge,Uk
Kingspan Water & Energy Ltd,Craivagon,Northern Ireland
Kingspan,Malton,Uk
Kingsway Fish Co,Grimsby,Gb
S P (hull) Ltd,Grimsby,Gb
Kinmel Services,Rhyl,Uk
Kinnegad Plaza,Co.westmeath,Ireland
Kinza Foods,Bolton,Uk
Kirkby Tyres,Liverpool,Uk
Kish Fish Sales,Coolock,Ireland
Kishorn Port & Dry Dock Ltd,Strathcarron,Uk
Kitchen Access,Citywest,Ireland
Kitchen Range Foods Ltd,Huntingdon,Uk
Kitchen Range Foods,Peterborough,Uk
Kivits -goes Handling Bv,Barendrecht,Holland
Kivits Drunen,Waalwijk,Holland
Kivits(gragtmanssstraat 3a),Waalwijk,Holland
Kivits-goes Handling Bv Kg2,Barendrecht,Holland
Kivits-goes Handling Bv,Ridderkerk,Netherlands
Kivits-goes Ridderkerk,Ridderkirk,Netherlands
Kk Produce,The Ward,Ireland
Klemme Ag Werk 4,Nordhausen,Germany
Klemme,Eisleben,Germany
Klg Bradford,Bradford,Uk
Klimagiel Creazioni B.f. C/o Zamboni Componenti,Ronco All'adige,Italy
Klimat Transport & Logistik Ab,Helsingborg,Sweden
Kln Trading,Boulogne Sur Mer,France
Kloosterboer Arras Sasu,Bailluel Sir Berthoult,France
"Km 399 Sens Paris > Strasbourg, A.",Keskastel,France
K+n Perishable Handling Centre,Hounslow,England
Kn Network Services,East Kilbride,Uk
Cooke K&n,Falkirk,Uk
Knk Poultry,Birmingham,Uk
Knowles Transport Ltd,March,United Kingdom
Knockanore Farmhouse Cheese,Knockanore,Ireland
Know Medical,Viadana,Italy
Knowles Logistics Ltd,Wisbech,Uk
Knowles Logistics,Wimblingdon,Uk
Knowles Logistics,Wimblington,Uk
Knowles Logistics,Wisbech,Uk
Koel En Vrieshuis Reimerswaal,Kruiningen,Netherlands
Koel- En Vrieshuis Klaas De Jong,Ag Bunnik,Netherlands
Koelcentrum Zederik  Locatie Gorinchem,Gorinchem,Netherlands
Koelhuis Nedcool Kerkdriel,Kerkdriel,Netherlands
Kohrener Landmolkerei Gmbh,Penig,Germany
Kohyo Uk Ltd,Barking,England
Kolak Snack Foods,London,Uk
Kolak Snack Foods,Wembley,Uk
Komolo,Dulles International Airport,Us
Konrad Linder Gmbh & Co. Kg Baked Goods,Grobenehrich,Germany
Kontinent Spedition,Bollberg,Germany
Koornstra & Co. Bv,De Lier,Netherlands
Kopek Bv,Yerseke,Netherlands
Kopke Group Centro Logistico E Engarrafamento,Vila Nova De Gaia,Portugal
Koral S.a.,Kukinia,Poland
Paradise Food Distribution Korea Inc.,,Kr
Korf Vis Bv,Urk,Netherlands
Scottish Import Finefood Gmbh,Boulogne-sur-mer,France
Whitelink Seafoods Limited,Boulogne Sur Mer,France
Westcoast Seafood E.k,Boulogne-sur-mer,France
Rungis Express Gmbh,Boulogne-sur-mer,France
Adri & Zoon Bv,Boulgogne Sue Mar,France
Het Urker Zalmhuys B.v. C/o Kotra,Bsm,France
Kotra France,Boulogne-sur-mer,France
Kotra Logistics,Yerseke,Netherlands
Michael Beierer / Seafood Ecosse,Boulogne,France
Blue Ocean Seafood Gmbh,Boulogne-sur-mer,France
Kd Seafood Denmark Aps,Boulogne,France
Kp Frozen Foods / Logistics,Birkenhead,Uk
Kraaijeveld Groente En Fruit Bv,Maasland,Holland
Kraker Trailers Axel,Axel,Holland
Krause Metall Gmbh,Hernhut,Germany
Krd Fisheries,Killorglin,Ireland
Krd Fisheries  C/o Daly's,Cahirceiveen,Ireland
Krd Seafoods Ltd C/o Spillane Seafoods,Killarney,Ireland
Krehalon Uk Ltd,Hull,Uk
Krijn Verwijs Bv,Yerseke,Netherlands
Krijn Verwijs C/o Warrenpoint,Newry,Northern Ireland
Kruger & Co. Kg,Bergisch Gladbach,Germany
Krumbacher Speditions Gmbh,Krumbach,Germany
Ksm Coldstore,Kilmore,Northern Ireland
Ktc Edible Oils,Bootle,Uk
Ktc Edibles Ltd,Wednesbury,Uk
Kuchenmeister Soest,Soest,Germany
Kuehne & Nagal (glen Aris),Ballyboughal,Ireland
Kuehne & Nagel (harristown),Swords,Ireland
Kuehne & Nagel (ireland) Limited,Dublin,Ireland
Kuehne & Nagel (s T G ),Vallet,France
Kuehne & Nagel - Derby,Derby,Uk
Kuehne & Nagel - Heathrow,London,Uk
Kuehne & Nagel - Heathrow,Heathrow,Uk
Kuehne & Nagel Drinks Logistics,Livingstone,Uk
Kuehne & Nagel East Midlands Gateway,Derby,Uk
Kuehne & Nagel Gxo Dc3,Sutton Coldfield,Uk
Kuehne & Nagel Logistics B.v,Tilburg,Netherlands
Kuehne & Nagel Ltd,Tamworth,Uk
Kuehne & Nagel S.a.r.l,Contern,Luxembourg
"Kuehne & Nagel,",Saint Helens,Uk
Kuehne & Nagel- Compans,Compans,France
Kuehne & Nagle C/o Lloyds Transport,Tamworth,Uk
Kuehne + Nagek Road,Trange,France
Kuehne + Nagel Ireland Ltd,Dublin 15,Ireland
Kuehne + Nagel Ireland Ltd,Northwest Logistics Park,Ireland
Kuehne + Nagel Ltd,Reading,Uk
Kuehne + Nagel Prestwick,Prestwick,Scotland
Kuehne + Nagel Sasiedzka,Gdansk,Poland
Kuehne + Nagel,Ballyboughal,Ireland
Kuehne + Nagel,Zdice,Czech Republic
Kuehne Nagel - Gxo Depot,Santry,Ireland
"Kuehne Nagel,",Gadki,Poland
Kuehne+nagel Road S.a.s,Emerainville,France
Kuhn Transport Und Lagerungsesellschaft,Ostbevern,Germany
Kulton Transport Spolka,Czekanow,Poland
Ledenez - Kulture 29,St Pol De Leon,France
Kurmark,Bolzano,Italy
Gorttfried Kurth,Hilden,Germany
Kush Kenmare-dockets Collection,Kenmare,Ireland
Kush Kenmare,Kenmare,Ireland
Kush Seafarms Ltd,Ardgroom,Ireland
Kush-cromane,Killorglin,Ireland
Kush-dinish Island Ctb,Castletownbere,Ireland
Kush-killarney,Killarney,Ireland
Kutter D.o.o.,Slovenia,Slovenia
Kuypers Graszoden,Biezenmortel,Netherlands
Kvibo D.o.o.,Trzic,Slovenia
Kvibo D.o.o.-,Gorizia,Italy
Kyte Powertech,Cavan,Ireland
L & D Flowers Ltd,Spalding,United Kingdom
L Connaughton & Sons,Dublin,Ireland
L F B Coldstore,Ploermel,France
L J Miers Ltd,Huntingdon,Uk
L&d Flowers Ltd,Spalding,Uk
L&e Apfel Ltd,London,Uk
L'acquachiara S.r.l.,Taglio Di Po Ro,Italy
L'aquila,London,Uk
L'argonaute  (delanchy),Boulogne-sur-mer,France
L'argonaute Atelier,Grand-fort-philippe,France
L'argonaute,Boulogne-sur-mer,France
L'assiette Bleu,Pouzauges,France
L'atelier D'oleron - Eric Gaboriau,Dolus D'oleron,France
L'estran Penestin,Penestin,France
L'estran Sas,Penestin,France
L'haliotis  (delanchy),Boulogne-sur-mer,France
L'huitre De La Prise Du Four,Breuillet,France
L'huitre Gaboriau,Dolus D'oleron,France
L'huitriere De Re,Ars-en-re,France
L'huitriere De Re Drop To La Criee La Rochelle,La Rochelle,France
L'oasis Restaurant Routier,Saint Jean De Beugne,France
L'océan De L'huître,Marennes,France
L'oleronaise,Le Chateau D'oleron,France
L. Wackler Wwe. Nachf.,Wilsdruff,Germany
L184,Boulogne-sur-mer,France
L185,Boulogne Sur Mer,France
L343,Boulogne-sur-mer,France
L422,Boulogne-sur-mer,France
L441,Boulogne-sur-mer,France
L538,Boulogne-sur-mer,France
L833,Boulogne Sur Mer,France
La Belle De Ronce,La Tremblade,France
La Bouchot Des Deux Caps,Audinghen,France
La Boulangere - Viennoiserie Ligerienne,Mortagne-sur-sèvre,France
La Boulangerie (ouest Boulangerie),Les Herbiers,France
La Cabanajam,Saint Martin De Re,France
La Cabane Aux Coquillages,Nevez,France
Cabane Aux Coquillages,Concarneau,France
La Cabane Aux,Concarneau,France
La Cabane De Pampin Via Le Cree La Rochelle,Rivedoux Plage,France
La Cabane Oceane Scea,Paimpol,France
La Cabane Oceane (oystory),La Flotte,France
La Cancale De Belon C/o La Vivaraise,Hirel,France
La Compagnie Des Desserts,Orly,France
La Conchiglia Societa Cooperativa,Napoli,Italy
La Criee (boulogne-sur-mer),Boulogne-sur-mer,France
La Criee - Le Port,La Rochelle,France
La Criee De Brest,Brest,France
La Criee La Rochelle,La Rochelle,France
La Criee,Concarneau,France
La Famille Boutrais,Le Chateau D'oleron,France
La Fournee Doree Lorraine,Marie Aux Chenes,France
La Fournee Doree,La Mothe Achard,France
La Granja Foods,Moja,Spain
La Houle Maree,Saint Guenole,France
La Jara,Mareno Di Piave,Italy
La Lorraine Bakery Group,Erpe-mere,Belgium
La Lorraine Barchon,Barchon,Belgium
La Macchina Manufactoring Ltd T/a Bosca Pizza,Naas,Ireland
La Maison Henry C/o Huitres Joguet,L'houmeau,France
La Martinoise Sca,St Martin D Auxigny,France
La Morella Nuts,Reus Tarragona,Spain
La Para Rociera,Santa Cruz De Mudela,Spain
La Pecherie U Luvassu,Monaco,France
La Perle Fine,Gouville-sur-mer,France
La Petit Mataret,La Tremblade,France
La Provencale,Leudelange,Luxembourg
La Provencale Sarl,Bouogne Sur Mer,France
La Provencale Sarl,Boulogne-sur-mer,France
Hugo Dubno Ag,Hendschiken,Switzerland
La Rioja Alta Sa,Haro,Spain
La Rousse Foods Ltd,Loughmourne,Ireland
La Rousse Foods,Ballyragget,Ireland
La Rousse Foods,Dublin 12,Ireland
La Vivaraise,Vilde La Marine,France
La Viviere,Le Vivier Sur Mer,France
La Viviere,Cherrueix,France
Label Du Large,Cherbourg,France
Label Tech,Dublin 9,Ireland
Label World,Swords,Ireland
Green Seed C/o  Norfrigo 9,Wimille,France
Labeyrie Fine Foods C/o Newcold,Argentan,France
Labeyrie Fine Foods C/o Stef,St Aignan De Grand Lieu,France
Labeyrie Fine Foods France,St Vincent D Tyrosse,France
Labeyrie Fine Foods France,Argentan,France
Labeyrie Fine Foods France,Montauban-de-bretagne,France
Labeyrie Fine Foods,Argentan,France
Labeyrie Fine Foods,Saint-geours-de-maremne,France
Laboratoire Geomar Sas,Saint Malo,France
Laboratoire Nouvelles Vagues,Boulogne Sur Mer,France
Laboratorios Alter Sa,Madrid,Spain
Lac Patrick,Dublin,Ireland
Lactalis Logistique & Transports,Laval,France
Lactalis Nestle,Lisieux,France
Lactalis,Bondues,France
Laeso Fish,Laeso,Denmark
Laeso Fish Ltd,Peterhead,Uk
Lafond Christophe Area 33,La Teste-de-buch,France
Lagar De Costa,Castrelo,Spain
Lahaye Global Logistics,Vern-sur-seiche,France
Lahaye International,Pleudihen-sur-rance,France
Lahinch Golf Club,Lahinch,Ireland
Lailas Fine Foods,Blackpool,Uk
Lainox Ali Group,Vittorio,Italy
Laita/laiterie Du Val D'ancenis,Ancenis,France
Laiterie Corcieux,Corcieux,France
Lakeland Agri Ltd (tullynahinera),Castleblaney,Ireland
Lakeland Dairies,Co. Monaghan,Ireland
Lamberlink Logistiek,Hardenberg,Netherlands
"Lambertz Zentrallager,",Erbach,Germany
Landshandilin Denmark Aps,Faroe Isalnds,Faroe Isalnds
Land And Sea Rijejka,Rijejka,Croatia
Land And Sea,Opatija,Croatia
Land And Sea,Croatia,Croatia
Landrover / Unipart,Swadlincote,Uk
Landshandilin,Tórshavn,Faroe Isalnds
Landshandilin Danmark Aps,Boulogne Sur Mer,France
Landshandilin,Boulogne-sur-mer,France
Landshandilin,Hounslow,England
Landshandlin Danmark Aps,Copenhagen,Denmark
Langan Couriers,Oranmore,Ireland
Langdons Express  Bridgwater,Bridgewater,England
Langdons Ltd,Bridgewater,Uk
Langdons Ltd,Bridgewater,Uk
Langdons Redditich,Redditich,Uk
Langdons,Barnsley,United Kingdom
Langdons,Motherwell,Scotland
Langdons,Peterborough,Uk
Langdons C/o Gerber,Bridgewater,Uk
Langowski Agent,Swiecko,Poland
Lankel Ltd,Dublin,Ireland
Lankem Ltd,Ashton Under Lyne,Uk
Lans (haluco),De Lier,Holland
Lans Westland Bv,Maasdijk,Holland
Landshandilin Co K&n,Hounslow,England
Lanterne Rosse Srl,Pomezia,Italy
Lantmannen Unibake Mouscron,Mouscron,Belgium
Lapeyre Logistique,Rungis,France
Larfrost,Rekkem,Belgium
Larne Port Health,Larne,Northern Ireland
Larne Port Parking,Belfast,Northern Ireland
Las Capotinas S.a.,Boulogne Sur Mer,France
Laser Shipping Company Dac,Dublin,Ireland
Lassalle Fillets,Boulogne Sur Mer,France
Lat Eko Food Ltd,Latvia,France
Laterie Du Val Ancenis,Ancenis,France
Lau Van Haren Logistics,Weurt,Netherlands
Laure Boutemy,Montgisgard,France
Laurent Bidart,Arcachon,France
Lavasca Parking,Villarrubio Cuenca,Spain
Lavins Fruit & Veg Ltd,Castlebar,Ireland
Lavoro Del Roero,Canale,Italy
Lavorwash Spa,Pegognaga,Italy
Law Distribution Ltd,Haydock,Uk
Lawa Hefeknodelspezialitaten Gmbh,Olbernhau,Germany
Lawlor Meats,Athlone,Ireland
Layby A41 South,Aylesbury,Uk
Layby Parking,Stoneyford,Ireland
Layby Waterford,Waterford,Ireland
Layby,Waregem,Belgium
Lays Wholesale Meats,Rugeley,United Kingdom
Lazer Transport International,Hythe,Uk
Lba2,Doncaster,Uk
Lba9,West Yorkshire,Uk
Lbc Bondues (59) (fr01 400710),Bondues,France
Lbp,Maasdijk,Netherlands
Lcp Aquitaine,"Boulogne-sur-mer,",France
Ld Vins C/o Dartess,Blanquefort,France
Le Belier By Delanchy,Boulogne-sur-mer,France
Le Belier,Boulogne Sur Mer,France
Le Bulotier,Pirou,France
Le Bulotier,Saint-lô,France
Le Cabanon De L'huitre (david Herve),Saint-just-luzac,France
Le Cha,Landeda,France
Le Chalut Des 2 Ports *via Delanchy*,Boulogne-sur-mer,France
Le Chalut Des 2 Ports *via Mesguen*,Boulogne-sur-mer,France
Le Comptoir By Planet Sa C/o Stef-bsm,Boulogne-sur-mer,France
Le Contesse Srl.,Vazzola (tv),Italy
Le Coz Maree (via Mesguen) - Boulogne-sur-mer,Boulogne-sur-mer,France
Le Creff Ets Sarl,Sainte Helene,France
Le Cren,Rungis,France
Le Cri Maree,Boulogne-sur-mer,France
Le Fumoir De Provence,Boulogne Sur Mer,France
Le Fumoir De Provence,La Seyne Sur Mer,France
Le Grenier D'olivier,Zone Industrielle,France
Le Gros Eric - Les Huitres De L Ile De Seniz,Locmariaquer,France
Le Guilberville,Guilberville,France
Le Leuch,Keroman,France
Le Lien Limited,Grimsby,Gb
Le Lien Ltd - Grimsby,Grimsby,Uk
Le Lien,Hull,England
Le Marché Aux Poissons Lecanu,Boulogne Sur Mer,France
Le Marin Traiteur  Sarl C/o K&n,Hatton,Uk
Le Meitour,Crach,France
Le Monde Des Crepes,Lamballe,France
Le Moulin Du Couvent (delanchy),Boulogne-sur-mer,France
Le Pain Croustillant Delifrance Uk,Southall,Uk
Le Petit Fume Dromois,Grignan,France
Le Petit Fume Dromois,Boulogne-sur-mer,France
Le Petit Fume,Boulogne-sur-mer,France
Le Relais De Castets,Castets,France
Le Rocher Du Lion (delanchy),Boulogne-sur-mer,France
Le Roy Logistique Cholet,Cholet,France
Le Royaume De L'ocean - Delivery Huitres Gazeau,Bourcefranc Le Chapus,France
Le Vigne Di Pettini Andrea,Montenero D’orcia,Italy
Leathams Ltd,Chelmsford,Uk
Lebeaupin Jean Srl,Reze,France
Maresca Limited,Boulogne-sur-mer,France
Leca Maree,Rungis,France
Lecanu C/o Delanchy,Boulogne-sur-mer,France
Lechef Agen,Agen,France
Lecoz Maree,Boulogne-sur-mer,France
Lecri Maree,Boulogne-sur-mer,France
Ledenez,Pleumeur Gautier,France
Ledo Plus D.o.o,Sesvete,Croatia
Ledo Plus D.o.o,Zagreb,Croatia
Lee Hunter,Dungloe,Ireland
True World,12341,Us
Leeds Bradford Truck Stop,Bradford,England
Leeds Skelton Lake Services,Leeds,Uk
Leeming Bar Services,Bedale,Uk
Lees Of Scotland,Coatbridge,Scotland
Leeshun Catering Supplies Ltd,Glasgow,Scotland
Leeways Packaging Services Ltd,Lobstock,Uk
Leeways Warehousing & Distribution Centre,Gloucestershire,Uk
Leger Freres,Bourcefranc-le-chapus,France
Legorburu Aduanas S L,Irun,Spain
Legris Benjamin,Plouguerneau,France
Legro,Helmond,Netherlands
Mericq Sas,Le Havre,France
Lehvoss Uk Ltd.,Hanley,Uk
Leisure Industrials,Carlisle,Uk
Leiver Brothers,Bristol,Uk
Lemarie Primeurs Sas,La Gouesniere,France
Lemonpath Ltd,Leicester,Uk
Len Wright Salads,Preston,United Kingdom
Lenehan Transport,Dublin,Ireland
Lenger Seafood - Warrenpoint,Warrenpoint,Northern Ireland
Lenger Seafood - Kilkeel,Kilkeel,Northern Ireland
Lenger Seafoods,Yerseke,Netherlands
Lenne Frederick,Favieres,France
Leo Laboratories,Dublin,Ireland
Leonard Primeurs Vilargren,Cleder,France
Lepore Mare Spa,Carini,Italy
Lepore Mare Spa,Modugno,Italy
Lequertier (via Mesguen) - Boulogne-sur-mer,Boulogne-sur-mer,France
Le Royaume Des Mers,Boulogne,France
Leroy Seafood Netherlands B.v.,Urk,Netherlands
Les 3 M,Bouin,France
Les Caves De Landiras,Landiras,France
Les Caves De Landiras,Landrais,France
Les Chalutiers Boulonnais,Boulogne-sur-mer,France
Les Chalutiers Boulonnais C/o John Driege,Boulogne,France
Les Coquillages De La Baie D'isigny,Gefosse-fontenay,France
Les Dentelles De Thau Expedition,Meze,France
Les Deux Ports,Boulogne-sur-mer,France
Les Délices D'annie Sarl,Bressols,France
Les Entrees De La Mer,Boulogne,France
Les Filets D'erquy,Boulogne Sur Mer,France
Les Frigos Du Confluent,Damazan,France
Les Grand Buffets,Montady,France
Les Grand Buffets,Boulogne-sur-mer,France
Les Grand Buffets,Nevian,France
Les Hauts De Palette,Beguey,France
Les Huitres Bastille,Le Tour Du Parc,France
Les Huitres De Kermor,Carantec,France
Les Huitres Du Moulin,Baden,France
Les Huitres Dubault,Dolus D'oleron,France
Les Huitres Gazeau,Bourcefranc-le-chapus,France
Les Huitres Roumégous,Bourcefranc-le-chapus,France
Les Jardins De La Francaise,Lafrancaise,France
Les Jardins Ostreicoles De Tatihou,Saint-vaast-la-hougue,France
Les Moulins De St Amel,Cleguerec,France
Les Parcs St Kerber,Cancale,France
Les Pecheries Du Cotentin,Tourlaville,France
Les Produits Cotiers-boulgone Sur Mer,Boulogne Sur Mer,France
Les Produits Côtiers .,Boulgone Sur Mer,France
Les Produits Côtiers C/o Mesguen,Boulgone Sur Mer,France
Les Produits Côtiers,Boulgone Sur Mer,France
Les Produits Côtiers // Delanchy,Boulogne Sur Mer,France
Les Sirènes Boulonnaises,Boulogne Sur Mer,France
Les Sirenes Boulonnaises,Boulogne Sur Mer,France
Les Sirènes Boulonnaises,Boulogne Sur Mer,France
Les Sirènes Boulonnaises,Boulogne Sur Mer,France
Les Vergers D Anjou Sca,Saint Sylvian D Anjou,France
Les Vergers De Chantesaie,Chenu,France
Les Vergers De Mataly,Montauban,France
Les Vergers Du Bocage,Foussais-payre,France
Les Vergers Launay,St Paterne Racan,France
Les Verges Jacques Timmerman Sarl,Vion,France
Les Vignes Marines,Guerande,France
Les Vignobles Foncalieu,Arzens,France
Les Vins De Crus (sas),Bruges,France
Les Viviers D'armor,Cancale,France
Les Viviers D'armor,Ille-et-vilaine,France
Les Viviers D'oléron,Dolus D'oleron,France
Les Viviers Dauphin,Ploubazlanec,France
Les Viviers De Banastere,Le Tour-du-parc,France
Les Viviers De Camaret,Camaret Sur Mer,France
Les Viviers De Cancale,Cancale,France
Les Viviers De L'océan,Esnandes,France
Les Viviers De La Foret,La Foret Fouesnant,France
Les Viviers De La Mine Drop To La Criee La Rochell,La Rochelle,France
Les Viviers De La Rance,Saint-suliac,France
Les Viviers De Lechiagat,Treffiagat,France
Les Viviers De Porsguen,Plouescat,France
Les Viviers De Roscoff,Roscoff,France
Les Viviers De Thau,Meze,France
Les Viviers Du Logeo,Sarzeau,France
Les Viviers De Porsguen,France,France
Leslie And Parsons,Burry Port,Uk
Letterard Pier,Glinsk,Ireland
Letterkenny Trailer Swoop,Letterkenny,Ireland
Leveque Earl - Plouezoc'h (area 29),Plouezoc'h,France
Levis Maree / Delanchy,Boulogne Sur Mer,France
Lfp By Delanchy,Rungis,France
Lhd Ltd,Lerwick,Uk
Lia Domagne,Domagne,France
Liam Casey - West Coast Shellfish,Killorglin,Ireland
Liam Hayes,Killorglin,Ireland
Liam Mc Guinness,Moville,Ireland
Liam O Connor (l&m O'connor Shellfish),Cromone,Ireland
Liberty Wines C/o Dvl,Ballycoolin,Ireland
Libra Seafoods,Jarrow,Uk
Lidl (rdc),Peterborough,Uk
Lidl (rdc),Wednesbury,Uk
Lidl Rdc,Newbridge,Ireland
Lidl Belvedere,Belvedere,Uk
Lidl Bridgend (rdc),Bridgend,Uk
Lidl Charleville Parking Spot,Charleville,Ireland
Lidl Exeter,Exeter,Uk
Lidl House,Surbiton,United Kingdom
Lidl Ireland Head Office,Tallaght,Ireland
Lidl Liffre / Lahaye Logistique,Cesson Sévigné,France
Lidl Newton Aycliffe Rdc,Newton Aycliffe,United Kingdom
Lidl Northfleet,Northfleet,Uk
Lidl Rdc - Walsal,Walsall,Uk
Lidl Rdc Enfield,Enfield,Uk
Lidl Rdc Luton,Dunstable,Uk
Lidl Rdc Charleville,Charleville,Ireland
Lidl Rdc Mullingar,Mullingar,Ireland
Lidl Rdc - Bristol,Avonmouth,Uk
Lidl Rdc,Manor Park,Uk
Lidl Rdc,Motherwell,Scotland
Lidl Rdc,Nutts Corner,Northern Ireland
Lidl Southampton,Southampton,Uk
Lidl,Doncaster,United Kingdom
Lidll,Doncaster,Uk
Lieferschein,Ellistown,Uk
Liffey Meats,Ballyjamesduff,Ireland
Liffey Mills,Roscrea,Ireland
Lightbody Eurocentral Finsbury Food Group,Motherwell,Scotland
Lild Digital International Gmbh & Co,Grossbeeren,Germany
Liliane Pecout,Lancon De Provence,France
Limehouse Board Mills Ltd,Witham,Uk
Limerick C&c - Marketplace,Limerick,Ireland
Limerick Foodservice - Arctic Cuisine,Limerick,Ireland
Limerick Frozen Foods / Iceland,Kilkeely Road,Ireland
Limerick Parking - Supermacs,Limerick,Ireland
Limoux Distribution,Limoux,France
Limpac-crewe Depot,Crewe,Uk
Linco Care Ltd,Manchester,Uk
Linconshire Field Prod Ltd,Spalding,Uk
Lindab Ireland Ltd,Walkinstown,Ireland
Lindan Foods Retaile Site,Granville,Northern Ireland
Linde Material Handling Ltd,Ballymount,Ireland
Linden Foods,Dungannon,Northern Ireland
Lineage Gillingham,Gillingham,Uk
Lineage Grimsby,Grimsby,Uk
Lineage Harnes,Harnes,France
Lineage Heywod,Heywood,Uk
Lineage Logistics Cold Store,Coleshill,Uk
Lineage Logistics Of Holmewood,Chesterfield,Uk
Lineage Logistics,Bellshill,Scotland
Lineage Logistics,Birmingham,Uk
Lineage Logistics,Gloucester,Uk
Lineage Logistics,Wisbeach,Uk
Lineage Newark,Newark,Uk
Lineage Peterborough,Peterborough,Uk
Lineage Seaham,Seaham,Uk
Lineage,Bergen Op Zoom,Netherlands
Lineage,Heule,Belgium
Lineage,"Kortrijk,",Belgium
Lineage,Leper,Belgium
Lineage,Romans Sur Isere,France
Lineage,Venlo,Netherlands
Lion Foods B.v,Kapelle,Netherlands
Lions Club Eck Rene,Molsheim,France
Lions Club Eck Rene,Molsheim,France
Lipton Manufacturing Uk Limited,Stretford,Uk
Liquats Vegetals,Viladrau,Spain
Lir Chocolates,"Johnstown, Navan",Ireland
Lisburn Services,Lisburn,Northern Ireland
"Listowel Transport, Banemore, Co. Kerry",Listowell,Ireland
Listowel Transport,Tralee,Ireland
Little Mill Farm,Tonbridge,Uk
Littleport Mushrooms Farm,Littleport,Uk
Lituanica Ltd,Ballycoolin,Ireland
Livorno,Livorno Port,Italy
Livraison Sas Huitres Pinteaux,Saint Vaast La Hougue,France
Llankay Sl,Boulogne Sur Mer,France
Llankay,Madrid,Spain
Lnuf/lactalis,Saint-martin-des-entrees,France
Loading Cromane For Verwijs,Cromane,Ireland
Lobster Fish C/o,Wimille,France
Lobster Fish Nv,Rue Alexadre Adam 21,France
Lobster Fish Nv,Deerlijk,Belgium
Locker Trawlers Limited,Whitby,England
Locagel (delifrance),Vendin Le Veil,France
Locagel,Vedin Le Vieil,France
Loch Lomond Shores,Alexandria,Scotland
Lochlannoch Teoranta,Corr Na Mona,
Locit Limited,Deeside,Uk
Lodewijks Meat B.v.,Gn Lith,Netherlands
Logi Four,Pijnacker,Netherlands
Logifreez Srl (mapesca),Monteprandone,Italy
Logisistic Business Partners,Massdijk,Holland
Logistica Ezquerro,Calahorra,Spain
Amazon Dxm5,Manchester,Uk
Logistique Internationale,Carvin,France
Logistique Internationale,Rungis,France
Logistique Transport Le Goff,Ergue-gaberic,France
Logistique Wilo Salmson,Louverne,France
Logstrup Ireland Ltd,Tuam,Ireland
Logtek - Barnsley,Barnsley,Uk
Logtek - Spalding Traywash,Spalding,England
Logtek,Bristol,Uk
Logtek,Crewe,Uk
Lombardi,Us,Us
Lombardi,Usa,Us
Lombardi,Usa 2,Us
Lombardi,,Us
Lomond - The Wholesale Food Co,Glasgow,Scotland
London City Bond,Barking,Uk
London City Bond,Burton Upon Trent,Uk
London City Bond,Linton,Uk
London City Bond,Thurrock,Uk
London City Bond,Tilbury,Uk
London Dublin Meats,Leyonstone,Uk
Southwestraders Ltd,London,Gb
Long Lane Deliveries,Bellshill,Scotland
Lonhienne A  S.p.r.l,Liege,Belgium
Lonki Nv,Temse,Belgium
Look Mam Group,Ballykea,Ireland
Look Mam Limited,Balbriggan,Ireland
Ste Jaffray Sa,Lorient,France
Loriere'fruits,Saint Aubin Le Depeint,France
Lossie Seafoods,Buckie,Scotland
Lossie Seafoods Arbroath,Arbroath,Scotland
Lossie Seafoods Ltd,Larkhall,Scotland
Loughnanes Wareshouse,Claregalway,Ireland
Louis Saveur Sarl,Jarnac,France
Lovosice Mu/mondelez,Lovosice,Czech Republic
Lowrie Foods,Newcastle,Uk
Loxxess Haiming Gmbh,Haiming,Germany
Lozach Maree *via Mesguen*,Boulogne-sur-mer,France
Lozach,Boulogne-sur-mer,France
Lpc Southall,Southall,Uk
Lpc,Le Chapelle D'aligne,France
Lpw Truckwash Purfleet,South Ockendon,United Kingdom
Lrg Logistics Sa Bannwil,Bannwil,Switzerland
Lsdh,Saint Denis De L'hotel,France
Lspb Naaburs Oosterhout,Oosterhout,Netherlands
Lspb Nabuurs,Oosterhout,Netherlands
Lt Warehouse,Co.dublin,Ireland
Lt Warehouse,Tralee,Ireland
Ltm Service,Villejust,France
Ltn4,Bedfordshire,Uk
Lubbert / Der Fischwirt,Bremerhaven,Germany
Lubbert / Der Fischwirt,Bremerhaven,Germany
Lubbert,Breskens,Netherlands
Lubriage Ltd,Northampton,Uk
Lucey Transport Logistics,Dublin,Ireland
Lucey Transport Logistics,Rathcoole,Ireland
Ludovic Casrouge,Gouville Sur Mler,France
Ludovic Guintini,Bourcefranc Le Chapus,France
Ludovic Guintini - Ploubazlanec,Ploubazlanec,France
Ludovic Guintini,Paimpol,France
Ludwig Schokolade,Saarwellingen,Germany
Luf  Euro Sp. Z O.o.,Lozienica,Poland
Luga Sabores Sl,Alicante,Spain
Lui Foods Limited,A,Us
Lui Foods Limited,X,Us
Luiknatie,Kallo,Belgium
Luis Lourenco Lda,Marteleria,Portugal
Luis Simones,Llica De Vall,Spain
Luke Mcguinness - Foyle Bia Mara,Moville,Ireland
Lulu Bahrain Hypermarket W.l.l,Xx,Ae
Lulu Bahrain Hypermarket W.l.l,,Ae
Lunar Filleting,Peterhead,Uk
Lunar Coldstore,Peterhead,Uk
Lunar Freezing Coldstore,Peterhead,Scotland
Lunar Freezing,Fraserburgh,Scotland
Lundsoe Kol & Frys - Lineage Logistics,Svenstrup J,Denmark
Lundy Foods,Ballina,Ireland
Lunf Marques Nestle Produits Laitiers Frais,Vallet,France
Lutosa S.a. (949),Leuze-en-hainaut,Belgium
Lutterworth Truck Stop,Lutterworth,Uk
Luwian Fresh B.v.,Ln Barendrecht,Netherlands
Luzern Solutions,Ballycoolin Road,Ireland
Lvl Pomanjou,St Sylvain D Anjou,France
Lwc Drinks,Greengate,Uk
Lymm  Services,Lymm,Uk
Lynas Foodservice,Coleraine,United Kingdom
Lynas Foods,Ballymoney,Northern Ireland
Lynas Foodservice Dublin,Lusk,Ireland
Lynas Foodservice,Gateside Road,Northern Ireland
Lynas Foodservice,Uddingston,Scotland
Lynas Foodservices,Coleraine,Northern Ireland
Lynn Shellfish Ltd,King Lynns,Uk
Lynn's Country Foods Limited,Downpatrick,Northern Ireland
Lyonara Cold Stores,Port Laoise,Ireland
Lyonara Coldstores,Mallow,Ireland
Lyons Park,Coventry,Uk
Lyons Seafoods C/o Jr Harding&sons,Frome,Uk
Lyons Seafoods Ltd,Codford St Mary,Uk
Lyreco Dublin,Rathcoole,Ireland
Lyreco Uk Ltd,Telford,Uk
L’acquachiara,Chiggia,Italy
M & A Moran Ltd,Navan,Ireland
M & S Transport,Warrington,United Kingdom
M And M Supplies (uk) Plc,Milton Keynes,Uk
M C Trinter,Barcelona,Spain
M Wright & Sons Seafood Ltd,Baldoyle,Ireland
M&a Vegetable Market,Southall,Uk
M&g Mushrooms (m Mckee),Armagh,Uk
M&h Logistics,Aberdeen,Scotland
M&j Mcgowans,Dublin,Ireland
M&k Meats,Greenoge,Ireland
M&m Products Ltd,Dublin,Ireland
M&m Walshe Ltd T/a Ribworld-fethard,Fethard,Ireland
M&p O'sullivan Ltd,Garranedarragh,Ireland
M&s Cumbernauld Am,Lanarkshire,Scotland
M&s Cumbernauld Ni,Castlecary,Scotland
M&s Cumbernauld Pm,Lanarkshire,Uk
M&s Distribution,Bradford,Uk
M&s Motherwell Eire,Lanarkshire,Uk
M&s Milton Keynes,Milton Keynes,Uk
M&w Seats,Manchester,Uk
M+k Meats,Dublin,Ireland
M-megron Group ( Schoeller Allibert Uk ),Blackburn,Uk
M.d Salmon,Boulogne-sur-mer,France
M.l.& S. Europa Societa'a,Monteprandone Ap,Italy
M1 Services Dungannon,Dungannon,Northern Ireland
M11 Gorey Services Area,Gorey,Wexford
M271,Boulogne Sur Mer,France
M386,Boulogne-sur-mer,France
M395,Boulogne Sur Mer,France
M4 Services Enfield,Co. Meath,Ireland
M658,Boulogne-sur-mer,France
M674 (delanchy),Boulogne-sur-mer,France
Ma Provence C/o Delanchy,Boulogne-sur-mer,France
Maastricht/aachen Airport Bv,Maastricht,Holland
Maatwerkbedrijf Bwb Vzw,Londerzeel,Belgium
Mac Font Sa,Boulogne-sur-mer,France
Mac Font Sa,Girona,Spain
Mac Surgelati S.r.l,Caserta,Italy
Mac Trans,Tycor,Ireland
Macanta Nutrition,Ballinasloe,Ireland
Macduff,Mintlaw,Scotland
Macduff C/o O Toole Transport,Bellshill,Scotland
Macduff Crab Load,Grimsby,Uk
Macduff Grimsby Fish Market,Grimsby,United Kingdom
Macduff Newhaven,East Sussex,Uk
Macduff Shelfish,Milford Haven,Uk
Macduff Shellfish France,Tresorie,France
Macduff Shellfish Great Yarmouth,Great Yarmouth,England
Macduff Shellfish,Bristol,Uk
Macduff Shellfish-brixham,Brixham,Uk
Macduff Shellfish,Dover,United Kingdom
Macduff Shellfish,Exeter,Uk
Macduff Shellfish,Gordano,Uk
Macduff Shellfish,Newlyn,Uk
Macduff Shellfish,Glasgow,Uk
Macduff Shellfish,Portsmouth,United Kingdom
Macduff Shellfish,Shoreham,Uk
Macduff Shellfish,Stornoway,Uk
Macduff Wimille,Wimille,France
Cash Sale,Stornoway,Gb
Islander Shellfish,Stornoway,Gb
Seaforth Hotel (stornoway) Ltd,Stornoway,Gb
Mace Services Sligo,Collooney,Ireland
Macfarlane Group,Wicklow,Ireland
Macfarlane Packaging Ireland,Newtown Mount Kennedy,Ireland
Macfont S.a.,Carretera Gi-531,Spain
Machine Collection For Madden,Port De Bessin,France
Mackays,Dundee,Uk
Mackerlich Seafoods,Bellshill,Uk
Mackies Kintore,Kintore,Scotland
Mackies,Inverurie,Scotland
Mackins Concrete & Building Supplies,Newry,Northern Ireland
Mackle (moy) Ltd,The Moy,Northern Ireland
Mackle Pet Foods,Dungannon,Northern Ireland
Macmillan Foods Ex Cairndow,Cairndow,Scotland
Macneil Shellfish,Peterhead,Uk
Macneil,Mintlaw,Uk
Macphie Chilled,Glasgow,Scotland
Mactex Oil Distribution Ltd,Oranmore,Ireland
Mactrans Freight Ltd,Waterford City,Ireland
Mactrans Freight,Waterford City,Ireland
Maddens,Lusk,Ireland
Madec Michel Courtage,Crach,France
Mademoiselle Desserts Vala,Valade,France
Madrias Stock Fougeres,La Selle En Luitre,France
Ender S.l.,Madrid,Spain
Barrufet Seafood S.l,Pinto (madrid),Es
Super Congelado Y Marisco 123 Sl,Madrid,Es
El Pescador Gigante Lhj Sl,Madrid,Es
Madrouques,Sore,France
Maersk Doncaster,Doncaster,Uk
Maersk Middlesex,Feltham,Uk
Maersk  C/o Yussen,Tamworth,Uk
Magasin D'usine Chocolaterie Cemoi,Bourbourg,France
Magatzem Girotruck,Celra,Spain
Magazzini Generali Della Brianza S.p.a.,Concorezzo,Italy
Magis Spa,Pavia,Italy
Magnavale Easton,Grantham,Uk
Magnavale Ltd,Scunthorpe,Uk
Magnavale Ltd,Holmewood,Uk
Magnavale Ltd,Warrington,Uk
Magnavale,Chesterfield,Uk
Magnavale-warringtown,Warrington,England
Magnum Packaging Ltd,Bilingham,Uk
Maico Italis S.p.a.,Lonato Del Garda,Italy
Maidattura Corona S.r.l,Casalserugo,Italy
Maidstone Services,Maidstone,Uk
Mainardi Food Srl,Ronchi Dei Legionari,Italy
Maincrop Potatoes Ltd,Knockin,Uk
Compagnie Boulonnaise De Marée (coboma),Le Portel,France
Philippe Wattez/ta Continental,Wimereux,France
Pomona Foodtrade,Boulogne-sur-mer,France
Ste Jaffray Sa,Redon,France
H Forman & Sons/ Smoked Salmon,London,Gb
Islander Shellfish,Stornoway,Gb
Severn & Wye Smokery Ltd,Westbury On Severn,Gb
Top Atlantique,Lorient,France
Kevin Stansfield Ltd,Grimsby,Gb
Marine Sa,Boulogne-sur-mer,France
Mesguen /  Ddp Saint Pol De Leon,Châteauneuf-du-faou,France
Glory Time International Co. Ltd,Kaohsiung,Taiwan
Marine Products (scotland) Ltd,Glasgow,Gb
Fresh Express Llc,Dubai,Ae
Transgourmet Seafood,Rungis,France
Scapp - Poissonnier Corail,Toulouse,France
J'oceane,Rungis,France
Keohane Seafood Ltd,Cork,Ie
Michael Beierer,Wiesbaden,De
John Driege,Boulogne-sur-mer,France
Tong Thern Industry Co. Ltd,Taipei,Tw
True World Foods Uk Ltd.,Southall,Gb
Johnson Seafood Co. Ltd.,Kaohsiung,Taiwan
Shield Foods (uk) Limited,South Ruislip,Gb
Delifraicheur S.a.r.l.,Bikfaya,Le
Alfred Enderby,Grimsby,Gb
Bakkafrost Usa Llc (hs),Clifton,Us
Marine Quality,Boulgone Sur Mer,France
Shing Lie Jian International Co. Ltd.,Taoyuan City,Taiwan
Avektra,Tallinn,Ee
Sashimi Foods Private Limited,Bangalore,In
Sarl S.n. Dolleans,Le Portel,France
Ocean Fish Srl,"Afumati, Ilfov, Romania",Ro
T & S Enterprises (london) Ltd.,London,Gb
Noordzee International B.v.,Urk,Nl
Reach Food Service Ltd,London,Gb
S P (hull) Ltd,Grimsby,Gb
W. Hodgson (hartlepool) Limited,Hartlepool,Gb
Lerock Ltd,Aberdeen,Scotland
Shoal Seafood Ltd,Waltham Cross,Gb
Sicily Food S.r.l.,Milano,It
"Llankay, S.l.",Madrid,Es
Kohyo Uk Ltd,London,Uk
Skipness Smokehouse,Argyll,Gb
Mainfreight Logistics,Dublin,Ireland
Maison Berjac Marée,Boulogne Sur Mer,France
Maison Berjafc,Reze,France
Maison Boncolac,Bonloc,France
Maison Briau,Estillac,France
Maison Briau 2,Sainte-colombe-en-bruilhois,France
Maison Briau C/o Végécroc,Estillac,France
Maison Burgaud,Bouin,France
Maison Colibri,Pons,France
Maison Dupuis,Portes Des Barques,France
Maison Ginestet Sa,Carignan De Bordeaux,France
Maison Hurtaud,La Rochelle,France
Maison Joanne,Carignan De Bordeaux,France
Maison Le Gris,Plouguerneau,France
Maison Leroy,Oize,France
Maison Margat,Fouras,France
Maison Menissez,Feignies,France
Maison Molen,La Teste De Buch,France
Maison Molen,La Teste De Buch,France
Maison Petit Scea,La Teste De Buch,France
Maison Petit,La Teste De Buch,France
Maison Vedrenne,Libourne,France
Maison You C/o Christophe Morin,La Rochelle,France
Maithias Burke,Westport,Ireland
Maitre Prunille,Casseneuil,France
Maitre Prunille,Saint Quentin Du Dropt,France
Maitres Laitres,Sottevast,France
Majestic Wine Distribution Centre,Hemel Hempstead,Uk
Makro Wholesale Cash & Carry,Dunmurray,Northern Ireland
Malcolm Allan,Larbert,Scotland
Malcolm Logistics,Motherwell,Scotland
Mallow N20 Plaza,Mallow,Ireland
Malton Foods Limited,Malton,Uk
Mamas And Papas Ltd (stores),Huddersfield,Uk
Manche Maree C/o Rouen Maree,Rouen,France
Manche Maree,Cherbourg-en-cotentin,France
"Mandik, A.s.",Hostomice,Czech Republic
Manet Import S. L. (vigo),Vigo,Spain
Manet Import S.l.,Barcelona,Spain
Manet Import,Boulogne-sur-mer,France
Manet Import S.l,Mercabarna,Spain
Mannin Bay-mulranny Collection,Mulranny,Ireland
Mannock Packaging,Ballyconnell,Ireland
Manor Bakeries,Tamworth,Uk
Peleton Produce,Spalding,Uk
Manor Farm,Spalford,Uk
Manor Stone Services,Ballacolla,Ireland
Manrose Manufacturing Ltd,Earley,Uk
Mantos International Food Gmbh,Eisenach,Germany
Mantua Surgelarti,Castelbelforte,Italy
Mapei Uk,Halesowen,Uk
"Mapesca, S.r.l.",Cesenatico,Italy
Mapesca S.r.l.,Monteprandone,Italy
Mapesca,Boulogne-sur-mer,France
Mar Bello,Miragaia,Portugal
"Martinez De Quel, S.l.",Logrono,Spain
Marikomerc,Polinik,Croatia
Marabamar,Alicante,Spain
Maral Food Sl,Malaga,Spain
Marazzi Group S.r.l.,Sassuolo,Italy
Marcel Baey,Bolougne Sur Mer,France
March Cold Stores,March,Uk
Marchesseau,Meon,France
Marchington Industrial Estate,Marchington,Uk
Mardon Ltd,Bp385 - Boulogne Sur Mer Cedex France,France
Mare Gioioso Srl Di Sebastiano,Monopoli,Italy
Mare Italia Srl,Boulogne Sur Mer,France
Mare Nostrum,Taviano,Italy
Mare Vivo,Boulogne Sur Mer,France
Mare Vivo,Castro (le),Italy
Marea Altra B.v.,Urk,Netherlands
Maredoc,Frontignan,France
Maree Des Iles,Pirou,France
Maree Du Cotentin,Tourlaville,France
Maree Du Cotentin,Tourlaville,France
Mares De Galicia,Pontevedra,Spain
Maresca Limited C/o La Bellier,Boulogne Sur Mer,France
Maresca Limited C/o Les Sirenes Boulonnaises,Boulogne-sur-mer,France
Maresca Limited,Boulogne Sur Mer,France
Maresca Limted,Boulogne Sur Mer,France
Maresca Ltd,Boulogne Sur Mer,France
Maresca,Boulogne Sur Mer,France
Maresca,Boulogne Sur Mer,France
Maresmar Sl,Gipuzkoa,Spain
Maresmar Slu,Barcelona,Spain
Maresmar Slu,Boulogne Sur Mer,France
Marfrio S A,Marin,Spain
Margain Maree,Boulogne-sur-mer,France
Margain Maree,Lyon,France
Marikomerc C/o Hub 23,Venice,Italy
Marikomerc Service 2000,Santa Maria Di Sala,Italy
Marikomerc D.o.o,Zadar,Croatia
Marina Fisk Pescados Sa,Boulogne Sur Mer,France
Marine Harvest,Dunfermline,Uk
Marine Products (scotland) Ltd,Glasgow,Scotland
Marine S.a.s,Boulogne-sur-mer,France
J Bennett (billingsgate) Ltd,,Gb
Bell's Seafood Ltd,Bellshill,Scotland
Landshandilin Danmark Aps,Glasgow,Gb
Le Lien Ltd,Glasgow,Gb
Marine Products (scotland) Ltd,Glasgow,Gb
Marinove Oysters,L'epine,France
Marinus Enterprises,Boulogne Sur Mer,France
Marisco Daporta,"Cambados, Pontevedra",Spain
Mariscos Daporta C/o Transportes Frigoríficos Indo,"Aia, Gipuzkoa",Spain
Mariscos Elvira S.l.,Cambados,Spain
Mariscos Laureano,Pontevedra,Spain
Mark Crumlish,Malin,Ireland
Mark Crumlish,Mailin,Ireland
Mark's & Spencer Plc,Milton Keynes,Uk
Markethill,Armagh,Northern Ireland
Marketing Hub,Santry,Ireland
Markham Moor Truckstop,Retford,United Kingdom
Markham Vale / Great Bear,Chesterfield,Uk
Marks & Spencer Group Ltd,Bradford,Uk
Marks & Spencer Group,Nuneaton,Uk
Marks & Spencers,Coolock,Ireland
Marks & Spencers,Derby,Uk
Marlow Foods Ltd C/o Mcculla,Dublin,Ireland
Marlow Foods,Boroughbridge,Uk
Marqette Food Hall And Bar,Swords,Ireland
Marques De La Concordia,Cenicero,Spain
Marr Centro Sud,Catena Ponte Storto,Italy
Marr Spa C/o  Norfrigo 9,Wimille,France
Marr Spa Fil Pomezia,Pomezia,Italy
Marrs,Piacenza,Italy
Marr’s,Castelnuovo Di Porto,Italy
Mars Chocolat France,Haguenau Cedex,France
Mars Chocolate France,Haguenau,France
Mars,Kings Lynn,Uk
Marshal Hard Metals,Sheffield,Uk
Marshall Fleet Solutions(tamworth) Thermoking,Tamworth,Uk
Marshalls Transport Ltd,Pershore,Uk
Martelli Salumi S.p.a.,Boara Pisani,Italy
Martico Sl,El Prat De Llobregat,Spain
Martin Brower Ireland Ltd,Clondalkin,Ireland
Martin Brower Ireland Ltd,Clondalkin,Ireland
Martin Brower Uk,Basingstoke,Uk
Martin Brower Uk,Darlington,Uk
Martin Brower Uk,Hemel Hempstead,Uk
Martin Brower,Coventry,Uk
Martin Caul,Letterkenny,Ireland
Martin Import Export,Boulogne Sur Mer,France
Martin O'dwyer Butchers,Cashel,Ireland
Martin Rosales Otero,Ourense,Spain
Martin Ryan Haulage Ltd,Raheen,Ireland
Martin Ryan Haulage,Tipperary Town,Ireland
Martin Ryan Warehouse(raheen),Limerick,Ireland
Martin-brower Uk Ltd (bas),Basingstoke,Uk
Martin-brower Uk Ltd Hey,Heywood,Uk
Martinez De Quel,Samano,Spain
Martinez,America,Us
Martinez,Boulogne-sur-mer,France
Martini E Ricci Iamino Spa,Solarolo,Italy
Martins Tiles & Bathrooms,Clonmel,Ireland
Marty Mc Kee,Armagh,Northern Ireland
Marty Samuel,Albefeuille Lagarde,France
Marvin Spa,Piombino,Italy
Mary Hurley C/o Galway Bay,Galway,Ireland
Mary Hurley C/o Ott Galway,Galway,Ireland
Mary's Fish Shop,Monivea Road,Ireland
Seaforth Hotel (stornoway) Ltd,Stornoway,Gb
Mascato,Boulogne-sur-mer,France
Masfrost Ziebice,Ziebice,Poland
Masia Canals Casanovas,Lavern Subirats,Spain
Mason's Coldstore,Boston,Uk
Master Distribution,Milton Keynes,United Kingdom
Master Distribution,Buckingham,Uk
Masterlift,Dublin City,Ireland
Masterlink (parkwest),Dublin,Ireland
Masterlink Bt5,Dublin,Ireland
Masterlink Logistics (allegro),Clonmel,Ireland
Masterlink Logistics,Ballycoolin,Ireland
Masterlink,Dublin,Ireland
Mastermedia,Kylemore Road,Ireland
Mastermedia,Wysogotowo,Poland
Matadero Frigorifico Avinyo,Avinyo,Spain
Mataly Vergers De Mataly,Montauban,France
Matco Srl Nord Bitumi,Sona,Italy
Matt Burke - Yard,Westport,Ireland
Matt Burke,Westport,Ireland
Matt Reilly Cakes Ltd,Damastown,Ireland
Matteo Srl,Voghera,Italy
Matthew Houghton (mc Daids),Carndonagh,Ireland
Lockwood Haulage (matthew Walker),Sawmills,Uk
Maui Seafood Llc,Las Vegas,Us
Mauri Technology,Etten-leur,Netherlands
Mawdsley Brooks & Co.,Doncaster,Uk
Mawdsleys,Doncaster,Uk
Maxela Ltd,Dublin,Irelland
Maxim Industries Ltd,Horwich,Uk
Maxima Seafood,Boulogne-sur-mer,France
Maxol Service Station Ballinrea,Cork,Ireland
Mazzoni Spa,Tresigallo,Italy
Mont-blanc Tunnell,Chamonix-mont-blanc,France
Mont Blanc Tunnell,Courmayeur,Italy
Mb Crocker,Henstridge,Uk
Mb Maree-chez Maison Briau,Sainte Colombe En Bruilhois,France
Mbjsc Produce,Roydon,Uk
Mc Gee & Sons Ltd,Rush,Ireland
Mc Srl / A.c. Trading S.r.l.,"Brescia Bs,",Italy
Mcardle Mushrooms,Armagh,Northern Ireland
Mcardle Skeath Transport,Dundalk,Ireland
Mcardle Skeath,Hollystown,Ireland
Mcbride John,Letterkenny,Ireland
Mcburney Transport,Liverpool,Uk
Mcc Controls Ltd,Belgree,Ireland
Mccain Foods (g.b.),Hull,United Kingdom
Mccain Foods Gb,Eastfield,United Kingdom
Mccain Kloosterboer,Harnes,France
Mccarrick Bros C&c,Townparks,Ireland
Mccarthys Of Kanturk,Kanturk,Ireland
Mccaugheys Service,Broomfield,Ireland
Mcccorpeter,Peterborough,Uk
Mccolgans Quality Foods Ltd,Strabane,Northern Ireland
Mcconnan Meats Ltd,Rathangan,Ireland
Mccormack Farms,Kiltale,Ireland
Mcculla,Ballymount,Ireland
Mcculla Lisburn,Lisburn,Uk
Mcd's Garden & Home,Old Dublin Road,Ireland
Mcdonads Civitanova Marche,Civitanova Marche,Italy
Mcdonald's Gonars Nord Ads,Gonars,Italy
Mcduff Shellfish Grimsby Port,Grimsby,Uk
Mcelvaney Motors Ltd Scania,Dublin,Ireland
Mcelvaney Motors Ltd,Dublin,Ireland
Mcelvany Motors Monaghan,Monaghan,Ireland
Mcf Fulfilment Services,Aintree,Uk
Mcgee Haulage,Caledon,Northern Ireland
Mcgrath Fish,Belmullet,Ireland
Mcgregor Logistics,Armthorpe,Uk
Mchale Engineering Unlimited,Ballinrobe,Ireland
Mckenna Quality Meats,Dublin 3,Ireland
Mckf,Manchester,Uk
Mclaughlan Transport Ltd,Perth,Uk
Mcm Fulfilment Ltd.,London,Uk
Mcquaid O'flanagan Warehousing & Transport Ltd,Clonee,Ireland
Mcquaid O'flanagan Warehousing & Transport Ltd,Dublin,Ireland
Mcshane Packaging,Armagh,Uk
Mcvities Dispatch,Ashby-de-la-zouch,Uk
Mcvities Group,Carlisle,England
Md La Rochelle,La Rochelle,France
Md Salmon (crmj),Boulogne-sur-mer,France
Oceanord,Boulogne Sur Mer,France
Mdkl Dublin,Dublin,Uk
Md S.p.a,Cornaredo (mi),Italy
Mead Johnson Bv,Katwijk,Netherlands
Meade Potato Co Ltd,Navan,Ireland
Meadowfresh Foods,Tallow,Ireland
Meat Zone,Stockton-on-tees,Uk
Meatrading,Braga,Portugal
Med Sealog,Milan,Italy
Med Sealog Viale Addetta,Milano,Italy
Med Sealog,Colturano,Italy
Zuvelda- Med Sealog,Venezia,Italy
Medi Srl,Monteprandone,Italy
Medi-food Partnership Ltd,Noddle Hill Way,Uk
Medical Supply Limited ( Msc ) Limited,Dublin,Ireland
Medite Europe Limited (clonmel),Clonmel,Ireland
"Mediterranea Lifestyle, S.l.",Olleria,Spain
Mediterranea Pesca S.p.a.,Napoli,Italy
Mediterranea Surgelati,Torricella Sicura,Italy
Meduza (delanchy),Boulogne-sur-mer,France
Meduza (john Driege),Boulogne-sur-mer,France
Meduza Croatia Coldstore,Duga Resa,Croatia
Meduza,Belajske Poljice,Croatia
Meer Truckstop,Hoogstraten,Belgium
Meg Derby Limited,Derby,Uk
Megis,Boulogne Sur Mer,France
Meharg Truck Services,Ballyclare,Northern Ireland
Mei Logistique,Rinxent,France
Meister Feines Fleisch,Gaufelden,Germany
Men Ar Groas Maree,Guilvinec,France
Meng Fu S.h.l S.l,Alcala De Henares,Spain
Menodiciotto Produzione Srl,Torino,Italy
Mentfield Logistics Uk,Northampton,Uk
Menuiserie Art Coat,Perros-guirec,France
Menzies Distribution Northern Hub,Normanton,Uk
Menzies Distribution,Biggleswade,Uk
Menzies Distribution,Corby,Uk
Menzies Distribution,Scunthorpe,Uk
Menzies Ditribution,Bathgate,Uk
Menzies Unit 2,Corby,Uk
Menzies,Coalville,Scotland
Mer Et Terroirs,Carentan Les Marais,France
Mer Sea,Breville Sur Mer,Ireland
Mer Sea,Boulogne-sur-mer,France
Meralliance Armoric,Quimper,France
Mercadona,Miranda De Ebro,Spain
Mercamadrid,Madrid,Spain
Copromor Srl,Milan,Italy
Mercazaragoza,Zaragoza,Spain
Merck Sharp & Dohme,Clonmel,Ireland
Mercury C&c,Ballyphehane,Ireland
Mercury Eastern European Foods,Tramore Road,Ireland
Mercury Food Distributions,Tralee,Ireland
Mercury Food Distributors Ltd,Tralee,Ireland
Mercuur Bv,Ijmuiden,Netherlands
Merema Transport B.v,Farmsum,Netherlands
Mericq (agen) C/o Express Maree,Boulogne-sur-mer,France
Mericq (agen) C/o Kotra Bsm,Boulogne-sur-mer,France
Mericq C/o Crmj Prestations,Boulogne,France
Mericq Groupe,Estillac,France
Mericq Sa,Boulogne-sur-mer,France
Mericq Sas C/o,Boulogne Sur Mer,France
Mericq Sas C/o,Boulogne Sur Mer,France
Mericq Sas,Concarneau,France
Mericq Sas,Estillac,France
Meridional Pesca Snc,Fond I(lt),Italy
Meromar Zeeland Bv,Yerseke,Netherlands
Meromer Seafood B.v,Harlingen,Netherlands
Mersea,Boulogne-sur-mer,France
Mersea,Breville-sur-mer,France
Merthyr Cold Store Wild Water Group,Merthyr Tydfil,Uk
Mertonbury Ltd,Rathcoole,Ireland
Mesfruits,Cavaillon,France
Mesguen (uk),Shotts,Uk
Mesguen Paimpol,Paimpol,France
Mesguen Transport - St Pol,Saint-pol-de-léon,France
Mesguen Transport,Boulogne-sur-mer,France
Mesguen Transport,Cherbourg-en-cotentin,France
Mesguen Transport,Pleumeleuc,France
Mesguen,Boulogne-sur-mer,France
Transport Mesguen,Bolougne Sur Mer,France
Ste Jaffray Sa,Lorient,France
Meralliance Armoric S.a,X,France
Mesguen /  Saint Pol De Leon,Chateaulin,France
Beganton C/o Mesguen,Roscoff,France
Messenger Express Ltd,Skelmersdale,Uk
Mestsky Urad Lovosice,Lovosice,Czech Republic
Met,Saint Loubes,France
Metro C&c Croatia,Sveta Nedelia,Croatia
Metamark,Lancaster,Uk
Meteor,Cookstown,Northern Ireland
Metralfruit,Salaise-sur-sanne,France
Metro (delanchy),Boulogne-sur-mer,France
Metro C/o Delanchy,Rungis,France
Metro Cash & Carry Central Warehouse,Sveta Nedeljia,Croatia
Metro Cash And Carry France,Touraville,France
Metro Ccf Cap Maree,Guilberville,France
Metro Ccf Cap Maree C/o Dfds Larkhall,Larkhall,Scotland
Metro Vto C/o Lineage,Bergen Op Zoom,Netherlands
Metro-mesguen,Boulogne-sur-mer,France
Metro,Rungis,France
Metronbury Limited - Rcs2,Rathcoole,Ireland
Metrow Foods,Essex,Uk
Metz Esser,Erkelenz,Germany
Metzgerei Ott Gmbh,Engelsberg-gießmühle,Germany
Meyer,Bromborough,England
Montreal Fish (compagnie De Poissons),Montreal,Us
Mgs Manufacturing Group Ltd,Leixlip,Ireland
Mowi Scotland -mh Singapore Pte Ltd,Larkhall,Uk
Mh Star Uk Ltd,Suffolk,Uk
Mhara Fad,Greencastle,Ireland
Mhara Fada,Greencastle,Ireland
Mhara Fada,Greencastle,Ireland
Mi Braca Pivac D.o.o.,Croatia,Croatia
Micarna C/o Vooruit Breskens,Brekens,Netherlands
Micarna Sa,Zurich,Switzerland
Michael Asselot,Breville-sur-mer,France
Michael Beierer / Seafood Ecosse,Boulogne S/mer,France
Michael Carr Foods,Ballina,Ireland
Michael Crawley,Aughadown,Ireland
Michael Farren (mc Daids),Carndonagh,Ireland
Michael Farren C/o Alan Rankin,Muff,Ireland
Michael Galtier,Frontignan,France
Michael Guineys Warehouse,Cork,Ireland
Michael Havlin,Redcastle,Ireland
Michael Karl Heinz Beierer,Wiesbaden,Germany
Michael Karl Heinz Beierer C/o Kotra Bsm,Boulogne,France
Michael Karl Heinz Beierer,Breskens,Netherlands
Michael Kelly C/o Musgraves Galway,Galway,Ireland
Michael Kelly Oysters C/o The Millennium Fishmarke,Ballycoolin,Ireland
Michael Kelly Shellfish C/o Ott Moycullen,Moycullen,Ireland
Michael Kilbane,Achill Sound,Ireland
Michael Menton C/o B&q Athlone,Athlone,Ireland
Michael Menton C/o Circel K Athlone,Athlone,Ireland
Michael Menton C/o Ott Dublin,Hollystown,Ireland
Michael Menton C/o Ott Galway,Moycullen,Ireland
Cromane Lower,Killorglin,Ireland
Roaring Water Bay,Aughadown,Ireland
Sherkin Oysters - Michael Murphy,Skibereen,Ireland
Michael O Donnell,Dungloe,Ireland
Michael O Neill Mushrooms,Carrickmacross,Ireland
Michael O'gorman,Newport Road,Ireland
Michael O'gorman C/o Ott Dublin,Hollystown,Ireland
Michael O'gorman C/o Ott Moycullen,Moycullen,Ireland
Michael O'gorman,Achill,Ireland
Michael O’harte,Smithboro,Ireland
Michael Quinn,Ballyhaunis,Ireland
Michael Scannel,Cromone,Ireland
Michal Asselot,Breville Sur Mer,France
Michel Lynch,Bordeaux,France
Mickael Kearney,Cardonagh,Ireland
Mickael Tanguy Sceo,La Trinite Sur Mer,France
Mickey Lynch,Castleforward Demesne,Ireland
Mickey's Oysters,Newport,Ireland
Micro Hydraulics Limited,Dublin,Ireland
Micro Trans,Konarzewo,Poland
Micro Trans,Przygodzice,Poland
Microtrans,Ashbourne,Ireland
Mid Cork Pallets & Packaging Limited,Dunboyne,Ireland
Mid West Tyres,Limerick,Ireland
Midfresh B.v.,Harmelen,Holland
Midi Srl,Aprilia,Italy
Midland Fine Foods,Carrig,Ireland
Midland Fish Company Limited,Fleetwood,Uk
Midland Meat And Poultry Ltd,Birmingham,Uk
Midlands Distribution Centre,Ashby-de-la-zouch,Uk
Midway Truck Stop,Whitchurch,Uk
Miet - Georgeon,Mornac Sur Seudre,France
Miet Sas,Mornac-sur-seudre,France
Miguel Martinez Campos Sl,Boulogne Sur Mer,France
Miicarna Sa,Zurich,Switzerland
Mike De Houck,Boulogne-sur-mer,France
Millennium (orkney) Limited,Orkney,United Kingdom
Milarex Sp. Z.o.o,Slupsk,Poland
Milcamps Jacquet,Dour,Belgium
"Milchwerke ""mittelelbe"" Gmbh",Stendal,Germany
Milchwerke Mittelelbe Gmbh,Stendal,Germany
Milchwerke Schwaben Eg,Neu-ulm,Germany
Milish Foods Limited,Citywest,Ireland
Millbrook Foods,Oldcastle,Ireland
Millenium Cash Carry,West Thurrock,Uk
Miller Food Service,York,Uk
Milligan C & O,Ardglass,Northern Ireland
Millish Foods Limited,Dublin 24,Ireland
Mills Milk,Dalry,Scotland
Millstream Recycling,Bunclody,Ireland
Milne Foods Ltd,Birr,Ireland
Mils Spa S,Monteprandone,Italy
Mincon International,Shannon,Ireland
Minor Weir And Willis,Birmingham,Uk
Minamoto Wholesale Limited,Austin,Us
Miquel Avicola S.a.,E-palol De Revardit,Spain
Mir ( Daa) Smiths Detection,Rathcoole,Ireland
Mirco-trans,Xyek,Poland
Miriad Quest Leisure,Uttoxeter,United Kingdom
Mirpa Limited - New Spitalfields Market,Leyton,Uk
Mirza & Sons Halal Meat Wholesalers,Birmingham,United Kingdom
Mischau Gmbh & Co.kg,Berlin,Germany
Mister Blister,Manchester,Uk
Mitchelstown Community Enterprise Centre,Mitchelstown,Ireland
Mix Buffet,Guer,France
Mizkan Euro Ltd,Middleton,Uk
Mj Baker Foodservice,Newton Abbot,Uk
Mj Maree,Boulogne-sur-mer,France
Mj Pronk B.v,De Poeldijk,Netherlands
Mkg Foods,Bilborough,Uk
Mlekarna Kunin A.s.,Ostrava,Czech Republic
Mls Spa,Cesena,Italy
Mls Spa,Monteprandone Ap,Italy
Mm Bangor,Bangor,Northern Ireland
Mm Fiber Ballincollig,Ballincollig,Ireland
Mm Fiber Packaging,Dublin,Ireland
Mm Fish Delivery,Boulogne-sur-mer,France
Mm Flowers Chatteries,Chatteris,Uk
Mm Packaging Uk,Bradord,Uk
Mme Christiane Munch,Pfastatt,France
Mmuk Alconbury,Cambridgeshire,Uk
Mo Clearance,Weil Am Rhein,Germany
Frejus Tunnel (france),Modane,France
Mobhia Foods,Athenry,Ireland
Mobis,Tamworth,Uk
Moers Frischeprodukt,Moers,Germany
Moers Frischeprodukte Gmbh & Co. Kg,Moers,Germany
Mol Gas Station,Ratesti,Romania
Mol Petrol Station,Brwinow,Poland
Moldtrans,Massamagrell,Spain
Moldtrans,Montcada I Reixac,Spain
Molkerei Niesky Gmbh,Niesky,Germany
Eirfreeze- Molloy & Sherry,Dublin,Ireland
Molloy & Sherry,Newtown,Ireland
Molloy And Sherry Swords (eirefreeze),Swords,Ireland
Molloys Fish,Killybegs,Ireland
Momentive Performance Material Uk,Steventon,Uk
Momentum Partners Sales Pro,Dublin,Ireland
Mon Desir Di Toti Giorgio & C. (s.n.c.),Ripi Fr,Italy
Mona Sojaland Gmbh,Schwerin,Germany
Monaghan Mushrooms (tyholland),Tyholland,Ireland
Monaghan Mushrooms,Drumrutagh,Ireland
Monbana,Ernee,France
Monbatt Ltd (warehouse),Monaghan,Ireland
Monbatt Ltd,Brandum,Ireland
Mondelez - Kraft Foods,Bludenz,Austria
Mondelez Cr Biscuit Production S.r.o.,Lovosice,Czech Republic
Mondelez Dtl. Snacks Prod. Gmbh & Co. Kg,Lorrach,Germany
Mondelez International,Rathmore,Ireland
Mondelezeurope Procurement Gmbh,Coolock,Ireland
Mondelezinternational Gmbh,Bern,Switzerland
Moneygall Gaa,Moneygall,Ireland
Monliz,Alpiarca,Portugal
Monsun D.o.o.,Kozina,Slovenia
Mont Blanc Coldstore,Briscoe,Uk
Mont Blanc Tunnel France To Italy,Chamonix,France
Mont Marcal,Castellvi De La Marca,Spain
Montague Foods,Kill,Ireland
Monte Del Fra,Sommacampagna,Italy
Montfrisa Almacen,Valencia,Spain
Montfrisa Barcelona,Barcelona,Spain
Montreal Fish (compagnie De Poissons),Dublin,Us
Montreal Fish (compagnie De Poissons),Us,Us
Montreal Fish (compagnie De Poissons),Usa,Us
Montreal Fish (compagnie De Poissons),Usa,Us
Montreal Fish (compagnie De Poissons),Usa1,Us
Montreal Fish (compagnie De Poissons),X,Us
Montreal Fish Company Ltd Co K&n,Hounslow,England
Moorepark Technology Ltd,Fermoy,Ireland
Moores Quality Hams,Lurgan,Northern Ireland
Moores,West Yorkshire,Uk
Moorhead & Mcgavin Ltd,Motherwell,Uk
Moralejo Seleccion S.l.,Arcenillas,Spain
Moran Logistics,Heywood,Uk
Moran Logistics,Leeds,Uk
Moran Logostics,Donington,Uk
Moran's The Weir,Kilcolgan,Ireland
Moray Estava,Barcelona,Spain
More Losinj,Jurdani,Croatia
Moreau Michael,Bourcefranc Le Chapus,France
Morehampton Foods Ltd,Ballymanaggin,Ireland
Morgan Air Cargo,Colnbrook,Uk
Morgan Omeath C/o Ott Dublin,Hollystown,Ireland
Morgans Fine Fish,Omeath,Ireland
Morin Sarl,La Rochelle,France
Morin To Durivaud Kush Delivery,La Rochelle,France
Morinet,Arvert,France
Morning Foods,Crewe,Uk
Morpol S.a.,Ustka,Poland
Morrison Depot Mossend,Motherwell,Scotland
Morrisons Bridgwater,Bridgwater,Uk
Morrisons Corby Distribution Centre,Corby,Uk
Morrisons Distribution Centre,Bellshill,Scotland
Morrisons Distribution,Wakefield,Uk
Morrisons Grocery Warehouse (sv1),Northampton,Uk
Morrisons Latimer,Burton Latimer,Uk
Morrisons Manufacturing Seafood,Grimsby,Uk
Morrisons Motherwell Pm,Lanarkshire,Scotland
Morrisons Northampton,Northampton,Uk
Morrisons Northwich,Northwich,Uk
Morrisons Rdc,Sittingbourne,Uk
Morrisons Rdc,Gadbrook,Uk
Morrisons,Kettering,Uk
Morrisons,Middleton,Uk
Moss Foods,Castlebridge,Ireland
Mössle Gmbh,Leipheim,Germany
Mother Hubbards Wexford,Wexford,Ireland
Motis Freight Clearance Centre,Dover,Uk
Moto Barton Park,Richmond,United Kingdom
Moto Birch Eastbound,Heywood,Uk
Moto Birch M62 Westbound,Heywood,Uk
Moto Blyth,Blyth,Uk
Moto Bridgwater,Bridgwater,Uk
Moto Burton-in-kendal,Carnforth,Uk
Moto Cardiff West,Pontyclun,United Kingdom
Moto Cherwell Valley,Bicester,Uk
Moto Chieveley,Thatcham,Uk
Moto Costa Markfield,Markfield,Uk
Moto Darwen,Darwen,Uk
Moto Doncaster North,Doncaster,Uk
Moto Donington Park,Derby,Uk
Moto Exeter,Exeter,Uk
Moto Ferrybridge,Knottingley,Uk
Moto Frankley M5 Southbound,Birmingham,Uk
Moto Frankley Northbound,Halesowen,Uk
Moto Grantham,Grantham,Uk
Moto Heston,Hounslow,Uk
Moto Hilton Park Northbound,Wolverhampton,Uk
Moto Hilton Park Southbound,Wolverhampton,Uk
Moto Kinross,Kinross,Uk
Moto Knutsford Sounthbound,Knutsford,United Kingdom
Moto Lancaster Northbound,Lancaster,United Kingdom
Moto Lancaster Southbound,Lancaster,Uk
Moto Leeming Bar,Bedale,Uk
Moto Leigh Delamere Eastbound,Chippenham,Uk
Moto Leigh Delamere Westbound,Chippenham,Uk
Moto Medway,Gillingham,Uk
Moto Medway,Gillingham,Uk
Moto Pease Pottage,Crawley,Uk
Moto Peterborough Services,Peterborough,Uk
Moto Reading M4 Eastbound - Reading,Reading,Uk
Moto Reading M4 Westbound,Reading,Uk
Moto Rugby,Rugby,Uk
Moto Sawtry,Sawtry,Uk
Moto Scotch Corner,Richmond,Uk
Moto Services Nothbound,Wakefield,Uk
Moto Services Southbound,Wakefield,Uk
Moto Severn View,Bristol,Uk
Moto Southwaite Northbounnd,"Carlisle ,",Uk
Moto Southwaite Southbound,Carlisle,Uk
Moto Stafford Southbound,Stafford,Uk
Moto Stafford,Stafford,Uk
Moto Swansea,Swansea,Uk
Moto,Tamworth,Uk
Moto Thurrock,Grays,Uk
Moto Toddington Northbound,Luton,Uk
Moto Toddington Northbound,Luton,Uk
Moto Toddington Southbound,Toddington,Gb
Moto Trowell M1 Northbound,Nottingham,Uk
Moto Trowell Southbound,Trowell,Uk
Moto Washington Northbound,Birtley,Uk
Moto Washington Southbound,Birtley,Uk
Moto Wetherby,Weatherby,Uk
Moto Winchester Southbound,Winchester,Uk
Moto Wolley Edge Northbound,Wakefield,Uk
Moto Woolley,Wakefield,Uk
Moto,Birch,Uk
Moto,Chieveley,Uk
Moto,Ferrybridge,Uk
Moto,Reading,Uk
Moto,Thurrock,Uk
Motorway Care,Ringaskiddy,Uk
Motorway Restaurant,Dungannon,Uk
Moulded Foams Limited,Cumberland,United Kingdom
Moulded Fibre Products,Scunthorpe,Uk
Moulded Foams Ltd,Glasgow,Scotland
Moulin De La Marche,"Boulogne-sur-mer,",France
Moulin De La Marche,Chateaulin,France
Moulin De La Marche,Boulogne,France
Moulin Lorient C/o Stef,Boulogne-sur-mer,France
Moulin Lorient Maree *via Mesguen*,Boulogne-sur-mer,France
Moulin Lorient Maree,Lorient,France
Moulin Maree *via Mesguen*,Boulogne-sur-mer,France
Moulton Bulb Co. Ltd,Moulton,Uk
Mourne Eggs,Cabra,Northern Ireland
Moville Mussels,Moville,Ireland
Movus Logistics Limited,London,Uk
Mow Scotland - Deliver Direct To Rosyth,Rosyth,Uk
Mowi,Fanad,Ireland
Mowi Blar Mhor,Fort William,Uk
Mowi Boulogne Sas C/o Delanchy Bsm,Boulogne-sur-mer,France
Mowi Bretagne Sas,Landivisiau,France
Mowi Boulogne Sas,Boulogne-sur-mer,France
Mowi C/o Ott Dublin,Hollystown,Ireland
Mowi Canada West Inc C/o K&n,London,Uk
Mowi China Co. Ltd C/o K&n,London,Uk
Mowi Czechia C/o Sc Ocean Fish Srl,Romania,Romania
Mowi Czechia S.r.o. C/o Kotra Bsm,Boulogne-sur-mer,France
Mowi Germany C/ovooruit Breskens,4511 Breskens,Netherlands
Mowi Iberia Zaragoza,Zaragoza,Spain
Mowi Ireland,Rinmore,Ireland
Mowi Pieters,Brugge,Belgium
Mowi Poland (morpol) C/o Dfds,Larkhall,Uk
Mowi Poland C/o Dfds Larkhall,Larkhall,Uk
Mowi Poland,Ustka,Poland
Mowi Scot -mowi Iberia Slu C/o Dfds,Larkhall,Uk
Mowi Scot-lossie Seafood C/o Dfds Larkhall,Larkhall,Scotland
Mowi Scot-wm Morrison Supermarket Pl,Grimsby,Uk
Mowi Scotland - Comptoirs Oceaniques,Bellshill,Uk
Mowi Scotland - Continental S.f.c/o Dfds,Larkhall,Scotland
Mowi Scotland - Jk Thomson,Strutherhill Industrial Estate,Uk
Mowi Scotland - Kd Seafood Denmark,Larkhall,Scotland
Mowi Scotland - Kevin Stansfield Ltd,Larkhall,Uk
Mowi Scotland - Mowi Boulogne Sas,Larkhall,Uk
Mowi Scotland - Pomona Foodtrade,Larkhall,Uk
Mowi Scotland - Seachill Uk Ltd,Larkhall,Uk
Mowi Scotland - St James Smokehouse,Larkhall,Scotland
Mowi Scotland - Urk Export C/o Dfds Larkhall,Larkhall,Scotland
Mowi Scotland - Viciunai Partneriai,Larkhall,Uk
Mowi Scotland -coull Fish,Larkhall,Uk
Mowi Scotland -jcs C/o Dfds Larkhall,Larkhall,Scotland
Mowi Scotland -kirwin Brothers,Larkhall,Uk
Mowi Scotland -meralliance Armoric,Larkhall,Scotland
Mowi Scotland -morpol S.a. C/o Dfds Larkhall,Larkhall,Scotland
Mowi Scotland -mowi Usa,Larkhall,Uk
Mowi Scotland -reynauds,Larkhall,Uk
Mowi Scotland -severn & Wye,Grimsby,Uk
Mowi Scotland -wester Ross,Larkhall,Uk
Mowi Scotland - Caseys Salmon Ltd,Larkhall,Scotland
Mowi Scotland Farne Salmon & Trout,Larkhall,Uk
Mowi Scotland Highland Smoked Salmon,Larkhall,Uk
Mowi Scotland J Bennetts C/o Dfds,Larkhall,Uk
Mowi Scotland Marine Products Ltd C/o Dfds,Larkhall,Uk
Mowi Scotland Suempol Sp Z.o.o C/o Dfds,Larkhall,Scotland
Mowi Scotland-germany C/o Dfds Larkhall,Larkhall,Scotland
Mowi Scotland-true World Foods (uk),Larkhall,Uk
Mowi Toronto / Export Packers Seafood Limited,London,United Kingdom
Mowi Toronto C/o K&n,London,Uk
Mowi Usa - Miami Loose,Dublin Fl 0000,Ireland
Mowi Usa - Jfk C/o K&n,Hatton,Uk
Mowi Usa - Sfo Airport C/o K&n,Hatton,Uk
Mowi Usa Sea C/o K&n,Hatton,Uk
Mowi Usa C/o Swissport International,Swords,Ireland
Mowi Usa Llc (charlotte Dougla),Hatton,Uk
Mowi Usa Llc (harry Reid),Eastern Perimeter Road,Uk
Mowi Usa Llc - Ewr C/o K&n,Hatton,Uk
Mowi Usa Llc - Harry Reid Airp C/o K&n,London,Uk
Mowi Usa Llc Dallas/fort Worth Intern. Airport,Eastern Perimeter Road,Uk
Mowi Usa Llc Los Angeles C/o K&n,Hatton,Uk
Mowi Usa Llc Orlando C/o K&n,Hatton,Uk
Mowi Usa Llc(boston Airport),Hatton,Uk
Mowi Usa Llc- Chicago,Hatton,Uk
Mowi Usa Llc- Denver C/o K&n,Hatton,Uk
Mowi Usa Llc- Msp C/o K&n,Hatton,Uk
Mowi Usa Llc-george Bush Intercontinental Airpor,Hatton,Uk
Mowi Usa Miami Airport C/o K&n,Hatton,Uk
Mowi,Bellshill,Scotland
Mowi,Fanad,Ireland
Mowi,Rosyth,Scotland
Frais Embal,Boulogne-sur-mer,France
Mowiztruck Oiartzun,Gipuzkoa,Spain
Moy Park Ltd,Dungannon,Northern Ireland
Moy Park Sas,Henin-beaumont,France
Moy Park,Ashbourne,Uk
Moy Park,Marquise,France
Moy View Bakery,Foxford,Ireland
Moyasta Oysters C/o Ott Moycullen,Moycullen,Ireland
Moyasta Oysters C/o The Millennium Fishmarket,Ballycoolin,Ireland
Moyasta Oysters,Kilkee,Ireland
Moyasta-parking,Moyasta,Ireland
Moycullen Seafoods/harrington James,"Moycullen,",Ireland
Martinez,,Us
Mps Tewkesbury Ltd,Tewkesbury,Uk
Deliver Marine Products Scotland Ltd,Glasgow,Gb
Mr Crumb,Finea,Ireland
Mr Gilbert Bouillennec,Guingamp,France
Mr Humeau,Les Chintres,France
Mr Jean-luc Diquelou,Amanlis,France
Mr Marchesseau,Meon,France
Mr Price Carlow,Carlow,Ireland
Mr Price,Athlone,Ireland
Mr Price,Ballina,Ireland
Mr Price,Dublin 15,Ireland
Mr Simier,Sonzay,France
Mr.price -tipperary Warehouse,Tipperary,Ireland
Mroz,Newcastle,Ireland
Msd Ireland (biotech Dublin),Swords,Ireland
Msd Ireland (dunboyne Biologics),Piercetown,Ireland
Msl Scotland Ltd,Broxburn,Scotland
Mst Loane Transport (trailer Storage),Craigavon,Northern Ireland
Mst Transport,Moira,Northern Ireland
Mt Greggs Donington Park,Donington,Uk
Mt Vins,Bordeaux,France
Mtl - Container Terminal,Dublin,Ireland
Muelmisster,Yerseke,Netherlands
Muflesystem Srl,Porto Recanati,Italy
Mulcahy Technical Services Ltd,Greenhills Road,Ireland
Mulgrew Haulage,Dromore,Northern Ireland
Mullaghmore Sea Farm Ltd C/o Ott Dublin,Hollystown,Ireland
Mullaghmore Sea Farm Ltd,Mullaghmore,Ireland
Muller & Fils,Rungis,France
Muller Minsterley,Minsterley,Uk
Muller Uk,Market Drayton,Uk
Nevin's Newfield Inn,Newport,Ireland
Mulot Equipment,La Tremblade,France
Mulrines & Sons,Strabane,Uk
Mulrines Ballybofey,Ballybofey,Ireland
Mulroy Bay Mussels,Letterkenny,Ireland
Mulroy Bay Mussels Woodquater Pier,Woodquarter,Ireland
Mulroy Bay Mussels - Hugh Wilhare,Carrickart,Ireland
Mulroy Bay Mussels,Letterkenny,Ireland
Multi Fish C/o John Driege,Boulogne-sur-mer,France
Multi Fish,Blankenberge,Belgium
Multi Packaging Solutions Uk Ltd,East Kilbride,Uk
Multi Packaging Solutions,Raheen,Ireland
Multi-color Labels Ireland Ltd,Drogheda,Ireland
Multicedi Srl,Pastorano,Italy
Multihog,Dundalk,Ireland
Multiseed,Pastorano,Italy
Multisol Ltd,Manchester,Uk
Multivac Ireland Limited,Dublin,Ireland
Multy,Corby,Uk
Murko,Boulogne Sur Mer,France
Murnane & O'shea Limited,Bantry,Ireland
Murphy Commercials,Claregalway,Ireland
Murphy Machinery Limited,Middleknock,Ireland
Murphys Take Away,Cork,Ireland
Murray Auto Motorsport,Dublin,Ireland
Murray Timber Group Limited,Hermitage,Ireland
Murtagh Meats,Athlone,Ireland
Muscle Foods,West Bromwich,Uk
Musclefoods Ltd,Birmingham,United Kingdom
Musclefoods-lisnaskea,Lisnaskea,Northern Ireland
Musgrave C&c,Limerick City,Ireland
Musgrave Galway Cash & Carry,Galway City,Ireland
Musgrave Galway Foodservice,Galway City,Ireland
Musgrave Retail Partners,Kildare,Ireland
Musgrave Vantage,Dublin,Ireland
Musgrave Wholesale C/o Robb Brothers Wine Merchant,Craigavon,Northern Ireland
Musgraves,Blanchardstown,Ireland
Musgraves,Derry,Northern Ireland
Musgraves - Kilcock,Kildare,Ireland
Musgraves,Killarney,Ireland
Musgraves - Sallynoggin,Dun Laoghaire,Ireland
Musgraves,Ballymun,Ireland
Musgraves C&c,Belfast,Northern Ireland
Musgraves Blanch - New Depot,Dublin11,Ireland
Waterford C&c - Marketplace,Waterford City,Ireland
Musgraves C&c,Cork,Ireland
Musgraves Cdc,Ballycoolin,Ireland
Musgraves Fonthill,Lucan,Ireland
Musgraves Foodservices,Limerick City,Ireland
Musgraves Retail Partners Ni,Belfast,Northern Ireland
Musgraves Retail Partners,Cork,Ireland
Musgraves,Clondalkin,Ireland
Musgraves Wholesale Partners (robb Brothers Wine M,Lurgan,Northern Ireland
Muskerry Seafood,Kilmakilloge,Ireland
Musselburgh Services,Musselburgh,Uk
Mussella,Penestin,France
Mustoes Pallets,Airdrie,Scotland
Mutua Itziar,Deba,Spain
"Mw Insulation Ltd,",Manchester,Uk
Mw Relocation Services Ag,Illnau-effretikon,Switzerland
Mweelrea Mussels Limited,Co.galway,Ireland
My Cafe,Brescia,Italy
My Energi Ltd,Stallingborough,Uk
My Fish Company,Fleetwood,United Kingdom
Mychef,Zenone Al Lambro Mi,Italy
Myers Food Machinery Ltd,Mitchelstown,Ireland
Myjnia Moyka Truck Wash,Ustka,Poland
Myti Mussels Ltd,Bangor,Uk
Mytilimer - Cancale,Cancale,France
Mytilimer Production,Saint-meloir Des Ondes,France
Mytilimer,Saint-méloir-des-ondes,France
Myton Food Group,Winsford,England
Mz Aspiratori S.p.a.,Budrio,Italy
Mérieux Nutrisciences,Newbridge,Ireland
Mössle Gmbh,Leipheim,Germany
N Brown,Shaw,Uk
N Garner,Ely,Uk
N Golding,Pymoor,Uk
N.j Power And Company,Dublin 12,Ireland
N2n Logistics,Finglas,Ireland
N365,Boulogne-sur-mer,France
N376,Boulogne-sur-mer,France
N505,Boulogne-sur-mer,France
N546,Boulogne-sur-mer,France
N56 Service Station,Donegal,Ireland
N564,Boulogne-sur-mer,France
N654,Boulogne-sur-mer,France
Na Cairde Oisri Ltd (yard),Newry,Northern Ireland
Na Cairde Oisri Ltd C/o Aasf,Kilkeel,Northern Ireland
Nabuurs Logistiek Bv,Oosterhout,Netherlands
Naeko Logistics S.a,Sant Boi De Llobregat,Spain
Nagel Langdons Ltd,Bridgewater,Uk
Nagel Langdons Ltd,Dover,Uk
Nagel Langdons Ltd,Redditch,Uk
Nagel Langenfeld,Langenfeld,Germany
Nagel Reichenbach,Reichenbach An Der Fils,Germany
Nagel-group Lagenfeld,Lagenfeld,Germany
Nagel-group Schweitenkirchen,Schweitenkirchen,Germany
Nai C/o Service 2000 Srl,S.maria Di Sala (ve),Italy
Naim Breen,Yerseke,Netherlands
Nalypom,Bressols,France
Name Lea Clay Lake,Spalding,Uk
Nanimar C/o  Norfrigo 9,Wimille,France
Nanimar-c/o Norfrigo 9,Wimille,France
Nasco (uk) Ltd,Southall,Uk
Natalie Raper,Bury St Edmunds,Uk
Nathaniel Johnston,Bordeaux,France
Nation Wide Plc,Evesham,Uk
National 1  Norfrigo 9,Wimille,France
National 1,Le Portel,France
National Exhibition Centre (nec),Birmingham,Uk
National Tile,Dundalk,Ireland
Nationwide Evesham,Evesham,Uk
Nationwide Produce,Burscough,Uk
Nationwide Produce,Lancashire,Uk
Nature Fresh Ltd,Newcastle,Ireland
Nature's Best Limited,Rathmullan,Ireland
Nature's Best Limited,Drogheda,Ireland
Natures Menu Ltd,Snetterton,Uk
Natures Way Foods Merston,Chichester,Uk
Natures Way Foods Runcton,Chichester,Uk
Navan Fruit Company,Raffin,Ireland
Navire Piranha,Epreville,France
Naylor Farms,Spalding,Uk
Northbay Palegic,Peterhead,Uk
Nc Logistics,San Nicola La Strada,Italy
Ndce,Manchester,Uk
Neame Lea Nursery,Spalding,Uk
Nection Calais ( Truck Parking ),Marck,France
Nedelec Christophe,Landeda,France
Nedelec Christophe - Plougrescant (area 22),Plougrescant,France
Nederhemer,Nederhemert,Netherlands
Nederlandse Mosselveiling B.v.,Yerseke,Netherlands
Nederolf Italia,Boulogne Sur Mer,France
Neds Oysters Limited (declan Mcdaid),Carndonagh,Ireland
Need To Store,Bushypark,Ireland
Neerlandia Urk B.v.,Amsteldiep 2,Netherlands
Neil Kilbane,Achill,Ireland
Neogen C/o P2 Finishing,Ballyfermot,Ireland
Nesite,Piove Di Sacco,Italy
Nespresso Romont,Romont,Switzerland
Nespresso Uk Ltd,Covetry,Uk
Nesstar Ltd,Ollerton,Uk
Nesta Storage,Dublin,Ireland
Nestle Bulgaria,Sofia,Bulgaria
Nestle Espana,Pontecesures,Spain
Nestle France,Tresigny,France
Nestle Froneri Iberica,Araia,Spain
Nestle Germany Ag,Hamburg,Germany
Nestle Girona Botiga,Girona,Spain
Nestle Purina Petcare France Sas,Marconnelle,France
Nestle Purina Petcare,Birmingham,Uk
Nestle Shop,Orbe,Switzerland
Nestle Spain,La Penilla,Spain
Nestle Suisse Basel,Basel,Switzerland
Nestle Translliance,D'espéranche,France
Nestle Uk Ltd,Derby,Uk
Nestle Uk,York,Uk
Nestlé Suisse Sa,Orbe,Switzerland
Netagons,Saint Helens,Uk
Network International Cargo,Ballycoolin,Ireland
Network International,Coventry,Uk
Neville C/o Trendmania,Manchester,Uk
New Century Foods,Scunthorpe,Uk
New Cold Piacenza Srl,Piacenza,Italy
New Cold,Northamptonshire,Uk
New Covent Garden Market,Nine Elms,Uk
New Deal Ltd,Bridgwater,Uk
New Food C/ O Allofish Srl,Brembio,Italy
New Food C/o  Norfrigo 9,Wimille,France
New Food Srl - Desio,Desio,Italy
New Food,Boulogne Sur Mer,France
New Food,Milan,Italy
New Foods C/o Kuehne + Nagel Srl Casorate Primo Pv,Milano,Italy
New Forest Fruit,Southampton,England
New Pellets - Pellets Frist,Alcobaca,Portugal
New Spitalfields Market,London,Uk
New Springwell Veg Ltd,Souhall,Uk
New World Foods,York,United Kingdom
Newark Lorry Park,Newark,United Kingdom
Newark,Newark,United Kingdom
Newbridge Foods Ltd,Newbridge,Ireland
Newbridge Meats Limited,Newbridge,Ireland
Newcold,Corby,Uk
Newcold,Dinteloord,Netherlands
Newcold,Pe Kruiningen,Netherlands
Newcold,Wakefield,Uk
Newcott Fish & Chips,Market Drayton,United Kingdom
Newcott Truckstop,Market Drayton,United Kingdom
Newling Fruit Growers Ltd,Gorefield,Uk
Lba4,Doncaster,Uk
Newry Parking,Newry,Uk
Newstart Poultry,Wolverhampton,Uk
Newtonmore Grill,Newtonmore,Uk
Newtownards,Newtownards,Northern Ireland
Nexday Overnite Ltd,Farnworth,Uk
Nexen Tire Europe S.r.o.,Bitozeves-zatec 1,Czech Republic
Nexion S.p.a.,Correggio,Italy
Nexture Tomatoes Bv,Pijnacker,Holland
Nft Tilbury,Tilbury,Uk
Nhs Coventry (baginton B),Coventry,Uk
Nhs Supply Chain,Crick,Uk
Nial Mkena,Kilibrone,Ireland
Niall Mkenna,Monaghan,Ireland
Nick's Fish C/o Ott Dublin,Hollystown,Ireland
Nickys Plaice-howth,Howth,Ireland
Niclen,High Wycombe,Uk
Nicolai Fruit,Borgloon,Belgium
Nicolas Canourgues,Pomaryol,France
Nicolas Salaun C/o Criee De Concarneau,Concarneau,France
Nidd Transport Ltd,Ripon,Uk
Niggemann Food Frischmarkt Gmb,Bochum,Germany
Nijjar Dairies Ltd,Acton,Uk
Nippon Express Limited,Dublin,Ireland
Nippon Express,Ballycoolin,Dublin 11
Nipponia,Pomezia (rm),Italy
Nisa Livingston,Lothian,Uk
Nissin U.k. Ltd,Swindon,Uk
Northlink Ferries,Aberdeen,Scotland
Northlink Ferries,Kirkwall,Scotland
Northlink Ferries,Stromness,Scotland
Noble Fitout,Dublin,Ireland
Noble Foods,Oxon,Uk
Noel Alimentaria 4,Beguda,Spain
Noel Alimentaria,Sant Joan Les Fonts,Spain
Noel Cairns,Clonmel,Ireland
Noel Carter,Sligo,Ireland
Noel Foley,Killorglin,Ireland
Noel Roche,Duncormick,Ireland
Noel Wallace C/o O Toole Transport,Hollystown,Ireland
Noel Wallace Haulage Ltd,An ClochÁn Liath,Ireland
Nolan Family Clams C/o Ott Moycullen,Moycullen,Ireland
Nolan Seafoods,Aberdeen,Scotland
Nolans Supermarket,Clontarf,Ireland
Nolato Jaycare Ltd,Newcastle,Uk
Nolato Jaycare Ltd,Newcastle,Uk
None-so-hardy (forestry) Ltd,Shillelagh,Ireland
Nook Farm,Leyland,Uk
Noone Transport & Logistics,Ashbourne,Ireland
Noordzee International B.v,Urk,Netherlands
Norager Mejeri A/s,Norager,Denmark
Norbev,Ballymena,Uk
Nord-transport Ag,Arlesheim,Switzerland
Nordfish Srl,Milan,Italy
Nordfish Srl C/o Delanchy,Boulogne-sur-mer,France
Nordfish,Boulogne-sur-mer,France
Nordfish,Boulogne-sur-mer,France
Nordfrost Gmbh,Gartringen,Germany
Nordfrost Gmbh,Herne,Germany
Nordfrost,Bremerhaven,Germany
Nordic Seafood Belgium,Boulogne Sur Mer,France
Nordic Seafood,Brugge,Belgium
Nordic Seafood,Brugge,Belgium
Nordvik,Le Portel,France
Norfish Limited,Killybegs,Ireland
Norfolk Lane Cold Stores Ltd,Grimsby,Uk
Norfolk Logistics Ltd,Glasgow,Scotland
Norfrigo 10 Dunkerque,Loon-plage,France
Norfrigo 4,Boulogne Sur Mer,France
Norfrigo 6 - Crystal,Le Portel,France
Norfrigo 6,Boulogne Sur Mer,France
Norfrigo 6,Le Portel,France
Norfrigo 8,Boulogne-sur-mer,France
Norfrigo 8,Boulogne-sur-mer,France
"Viveiros Do Guincho, Mariscos, Lda",Wimille,France
Norfrigo 9 Wimille,Wimille,France
Foodex C/o Norfrigo 9,Wimille,France
Norfrio,Vigo,Spain
Norice Seafoods (norfrigo9),Wimill,France
Norish Ltd,Brierley Hill,Uk
Norish Lympone,Hythe,Uk
Norman Depuis 1908,Dinan,France
Norman Emballages,Dinan,France
Norman Srl.,Castel Goffredo,Italy
Normanby Enterprise Park,Scunthorpe,United Kingdom
Normandy Ireland C/o Pkc,Kinsale,Ireland
Normandy Ireland Ballincollig,Ballincollig,Ireland
Normandy Ireland C/o Rwb,Aughadown,Ireland
Normandy Ireland-castletownbere,Castletownbere,Ireland
Normandy-ire-bantry,Bantry,Ireland
Norscot (peterhead Fish Market),Peterhead,Scotland
Norscott - O Toole Transport,Bellshill,Uk
Norscott,Kinlochbervie,Uk
Norse Logistics Ltd,Damastown,Ireland
Norsea,Boulogne-sur-mer,France
Norsea C/o Pecheries Haut De France,Boulogne Sur Mer,France
Norsea Sas,Boulogne,France
Norsea Seafood C/o Stef Bouogne,Boulogne,France
Norsea,Boulogne Sur Mer,France
Norte-eurocao Slu,Viladecavalls,Spain
North Atlantic Shellfish,Kilkeel,Northern Ireland
North Bay Pelagic,Peterhead,Uk
North Cork Co-op Creameries,Kanturk,Ireland
North Down Belfast Ltd.,Belfast,Northern Ireland
North Sea Seafood As C/o Stef Bsm,Boulogne Sur Mer,France
North Sea Seafood C/o Kotra Bsm,Boulogne- Sue-mer,France
North Sea Seafood,Breskens,Netherlands
North Western Mills,Crewe,Uk
Seaview Fisheries,North Shields,Gb
Northeast Nutrition,Invergordon,Scotland
Northlink Ferries,Scrabster,Scotland
Northlink,Aberdeen,Scotland
Collingwood Seafood,North Shields,Gb
Northwards,Aberdeen,Uk
Northwest Foods,Dunshaughlin,Ireland
Northwood Consuma Tissue Ltd,Grantham,Uk
Norvelita Jsc,Larkhall,Uk
Norwegian Seafood Europe,"Urk,",Netherlands
Nosta Logistics Gmbh,Grobschirma,Germany
Notas Frutales De Albarino,Crecente,Spain
Notrabaes,Glasgow,Scotland
Nouvelles Vagues,Boulogne-sur-mer,France
Nova Devimar,Barcelona,Spain
Novacoop Sca,Bessens,France
Novo C/o Boulogne Seafood,Boulogne,France
Novo Foods C/o Nordvick - Le Portal,Le Portel,France
Noyaks,Finglas,Ireland
Noyon,Caen - Mondeville,France
Nps Worldwide Uk Ltd,Oldham,Uk
Nr Trucks,Dungannon,Northern Ireland
Ns Castro Seafood Gmbh & Co,"Bremerhaven, 27572",De
Nu-coat Limited,Pontrhydyrun,Uk
Nufri Sat La Rase,La Rasa,Spain
Nufri,Mollerussa,Spain
Number 1 Logistic Group Spa,San Giorgio In Piano,Italy
Numberone Food Wholesale,Lusk,Ireland
Nuova Castelli C/o Flexilog,Ponte Buggianese,Italy
Nuova Castelli,Reggio Emilia,Italy
Nuova Moscato S.r.l.,Modena,Italy
Nv Rokerij La Couronne,Oostende,Belgium
Nv Visbedrijf Quisquater & Co,"Boulogne Sur Mer,",France
Nxua,London,Uk
New York Fish (hua Xin),New York,Us
Nyhan Motors,Cork,Ireland
O A Taylor &  Son Bulbs Ltd,Spalding,Uk
O Donavan Transport,Carrigtwohill,Ireland
O Mahony Bros Fruit And Vegtables,Togher,Ireland
O Sullivan M & P Ltd,Cork,Ireland
O Toole Transport,Bellshill,Scotland
O Toole Transport,Boulogne Sur Mer,France
O Toole Transport,Hollystown,Ireland
O Toole Transport,Galway,Ireland
O Toole Transport,Hollystown,Ireland
O Toole Transport,Widnes,England
O'brien Fine Foods Leeming Bar Limited,Northallerton,Uk
O'brien Fine Foods,Northallerton,United Kingdom
O'briens Ingedients,Dublin 24,Ireland
O'briens Ingredients,Dublin 24,Ireland
O'connell Warehousing,Little Island,Ireland
O'connor Group Ltd,Cork,Ireland
O'connors Bakery,Ennis,Ireland
O'donnell Meat Distributors,Ballina,Ireland
O'hanlon Herbs,Glenealy,Ireland
O'herlihy's Bacon Ltd,Ballincollig,Ireland
O'mahony Bros Fruit And Vegetables,Togher,Ireland
O'mahony Meats Ltd,Malahide Road Industrial Estate,Ireland
O'neills Deli Supplies,Raheen,Ireland
O'neills Sportswear Ltd,Strabane,Northern Ireland
O'reilly Distribution C/o Hanlon Transport Limited,Greenore,Ireland
O'reilly Shellfish,Killorglin,Ireland
O'sea,Boulogne Sur Mer,France
O'toole Warehousing Dublin,Dublin,Ireland
O. A. Taylor & Sons Bulbs Ltd (ireland),Ballycoolin,Ireland
O314,Boulogne-sur-mer,France
O465,Boulogne-sur-mer,France
O864  Delanchy,Boulogne-sur-mer,France
O989,Boulogne-sur-mer,France
Oakland Coalville,Bardon Hill,Uk
Oakland Farm Eggs,Shrewsbury,Uk
Oakland International Ltd,St. Margarets,Ireland
Oakland International Ltd,Worcestershire,United Kingdom
Oakland International,Coalville,Uk
Oakland International,Corby,Uk
Oakland international limited (redditch),Redditch,Uk
Oakley Nursery,Wisbech,Uk
Obama Plaza,Moneygall,Ireland
Oban Fish Selling Co,Fleetwood,England
Oban Fish Selling,Fleetwood,England
Obrien Fine Foods,Donadea,Ireland
Obru Plastics Ltd,Shannon,Ireland
Obstgenossenschaft Algund (cooperativa Frutticulto,Lagundo,Italy
Obstland Durrweitzschen Ag,Grimma,Germany
Ocado Erith,London,Uk
"Ocado, ,",Belvedere,Uk
"Ocado,",Essex,Uk
Ocado,Andover,Uk
Ocado,Bicester,Uk
Ocado,Bristol,Uk
Ocado,Luton,Uk
Ocado,Warwickshire,Uk
"Ocea Sourcing, Brings",Boulogne Sur Mer,France
Ocea Sourcing (del Furic *stef*),Boulogne-sur-mer,France
Ocea Sourcing C/o Boulogne Direct,Boulogne-sur-mer,France
Ocea Sourcing C/o Cofima Maree,Boulogne Sur Mer,France
Ocea Sourcing Ffg Maree,Boulogne-sur-mer,France
Ocea Sourcing,Boulogne Sur Mer,France
Ocea Sourcing,Boulogne Sur Mer,France
Ocea Sourcing,Boulogne Sur Mer,France
Ocea Sourcing,Boulogne-sur-mer,France
Ocea Sourcing,Lorient,France
Ocean Farm Ltd,Killybegs,Ireland
Ocean Fish Srl,Bucharest,Romania
Ocean Gems Ltd,Moville,Ireland
Ocean Korea,Yeonsam-,Ko
Ocean Marine,Monkstown,Ireland
Ocean Marine - Dublin,Hollystown,Ireland
Ocean Maritimo S.l.,Marín (pontevedra),Spain
Ocean Perfect / Stephen Burke,Waterford City,Ireland
Ocean Pier Terminal,Dublin,Ireland
Oceanic C/o Plymouth Fish Market,Plymouth,Uk
Oceannord C/o Stef Bsm,Bolougne Sur Mer,France
Oceannord Delivery To Bring,Bolougne,France
Oceanord,Boulogne Sur Mer,France
Oceanord (delanchy),Boulogne-sur-mer,France
Oceanord (deliver To Delanchy),Boulogne-sur-mer,France
Oceanord Bsm,Boulogne Sur Mer,France
Oceanord,Boulogne Sur Mer,France
Oceanord,62 200 Boulogne Sur Mer,France
Oceanord C/o Lasalle Filets,Le Portel,France
Oceanord C/o Md Salmon,Boulogne,France
Oceanord Sarl,Boulogne-sur-mer,France
Oceanord Sarl C/o Steff Transport,Boulogne Sur Mer,France
Oceanord Sarl,Boulgone Sur Mer,France
Oceanord Srl,Boulogne Sur Mer,France
Oceanord,Boulogne-sur-mer,France
Oceanord Sarl:,Boulogne-sur-mer,France
Oceanpath C/o Ott Dublin,Hollystown,Ireland
Oceanpath Ltd,Larkhall,Scotland
Oceanpath West Pier,Dublin,Ireland
Oceanpath West Pier,Howth,Ireland
Oceanpath C/o Carrs & Sons,Killala,Ireland
Oceansourcing,Boulogne Sur Mer,France
Oceanus Fishing Ltd,Carrig On Bannow,Ireland
Oceanus Fishing Ltd,Waterford City,Ireland
Oceanus,New Ross,Ireland
Oceasourcing / Ffg Maree,Boulogne-sur-mer,France
Ochard House,Corby,Uk
Ochard Mushrooms,Benburb,Northern Ireland
Ocean Waves - Houston,Houston,Us
Odaois Foods,Dublin City,Ireland
Odonovan Transport,Cork,Ireland
Oekofrost Gmbh,Unna,Germany
Oelrich Gmbh & Co.kg Transport Und Logistik,Linthe,Germany
Oesterkweek Cornelisse,Yerseke,Netherlands
Office Shoes,Kilmarnock,Scotland
Og Lana,Bolzano,Italy
Ogan Sofrino Clodstore,Petit Synthes,France
Ocean Group Inc,Los Angeles,Us
Oge Chapman,Lincs,Uk
Ogier/advini,Sorgues,France
Ogm Obst Und Gemuse Markt Thuringen Gmbh,Kindelbruck,Germany
Ohm Group,Dublin,Ireland
Pescados Nortemar S.l.,Guipzcoa,Es
Oishii Foods Ltd.,Muirfield Dr,Ireland
Oishii Foods Ltd C/o Ott,Inchicore,Dublin
Oishii Sushi,Inchicore,Ireland
Oisin Mc Bride,Downings,Ireland
Oisin Mcbride C/o Paul Mccrossan,Lifford,Ireland
Oisiri Oilean Croine,Dungloe,Ireland
Oisri O'mordha Teo,Lettermacaward,Ireland
Oj&k,Dunkerque,France
Ok Mastpolder,Rucphen,Netherlands
Okeofrost C/ O Alnatura,Lorsch,Germany
Olano Boulogne Sur Mer,Boulogne Sur Mer,France
Olano Bcn,Barcelona,Spain
Olano Boulogne Sur Mer,Boulogne-sur-mer,France
Olano Bsm For Portugal,Boulogne Sur Mer,France
Olano Bsm,Boulogne Sur Mer,France
Olano Cesena Srl,Cesena Fc,Italy
Olano Ladoux Lomme,Lille,France
Olano Lyon Communay,Communay,France
Friguarda,Santa Cruz Do Bispo,Portugal
Olano Seafood Iberica Sa - Miranda,Miranda De Ebro,Spain
Olano Seafood Iberica,Irun,Spain
Olano Logistiques,Saint Jean De Luz,France
Elmar Frozen,Boulogne-sur-mer,France
Olano Transport,Boulogne-sur-mer,France
Olano,Boulogne Sur Mer,France
Olano,Bretagne,France
Olano,Boulogne-sur-mer,France
Olighting,Nottingham,Uk
Olip Italia Spa,Lazise,Italy
Oliver Carty Pork & Bacon,Athlone,Ireland
Oliver Kay,Bradford,Uk
Oliver Palmer,Lakenheath,Uk
Olthoff Freight Solutions Gmbh,Burgwedel,Germany
Olympic Fruit,Barendrecht,Netherlands
"Ominum Transitarios, S.l",Zaisa,Spain
Omni Pac Group,Scunthorpe,Uk
Omni-pac Group - Cdl,Zi Sainte Anne,France
Omnisapiens Mb Cold,Barcelona,Spain
Omnium Freight Forwarders,Zaisa,Spain
On Route To Collection Ie,On Route To Collection Ie,On Route To Collection Ie
On Route To Delivery Ie,On Route To Delivery,Ireland
On Route To Delivery Ie,On Route To Delivery,Ireland
Onroute Truckstops - Junction 29,Chesterfield,Uk
Onroute Truckstops - Swindon,Swindon,Uk
Oostland Company B.v,Berkel En Rondenrijs,Netherlands
Op Chocolate Ltd,Dowlais,Uk
Op Italian Leaf,Salerno,Italy
Opale Vivier / Delanchy,Boulogne-sur-mer,France
Open Seas Bv,Breskens,Netherlands
Ocean Pacific,New York City,Us
Optimal Media Gmbh,Röbel/müritz,Germany
Optimal Point,Glenfield,Uk
Ocean Queen,Us,Us
Orada Adriatic,Kukuljanovo,Croatia
Orada Gourmet,Kukuljanovo,Croatia
Orca Maree *via Mesguen*,Boulogne-sur-mer,France
Orca Maree C/o John Driege,Boulogne,France
Orca Maree,Wissous,France
Orca Nv,Vlaanderen,Belgium
Orchard Ct,Sutton-in-ashfield,Uk
Orchard House Farm,Spalding,Uk
Orchard Mushrooms,Benburb,Northern Ireland
Orchard Mushrooms,Dungannon,Northern Ireland
Orchard Warehousing,Carrigtwohill,Ireland
Organic 2000 Ltd,Manchester,Uk
Organon Cramlington,Cramlington,Uk
Oriel Soft Drinks,Riverstown,Ireland
Origin Packaging Ltd,Scunthorpe,Uk
Original Gourmet,Barcelona,Spain
Original Gourmet,Tarragona,Spain
Origo Distribution Limited,Dublin,Ireland
Orion Boulevard,Warrington,Uk
Orkney Crab,Orkney,Uk
Orkie Farm,Royaume,Scotland
Orkney Crab,Stromness,Scotland
Orlog Orchestra Logistics,Saint Laurent Blagny,France
Orm,Cork,Ireland
Ornua Ingredientes Espana Slu,Vicolozano,Spain
Ornua Ingredients Europe,Worleston,Uk
Ornua Wiitchurch,Whitchurch,Uk
Orobica Pesca S.r.l,Stezzano (bg),Italy
Orobica Pesca Srl,Bergamo,Italy
Orogel Fresco,Forlimpopoli,Italy
Oromar B.v,Urk,Netherlands
Oromar B.v.,Mc Urk,Netherlands
Oromar,Urk,Netherlands
Orsted,Grimsby,England
Oscar Mayer,Wrexham,Uk
Osem Uk Ltd,Basildon,Uk
Osi Scunthorpe,Scunthorpe,Uk
Ospelt Fod Ag,Weite,Switzerland
Ospelt Food Ag,Weite,Switzerland
Ospelt Food Gmbh,Apolda,Germany
Ospelt Sargans,Sargans,Switzerland
Osprey C/o John Driege,Boulogne,France
Osprey Fish C/o Kotra Transport,Boulogne-sur-mer,France
Ostrea Kulture,Gouville Sur Mer,France
Ostrea Sarl,St Meloir Des Ondes,France
Otil -  Cooke Empty Trailer Tracker,Bellshill,Scotland
Cash Sale,,Gb-sct
Allan & Dey Ltd,Larkhall,Gb
Cash Sale,Glasgow,Gb
J Bennett (billingsgate) Ltd,Bellshill,Gb
Lossie Seafoods Ltd,Bellshill,Gb
St James Smokehouse Scotland,Bellshill,Gb
Highland Smoked Salmon (scotland) Ltd,Bellshill,Gb
Severn & Wye Smokery Ltd,Bellshill,Gb-sct
Hebridean Smokehouse,Bellshill,Gb-sct
Sea Harvest Scotland Ltd,Bellshill,Gb
Bell's Seafood Ltd,Bellshill,Gb
Coull Fish Limited,Bellshill,Gb
C Sinclair Fish Ltd,Bellshill,Gb
Ggcm Investments Ltd. T/a Eddie's Seafood Market,Bellshill,Gb
Merienda Ltd Trading As Scottish Seafood Company,Bellshill,Gb
Casey's Salmon Ltd,Bellshill,Gb
Dayseaday Fresh B.v.,Urk,Netherlands
Urk-export Bv,Urk,Nl
Adri & Zoon Bv,Yerseke,Nl
Het Urker Zalmhuys B.v.,Urk,Nl
Suempol Sp. Z.o.o.,Bielsk,Pl
Otto Gourment Gmbh,Heinsberg-oberbruch,Germany
Ouest Boulangere Inter,Les Herbies,France
Earl Maine Pere Et Fils (ouest Coquillages),Bricqueville Sur Mer,France
Ouest Coquillages,Bricqueville Sur Mer,France
Over Dalgleish,Ettrick,Uk
Owen & Paul Teahan,Cromone,Ireland
Owen Curran C/o Gweedore Industrial Estate,Gweedore,Ireland
Owens,Worcs,Uk
Mowi Scotland Severn And Wye Smokery,Larkhall,Uk
Oystory Sas La Flotte,La Flotte En Re,France
O’reilly Distribution,Co Louth,Ireland
P & A Quinn Limited,Dundalk,Ireland
P In R Bohinj D.o.o.,Kranj,Slovenia
P J Lee & Sons,Ely,Uk
P Mulrine & Sons Sales Ni,Strabane,Northern Ireland
P Mulrine & Sons,Ballybofey,Ireland
P&g Euskirchen,Euskirchen,Germany
P&g Skelmersdale,Slelmersdale,Uk
P&g,Euskirchen,Germany
P&o Ferries,Cairnryan,Scotland
P&o Ferries,Calais,France
P&o Ferries,Dover,Uk
P&o Ferries,Dublin Port,Ireland
P&o Ferries,Europoort,Netherlands
P&o Ferries,Hull,Uk
P&o Ferries,Larne Harbour,Northern Ireland
P&o Larne Warehouse,Larne,Uk
P&o Ferries,Liverpool,Uk
P&o Ferries,Rotterdam,Netherlands
P&o Ferries,Teesport,Uk
P&o Ferries,Tilbury,Uk
P&o Ferries,Zeebrugge,Belgium
P. Mccann & Sons,Craigavon,Northern Ireland
P.f.d. (carlisle) Ltd,Wardley,Uk
P.p.h. Way-pol Sp.j.,Baranow,Poland
P.v.c. Fabrications Ltd,Cork,Ireland
P174,Boulogne-sur-mer,France
P502,Boulogne-sur-mer,France
P591,Boulogne-sur-mer,France
P638 (delanchy),Boulogne-sur-mer,France
P880,Boulogne-sur-mer,France
Pa Group,Fondi,Italy
Paardekooper Packaging,Cork,Ireland
Paardekooper,Blarney,Ireland
Paardekooper,Cork,Ireland
Pablos Productions Del Mar,Boulogne-sur-mer,France
Paccor Uk Ltd,Chester-le-street,Uk
Pacific Oysters (donal Ferguson),Carlingford,Ireland
Pact Group / Nsk Fulfilment,Daventry,Uk
Pacwolf,Leicestershire,Uk
Padesa,Roquetes,Spain
Padisa Freezing Cameras,Lorqui,Spain
Padoan S.r.l.,Olmi,Italy
Pago Grodzisk,Grodzisk Wielkopolski,Poland
Paimpol,Paimpol,France
Pain Concept,Sainte Hermine,France
Paisley Self Storage,Paisley,Uk
Pak Poultry Products Scotland,Glasgow,Uk
Palacios Alimentacion,Tudela,Spain
Pallas Foods Park West,Dublin,Ireland
Sysco / Pallas Foods,Dublin City,Ireland
Pallas,Pallaskenry,Ireland
Pallet Box Hire,Athy,Ireland
Pallet Network,Dublin City,Ireland
Pallet Recovery Service,Belfast,Uk
Pallet Track,Wolverhampton,Uk
Palletways (uk) Ltd Stargate,Lichfield,Uk
Palletxpress Limited,Dublin,Ireland
Palmyra Foods Ltd,London,Uk
Pan Euro Foods Ltd,Dublin,Ireland
Pan Euro Foods Ltd,Monaghan,Ireland
Panapesca,Massa E Cozzile,Italy
Panaria Group Industrie Ceramiche S.p.a,Finale Emilia (mo),Italy
Panaria Industrie Ceramiche S.p.a.,Sassuolo Mo,Italy
Panasia Gb Ltd C/o Dfds Larkhall,Larkhall,Scotland
Panasonic Marketing Europe Gmbh,Burton On Trent,Uk
Pancake King,Newtown Mountkennedy,Ireland
Panda B.v.,Honselersdijk,Netherlands
Panelling Centre,Dublin,Ireland
Panelux.s.a,Mensdorf,Luxembourg
Panfresh,London,Uk
Panike Industria De Produtos,Maia,Portugal
Panike Sa,Santo Tirso,Portugal
Pantos Netherlands,Tilburg,Netherlands
Papa John’s,Milton Keynes,Uk
Papi Transitos S.l.,Alicante,Spain
Papin - Utah Beach,Saint Marie Du Mont,France
Papp Logistics S.r.l.,Vigasio,Italy
Paradise Food Distribution Korea Inc.,Korea,South Korea
Paradise Food Ltd,Gateshead,Uk
Paragon Quality Foods Ltd,Doncaster,Uk
Parcare Shell,Saint Albain,France
Parcel Delivery Solutions,Glasgow,Uk
Parcs Saint Kerber,Cancale,France
Paris Reynaud Ferrel,Bolougne Sur Mer,France
Bakkafrost France,Thiais,France
Adva Food Services Ltd.,London,Gb
Parking Ballindine - Texaco Ballindine,Ballindine,Ireland
Parking Cairnryan,Cairnryan,United Kingdom
Parking Camion Nr Reims,La Veuce,France
The Oyster Tavern,Tralee,Ireland
Parking E40 Drongen,Gent,Belgium
Parking Killorgin,Killorgin,Ireland
Parking Offsite Bellshill,Bellshill,Uk
Parking Pl Paris,Chevilly-larue,France
Parking Poids Lourds,Arras,France
Parking Poids Lourds Truck Etape,Vendres,France
Parking Reims,Reims,France
Parking Relais Craywick,Craywick,France
Parking Securise Vemars,Vemars,France
Parking Tir Aosta,Aosta,Italy
Parking Tir,Saint-louis,France
Parking Toll Plaza Saint Arnout En Yvelines,Saint Arnoult En Yvelines,France
Parking Truck,Metz,France
Parkplatz Konigslutter Am Elm,Konigslutter Am Elm,Germany
Parkplatz,Sirejovice,Czech Republic
Parkview Provisions Ltd,Newry,Uk
Paro Poissonnerie Fruits De Mer,Boulogne Sur Mer,France
Pars Foods,Glasgow,Scotland
Partenaires Sa,Cavignac,France
Partner Logistics,Wisbech,Uk
Partners In Logistics Duty Euro A/c,Shannon,Ireland
Party Delights,Manchester,Uk
Pasapesca,Barcelona,Spain
Pascal Hamel,Sainte Marie Du Mont,France
Pasquier Vron,Vron,France
Passion Froid / Norfrigo 6,Le Portel,France
Pasta Concepts,Naas,Ireland
Pasta Zara Spa,Riese Pio X,Italy
Pat Lydon - Bundoragha Pier,Leenane,Ireland
Pat Lydon,Connemara,Ireland
Pat Lydon,Renvyle,Ireland
Pat Mcgowan Transport Limited,Ballybofey,Ireland
Pat Molloy C/o Padraig O Luagh Teoranta,Fintown,Ireland
Pat Moran - Roscahill Seafood Ltd,Westport,Ireland
Pat Moran,Cheekpoint,Ireland
Pat Moran,Westport,Ireland
Pat O'connor Meats,Raheen Business Park,Ireland
Pat O'meara & Sons Butchers Ltd,Patrickswell,Ireland
Pat Rynn,Galway City,Ireland
Pat The Baker,Dublin,Ireland
Patatas Fritas Torres,Montmelo,Spain
Patel Sau,L Esquirol,Spain
Paterson Arran Limited,Livingstone,Scotland
Patisserie Pasquier Cerqueux,Les Cerqueux-de-maulevrierf,France
Patisserie Pasquier Vron,Vron,France
Patras Port,Patras,Greece
Patric Sugrue,Cromone,Ireland
Patrick Flatherty-killary,Connemara,Ireland
Patrick O Sullivan-cromane Bay Shellfish,Cromane Lower,Ireland
Paul Duffy (mc Daids),Carndonagh,Ireland
Paul Duffy C/o Alan Rankin,Muff,Ireland
Paul Horan,Galway,Ireland
Paul Leydon,Ballinfull,Ireland
Paul Mc Crossan,Lifford,Ireland
Paul Mchugh,Mountcharles,Ireland
Paul O Sullivan,Cromane,Ireland
Paula Fish,Slupsk,Poland
Paula Fish,Tolkmicko,Poland
Pc Thorolda,Spalding,Uk
Pcc,Heywood,Uk
Pci Packaging Services Ireland,Dundalk,Ireland
Pco Manufacturing,Ashbourne,Ireland
Pd Barre,Boulogne Sur Mer,France
Pdm Produce Uk,Newport,Uk
Peake Fruit Ltd,Ardleigh,Uk
Peat Edge Farm,Bowburn,Uk
Peat Edge Farm,Durham,Uk
Pech De La Barre,Boulogne-sur-mer,France
Pech Hauts De France (fr178),Boulogne-sur-mer,France
Pecherie De Normandie,Blainville-sur-mer,France
"Pecheries Auzureene, Stef Transport Bsm",Boulogne-sur-mer,France
Pecheries D'armorique,Erquy,France
Pecheries De La Barre (via Mesguen) - Boulogne-sur,Boulogne-sur-mer,France
Pecheries De St Guenole,Boulogne Su Mer,France
Pecherie Occitane,Frontignan,France
Peckover Transport,Bradford,Uk
Pedro Srl C/o Flymed,Cusago,Italy
Peixescot Sl,Boulogne-sur-mer,France
Peixos Madir,Boulogne-sur-mer,France
Peli Biothermal,Leighton Buzzard,Uk
Pelko,Dublin,Ireland
Peloton Produce,Spalding,Uk
Pemberton,Wigan,Gb
Penerley Farm / New Forest,Beaulieu,Uk
Penn Ar Bed Compagnie Maritime,Esquibien,France
Pennguin Limited,South Shields,Uk
Pennys Building 6 Dsv,Naas,Ireland
Penrhos Truck Stop,Holyhead,Uk
Penrith Truckstop,Penrith,Uk
Pensa Mario - Prodotti Ittici,Turin,Italy
Pentagon Food Group Ltd,Stoke On Trent/fenton,Uk
Pentagon Freight,Aberdeen,Scotland
Pentax Industries Spa,Veronella,Italy
Pentland Ferries,Canisbay,Scotland
Pentland Ferries,Orkney,Scotland
Pentons Haulage - Ruyton,Ruyton Xi Towns,Uk
Pentons Haulage And Coldstorage,Oswestry,Uk
Peq B.v.,Naaldwijk,Holland
Perez Torres Martima,Pontevedra,Spain
Perfect Food Solutions,Greenore,Ireland
Perform Panel,Barnsley,Uk
Perform Panel,Bridgwater,Uk
Perishable Movements Ltd (pml Ltd),Feltham,Uk
Perlim,Saint-aulaire,France
Permafrost,Ballincollig,Ireland
Perpetua Fitness,Dublin,Ireland
Perrys Cash & Carry Ltd,Strawhall,Ireland
Persan S.a,Sevilla,Spain
Asm-aerosol-service Ag,Mohlin,Switzerland
Perugini Frutta,Pievesestina,Italy
Pesa Ag,Weil Am Rhein,Germany
Pesa Ag,Weil Am Rhein,Germany
Pesa,Chavornay,Switzerland
Pesca Premium Sl,Boulogne Sur Mer,France
Pescados  C/o John Driege,Boulogne,France
Pescados Asun S.l,Boulogne Sur Mer,France
Pescados Bizkaimar,Bilbao,Spain
Pescados Borsamar S.l,Madrid,Spain
Pescados Cartagena S.l,Murcia,Spain
Pescados De La Iglesia Sa,Madrid,Spain
Pescados E.guillem S.l,Valencia,Spain
Pescados Julio Laredo,Laredo,Spain
Pescados La Alondra Sl,Valladolid,Spain
"Pescados Marin G.s.g., S.l.",Boulogne Sur Mer,France
Pescados Nortemar S.l.,Boulogne-sur-mer,France
Pescados Nortemar,Oiartzun,Spain
Pescados Sebas Sl,Boulogne Sur Mer,France
Pescados Txalupa S.l,Boulogne-sur-mer,France
Pescados Y Mariscos Sanchez De La Campa Sl,Barcelona,Spain
Pescados Y Mariscos Triton Sl,Cambados,Spain
Pescados Y Mariscos,Huelva,Spain
Pescados Videla,Barcelona,Spain
Pescanova Espana C/o  Norfrigo 9,Wimille,France
"Pescanova Espana Slu,  Norfrigo 9",Wimille,France
Pescanova Espana Slu,Arteixo (a Coruna),Spain
Pescanova France,Lorient,France
Pescanova Portugal C/o Stef,Arcozelo,Portugal
Pescanova,Pontevedra,Spain
Pescanova,Valencia,Spain
"Pescatrade,s.a.","Heras, Cantabria",Spain
Pescheria,Via Daunia,Italy
Pesconil (john Driege),Boulogne-sur-mer,France
Pesmar Julio Sl,Boulogne Sur Mer,France
Pet Planet,Livingston,Uk
Pet Treats,Clonmellon,Ireland
Peter Fish Nv,Boulogne Sur Mer,France
Peter Gilding & Co Ltd,Merseyside,Uk
Peter Green Haulage,Evercreech,Uk
Peter J Stirling Ltd (abbey Fruits),Arbroath,Scotland
Peter Kearney,Castletownbere,Ireland
Peter Kearney - Mcdaids Yard,Cardonagh,Ireland
Peter Kearney (mcdaids Yard),Carndonagh,Ireland
Peter Keogh &amp; Sons Ltd,Dublin,Ireland
Peter Louet,Carlingford,Ireland
Peter White & Sons,Moville,Ireland
Peter White C/o Ocean Gems,Moville,Ireland
Peterborough Services,Peterborough,Uk
Peterhead Fish Market,Peterhead,Uk
Pettenon Cosmetics S.p.a,Schio - Vi,Italy
Pexescot Sl,Boulogne-sur-mer,France
Pfe Express Ltd,Witham,Uk
Pfizer Ireland Pharmaceuticals,Clondalkin,Ireland
Pfm Medical Uk Ltd,Cheshire,United Kingdom
Pfs Fareham Distribution Centre,Farehem,Uk
Pharmalog-geodis,Cellule B-c Zi Pharmaparc,France
Phaseolus Limited,Cambridgeshire,Uk
Philip Dennis Foodservice Limited,Ducklington,Uk
Philip Godkin,Clonsilla,Ireland
Philip Godkin,Clonsilla,Ireland
Philippe Menadier - Le Marais Neuf,Chaillevette,France
Philippe Wattez (delanchy),Boulogne-sur-mer,France
Philips Sligo,Sligo,Ireland
Philostrea,Saint-philibert,France
Phl Group Ltd,Welshpool,Uk
Phm Mitjaville,Libourne,France
Phm Suisse Sa,Chavornay,Switzerland
Phs,Ballyfermot,Ireland
Phs,Dordon,Uk
Physalia Ltd,Limerick,Ireland
Pi - Lpc,La Chapelle-d'aligne,France
Pi. Wai Foods,Colturano,Italy
Piazzale Piet,Alba,Italy
Picq Gilbert Et Fils,Chichee,France
Pieman Events Ltd,Bawnogue Road,Ireland
Pierre Azar Trading,Wimille,France
Pierre Azar Trading / Norfrigo 9,Wimille,France
Pierre Chemin Earl,Dolus D'oleron,France
Pierre Lec'hvien,Yvias,France
Pierre-yves Colin-morey,Chassagne-montrachet,France
Piet Verwijs,Yerseke,Netherlands
Pieter Geijsen,Postbus 25,Netherlands
Pilgrim Foodservice,Boston,Uk
Pilgrim's Pride Ltd,Spalding,Uk
Pilgrims Food Master,Shillelagh,Ireland
Pilgrims Food Masters,Hyde,Uk
Pilgrim’s Pride Ltd,Lincs,Uk
Piltec Limited,Bidford-on-avon,Uk
Pindar Ndc,Northampton,Uk
Pineapple Contracts,Aysleford,United Kingdom
Pinewood Healthcare,Ballymount,Ireland
Pingo Doce Cd Alfena,Alfena,Portugal
Pingo Doce - Azambuja,Azambuja,Portugal
Pinkertons,Milford,Northern Ireland
Pinko A.s.,Benesov,Czech Republic
Pinsent Masons,Glasgow,Scotland
Pinteaux-renet,Saint-vaast-la-hougue,France
Pioneer Foods Ltd,Gateshead,Uk
Piovan S.p.a,Santa Maria Di Sala,Italy
Pipelife Ireland Solutions,"Cork, Little Island",Ireland
Piper Seafoods,Aberdeen,Uk
Piz Wich Europe,Bulgneville,France
Pizza Plus C/o Hen House Wholesale Ltd,Preston,Uk
Pizzasi Holding,Ballymount Drive,Ireland
Pj Lee,Sutton Gauld,Uk
Pj Mcdaid & Sons Ltd T/a Mcdaids Bathrooms,Buncrana,Ireland
Pjs Tyres,Newcastle Upon Tyne,Uk
Pka Oyster's,Ring,Ireland
Pkc C/o Ferrybank Pier,Ferrybank,Ireland
Pkc Oysters,Kinsale,Ireland
Pkd Ballymacoda,Ballymacoda,Ireland
Pkd Ltd,Ballymacoda,Ireland
Pkm Oysters,Killala,Ireland
Pko Oysters,Cromone,Ireland
Placeres,United States,Us
Placeres,Rhenus,Us
Pladis Midlands Distribution,Leicester,Uk
Plaimont Union De Producteurs,St Mont,France
Planet Caviar C/o Stef,Boulogne,France
Planet Farms,Cirimido,Italy
Planete Pain,Saint-vit,France
Planete Vegetal,Cestas,France
Planets Pride A/s,Slagelse,Denmark
Planta Pmg Caldes De Malavella,Caldes De Malavella,Spain
Planzer Transport Ag,Haerkingen,Switzerland
Plas Tech Termoforming,Yorkshire,Uk
Plassey Food & Distribution Company,Rathkeale,Ireland
Plastek Uk,Mansfiled,Uk
Plateforme Le Belier,Boulogne Sur Mer,France
Plateforme Lidl Carquefou,Bele,France
Platinum Paper Limited,Dublin,Ireland
Platinum Seafood Sas,Rungis,France
Pltinum,Boulogne Sur Mer,France
Pml Seafrigo Uk,Feltham,Uk
Pml Seafrigo,Lympne,Uk
Pms International Group Plc,Basildon,Uk
Poderi Dal Nespoli Srl,Civitella Di Romagna Fc,Italy
Poget - Utah Beach,Saint Marie Du Mont,France
Point Vert Plouha,Plouha,France
La Poissonerie Nice,Boulogne Sur Mer,France
Polar Speed Distribution,Sutton-in-ashfield,Uk
Polarkold Ltd,Fareham,Uk
Pole Logistique Albert Bichot,Beaune,France
Polley Logistiques,Marck,France
Polley Secured Lorry Park,Marck,France
Polo Plast Srl,San Stino Di Livenza,Italy
Polo Spa,Teolo,Italy
Polo Surgelati,Teolo,Italy
Polonez Tempside,Clondalkin,Ireland
Polybitumens,Grays,Uk
Tosca / Polymer Logistics Coventry,Coventry,Uk
Polypipe Building Products Ltd,Doncaster,Uk
Pom Ligne,Montreuil Sur Maine,France
Pom'ligne,Tuffalun,France
Pomona C/o Sofrilog Vitry,Vitry-sur-seine,France
Pomona Foodtrade,Boulogne-sur-mer,France
Pomona Foodtrade,Boulogne-sur-mer,France
Pomona Foodtrade Bsm,Boulogne-sur-mer,France
Pomona Passion Froid,Wimille,France
Pomona Passion Froid,Vitry-sur-seine,France
Pomona Passionfroid Ouest,Carquefau,France
Pomone Sas,Les Hauts-d'anjou,France
Pont Packaging,Darlington,Uk
Pontoon,Castletown-bearhaven,Co.cork
Poole Quay,Dorset,Uk
Popommes Des Alpes,Ventavon,France
Poppe Boulogne,Boulogne-sur-mer,France
Poppies Bakeries Laudun,Laudun L' Ardoise,France
Poppies Europe,St. Helens,Uk
Porsguen-viviersde,Plouescart,France
Port De Boulogne,Le Portel,France
Port Of Dover,Dover,Uk
Port Of Waterford,Slieverue,Ireland
Portlaoise Logistic / Martleys,Portlaoise,Ireland
Portlaoise Plaza,Curriersbog,Ireland
Portsmouth Customs,Portsmouth,Uk
Portsmouth Truckstop,Portsmouth,Uk
Portstewart Golf Club,Portstewart,Northern Ireland
Potclays Limited,Stoke On Trent,Uk
Potter & Moore Innovations Ltd,Peterborough,Uk
Poundland,Clonee,Ireland
Poundland,Harlow,Uk
Power Home Products,Dublin,Ireland
Power Plex,Dublin,Ireland
Powerplex International,Dublin,Ireland
Practicality Brown,Iver,Uk
Prado Vega,Cuellar,Spain
Prago Grodzisk,Grodzisk Wielkopolski,Poland
Precocinados Fuentetaja Sl-pt,Mudrian,Spain
Predl Gmbh,Bonitz,Germany
Prees Heath Car Park,Whitchurch,Uk
Pregis Spa,Roma,Italy
Pregis Spa Bari,Conversano Ba,Italy
Pregis Spa,San Bonfaco,Italy
Pregis Spa,Terramo,Italy
Pregis,Terramo,Italy
Prelodis Chaponnay,Chaponnay,France
Premier Fish Products,Killybegs,Ireland
Premier Foods Ireland,Ballycoolin,Ireland
Premier Foods,Tamworth,Uk
Premier Logistics,Bardon Hill,Uk
Premier Paper,Dublin,Ireland
Premier Park Warehouse,London,Uk
Premier Seafarmers,Yerseke,Netherlands
Premium Food Solutions,Estillac,France
Premium Halal Meat & Poultry Ltd,Birmingham,Uk
Premium Warehousing C/o Beattie Brands,Northampton,Uk
Prepworld,Northfleet,Uk
Prestige Foods Ltd,Listowel,Ireland
Prestige Foods,Listowel,Ireland
Prestons Of Potto,North Yorkshire,Uk
Prestwick Airport,Prestwick,Scotland
Prestwick Airport,Prestwick,Scotland
Pret,Hoddeson,Uk
Price Express,Barnsley,Uk
Pricecheck Toiletries Ltd,Sheffield,Uk
Pricecheck Toiletries Ltd,Manvers,Uk
Prima Cheese,Seaham,Uk
Primafruit Ltd,Evesham,Uk
Primark Dc Islip,Kettering,Uk
Primark Dc,Kettering,United Kingdom
Prime Food Distribution Ltd,Birmingham,Uk
Prime Produce,Tonbridge,Uk
Primeale United,Ridderkerk,Holland
J Bennett (billingsgate) Ltd,Hull,Gb
Le Lien Ltd,Hull,Gb
Primeline Express,Ashbourne,Ireland
Primeline Express,Cheshire,Uk
Primeline Logistics - Ashbourne,Meath,Ireland
Primeline Logistics Unit 3,Ashbourne,Ireland
Primeline Logistics – Dunnes,Ashbourne,Ireland
Primeline Logistics (unit 3),Ashbourne,Ireland
Primeline Logistics,Ashbourne,Ireland
Primeline Logistics,Ashbourne,Ireland
Primeline Logistics,Ashbourne,Ireland
Primeline Uk,Ashbourne,Ireland
Primeline Vne,Clondalkin,Ireland
Primeline Wow (ashbourne),Ashbourne,Ireland
Primeline Wow - Mcbride Cranford Ltd,Milford,Ireland
Primeline Wow,Ashbourne,Uk
Primeline,Ashbourne,Ireland
Primeur Ltd,Bingley,Uk
Primever ( Bay 25 ),Rungis,France
Primever Limousin,Donzenac,France
Primex Logistic,Honfleur,France
Primum Familiae Vini,Merignac,France
Princes / Knowles Transport Ltd Salters Yard,Wisbech,Uk
Princes Ltd,Spalding,Uk
Princes Lynn Road Distribution Centre,Wisbech,Uk
Princes,Armathwaite,Gb
Prins & Dingemanse,Yerseke,Netherlands
Print & Display Ltd,Nottingham,Uk
Priority Freight Severn Stars,Coventry,Uk
Prime Seafood Trading,,Us
Prism Offsite Manufacturing,Coventry,Uk
Private Label Manufacturers Association,Amsterdam,Netherlands
Prl - Transport D23,Dublin,Ireland
Prl Cork,Carrigtwohill,Ireland
Prl Ex Mars,Dublin,Ireland
Prl Freight,Rathcoole,Ireland
Prl Group,Rathcoole,Ireland
Prl Kilcarbury,Nangor,Ireland
Prl Logistics,Dublin,Ireland
Bulmers Ireland - Prl Transport,Talbotsinch,Ireland
Prl Uk,Clifton Upon Dunsmore,Uk
Prl Warehouse Block C,Rathcoole,Ireland
Prl Warehouse Block Q,Rathcoole,Ireland
Prl Group,Rathcoole,Ireland
Prl Freight,Dublin,Ireland
Prm Haulage Ltd,Lisburn,Northern Ireland
Prm Parking,Lisburn,Northern Ireland
"Pro Carrier,",Haydock,Uk
Pro-carrier Ltd Uniserve,Appleton Thorn,England
Proafer,A Coruna,Spain
Proampac,Grimsby,United Kingdom
Procaffee - Warehouse,Belluno,Italy
Procter & Gamble Ltd,West Thurrock,Uk
Procter & Gamble Rakona,Rakovnik,Czech Republic
Procter & Gamble,Skelmersdale,Uk
Proctor & Gamble,Euskirchen,Germany
Proda,Stazione Castelguelfo Pr,Italy
Prodal Srl,San Dona Di Piave,Italy
Prodimar,Loupain,France
Prodotti Rubicone S.r.l.,Panighina,Italy
Product Atlantique (mesguen),Boulogne-sur-mer,France
Producta,Villeseque,France
Production Chiron Atd C/o Pka,Ring,Ireland
Production Chiron Atd Ltd,Dungarvan,Ireland
Production Gillardeau,Utah Beach,France
Produits Cotiers,Boulogne-sur-mer,France
Proflo Ltd,Dublin,Ireland
Prolog Fulfilment Ltd,Nottingham,Uk
Prologis Park,Stoke-on-trent,Uk
Promer Ocean (rungis Maree),Boulogne-sur-mer,France
Promer Ocean (rungis Maree),Boulogne-sur-mer,France
Prominent,De Lier,Netherlands
Prominent/growers United Ltd,Maasdijk,Holland
Promolac Spain,Cornella Del Terri,Spain
Prono,Landevant,France
Pronto Green,Ponte San Giovanni Pg,Italy
Proserve Solutions Ltd,New Ross,Ireland
Proteo Srl,Mamiano,Italy
Protrans Limited,Longford,Ireland
Protruck Auctions Ltd,Belton,United Kingdom
Provence Maree (delanchy),Boulogne-sur-mer,France
Provinz Food Gmbh,Berlin,Germany
Prs Pallet Recovery Services Ipp,Whitehead,Uk
Prs Pallet Recovery Services,Whitehead,Northern Ireland
Przetwornia Cebula Zamrazalnia Kucznia,Tuchola,Poland
Przetwornia Cebula Zamrazalnia Kucznia,Tuchola,Poland
Ps Ridgeway Ltd,Dundee,Scotland
Psg Customs Dover,Dover,Uk
Psi Production Ltd,Dublin,Ireland
Psv Glass & Glazing Ltd,Rathcoole,Ireland
Psv Glass & Glazing,Manchester,Uk
Puerto Vieira S.l.u,Pontevedra,Spain
Pulse Logistics,Clonmel,Ireland
Punjab Exoctic Food Ltd - New Spitalfields Market,Leyton,Uk
Mardyke Truckpark,London,Uk
Puratos,Saint Vith,Belgium
Puratos Ltd,Buckingham,Uk
Purepower Nutrition,Baldonnell,Ireland
Shanghai Aozhiyuan Food Co.ltd,Shanghai,China
Pw Gates Distribution Ltd,Wilstead,Uk
Pyranha Kayaks,Cheshire,Uk
Pyranha,Runcorn,Uk
Pêcheries Des Hauts De France,Boulogne-sur-mer,France
Q449,Boulogne Sur Mer,France
"Q609, Delanchy",Boulogne-sur-mer,France
Q665,Boulogne-sur-mer,France
Q8 Antwerp,Ranst,Belgium
Q928,Boulogne Sur Ner,France
Qas Group Limited,Paisley,Scotland
Lulu Hypermarket Trading Company W.l.l,Doha,Qatar
Qfn Macari's,Ballycoolin,Ireland
Qk Cold Store,Grantham,Uk
Qk Gif Distribution,Naas,Ireland
Qnt (230220),Thuin,Belgium
Qnt (230234),Ely,Uk
Qplus,Miami,Us
Qpm Ltd,Dublin,Ireland
Quaker Houghton,Dunboyne,Ireland
Quality Food Network,Dublin,Ireland
Quality Produce International,De Lier,Netherlands
Quality Seafood B.v,Urk,Netherlands
Quality Seafood,Urk,Netherlands
Qualvecom,Dublin,Ireland
Queen Of The Loch,Alexandria,Uk
Quick Frozen Bv,Urk,Holland
Quickly Service Srl,Mozzate,Italy
Quigley Meats,Ballincollig,Ireland
Meralliance,Quimper,France
Quin Global (uk) Ltd - Warehouse & Distribution,Errol,Uk
Quinta Da Mata Fidalga,Aguim,Portugal
Quinta De La Rosa,Sabrosa,Portugal
Quintana International Ltd C/o Dcs Haulage,Ashbourne,Ireland
Quisquater Nv & Co,Dendermonde,Belgium
Qv Foods,Spalding,Uk
R & W Scott Ltd,Glasgow,Scotland
R J Edwards & Sons Ltd,Warrington,Uk
R J Edwards,Warrington,Uk
Aj  Produce,Newtownards,Northern Ireland
R Lopez De Heredia,Haro,Spain
R P C Containers Ltd,Corby,Uk
R P C Containers,Northants,Uk
R Scally,Co. Offaly,Ireland
R T Potatoes,Prestonpans,Scotland
R&d,Mullingar,Ireland
R&j Simpson Aberdeen,Aberdeen,Uk
R&j Simpsons,Aberdeen,Scotland
R&m Forwarding (bieslookweg Site),Ridderkerk,Holland
R&m Forwarding B.v.,Ridderkerk,Netherlands
R&r W Bartlett,Litchfield,Uk
R&w Scott Ltd,Carluke,Uk
R. Dumont & Company Establishments,Lens,France
R. Lopez De Heredia,Haro,Spain
R. Thomsen Gmbh,Butzow,Germany
R.j & Ja Cartwright,Shrewesbury,Uk
R204,Boulogne-sur-mer,France
R229,Boulogne-sur-mer,France
R343,Boulogne Sur Mer,France
R598,Boulogne Sur Mer,France
R840,Boulogne-sur-mer,France
R866,Boulogne-sur-mer,France
Rabe Spreewalder Konserven Gmbh & Co. Kg,Luebbenau Spreewald,Germany
Raben Logistics Czech,Ricany U Prahy-jazlovice,Czech Republic
"Rack Systems Ltd,",York,Uk
Racoo Shellfish,Laghey,Ireland
Radius Systems,Alfreton,Uk
Raflatc Scarborough,Scarborough,Uk
Raheen Gardens>meet At Pedigree Corner,Ballylinan,Ireland
Rail Gourmet Uk Ltd (p2u),Hounslow,Uk
Rainbow Kleinpak Bv,De Lier,Holland
Rainbow Seafood Ex Bellshill,Belshill,Scotland
Rainer Michael,Frankfurt Am Main,Germany
J Bennett (billingsgate) Ltd,Rainham,Gb
Ralph Davies,Banbury,Uk
Ralph Livesey Ltd,Ribbleton,Uk
Rambutan Fruits Ltd,Lusk,Ireland
Raoul Service,Chevilly-larue,France
Raps Fresh C/o Flottman Transport,Dissen Am Teutoburger Wald,Germany
Rari Food International Gmbh,Hamburg,Germany
Rari Food,Hamburg,Germany
Fleischhof Rasting Gmbh,Essen - Stadtbezirke,Germany
Rastplatz Adelzhauser Berg Nord,Eurasburg,Germany
Rastplatz Rohrbrunn,Weinersbrunn,Germany
Rathen West Church,Fraserburgh,Scotland
Raventos I Blanc,Sant Sadurni D'anoia,Spain
Ravico,Londerzeel,Belgium
Rawlplug,Glasgow,Scotland
Rayburn Trading,Manchester,Uk
Rc Casing Ltd,Ballyhaunis,Ireland
Rci Ralph Coleman International,Warrington,Uk
Rcm Wishaw,Wishaw,Scotland
Rd Johns Foodservice,Radstock,Uk
Rd Johns Ltd,Newton Abbot,Uk
Rd Solari,Shropshire,Uk
Rdi Banbury,Banbury,Uk
Rdi Drinks Division,Northampton,Uk
Rds Dublin,Ballsbridge,Ireland
Rdv Transports,Marck,France
Rea Valley Foods,Minsterley,Uk
Reach Food Service Ltd,Hayes,Uk
Ready Chef,Dublin 11,Ireland
Ready Egg Products,Enniskillen,Northern Ireland
Real Rubio Winery,Aldeanueva De Ebro,Spain
Real S.a Cold Store,Jablonna Lacka,Poland
Realt Na Mara Shellfish (yard),Cromane,Ireland
Reamar Srl,Bosco Mesola,Italy
Rebco Fao Trans Nadia,Rungis,France
Rebco International,Paris,France
Recchioni Primo E Adolfo S.r.l C/o Spaim,San Benedetto Del Tronto,Italy
Recchioni Primo E Adolfo S.r.l,Civitanova Marche,Italy
Recchioni Primo E Adolfo S.r.l,Montecosaro Mc,Italy
Reckitt Chesterfield,Buckmanton,Uk
Reckitt,Nowy Dwor Mazowiecki,Poland
Red Lion Truckstop,Northampton,Uk
Red Star Growers,Worcestershire,Uk
Redbank Shellfish,Burrin,Ireland
Redbrook Blentech,Athlone,Ireland
Redgate Farmhouse,Wisbech,Uk
Redhead International,Bradford,Uk
Redhead International,Dublin,Ireland
Redmond Fine Foods,Naas,Ireland
Redpanda Fulfilment Ltd,Princes Risborough,Uk
Redstar,De Lier,Netherlands
Redwing Engineering Ltd,Thomastown,Ireland
Reed Bordall,Boroughbridge,Uk
Reel Service,Glenrothes,Scotland
Refresco Beverages Uk Ltd,Bridgwater,Uk
Refresco,Nelson,Uk
Refrigerated Distributers Ltd,Dublin,Ireland
Regal Food Products Group Plc,Bradford,Uk
Regal Leisure Homes,Woolsbridge,Uk
Régal Marée,Boulogne-sur-mer,France
Regeneron Ireland Designated,Swords,Ireland
Regional Foods C/o Simpson Supermarket,Letterkenny,Ireland
Regnier Sucre & Sale,Arques,France
Rehman Poultry,Glasgow,Uk
Reids Food Service Ltd,Dalry,Uk
Reimer Logistics,Malsfeld,Germany
Reinheimer Logistique,Hoerdt,France
Relatra Ag,Kreuzlinen,Switzerland
Reliable Uk Trading Ltd,Nottinghamshire,Uk
Renault,Dublin 15,Ireland
Rene Madrias Transport,La Selle En Luitre,France
Renoilt Se,Waldkraiburg,Germany
Rentes Plants Ltd,Moyvally,Ireland
Repsol Security Parking La Jonquera,La Jonquera,Spain
Resa Expo Logistics,Hospitalet,Spain
Reseau Mer,Wimille,France
Rest Area Jugy,Jugy,France
Rest Stop M8 (n) 4/5,Tipperary,Ireland
Rest Stop M8 (n) 6/7,Aughnagomaun,Ireland
Restaurant Ker Jo Ann,Chateaubourg,France
Restaurant Le Saloon,Saint Germain Sur Moine,France
Restaurant Mediterranea,Caudete De Las Fuentes,Spain
Reynaud (john Driege),Boulogne Sur Mer,France
Reynaud Bsm,Le Portel,France
Reynaud Bsm (stef),Boulogne-sur-mer,France
Reynaud Centrale,94599 Rungis,France
Reynaud Ets (stef),Boulogne-sur-mer,France
Reynaud Ets,Boulogne Sur Mer,France
Reynaud Ets - C/o Stef,Boulogne Sur Mer,France
Reynaud Ets-le Portel,Le Portel,France
Reynaud Ets,Rungis,France
Reynaud Restauration Rungis (stef),Boulogne Sur Mer,France
Reynaud Rungis Maree,Boulogne-sur-mer,France
Reynaud Rungis,Batiment Venise,France
Reynaud Snc / R&o Seafood Gastronomy,Le Portel / Boulogne Sur Mer,France
Reynolds Cater Supplies,Chelmsford,Uk
Reynolds Catering Supplies Ltd,London,Uk
Rf Brookes,Newport,Uk
Rh Amar & Company Limited,High Wycombe,Uk
Rhenus Chemical,Dublin 15,Ireland
Rhenus Freight Logistics,Kirchheim,Germany
Rhenus Hauser,Lutterworth,Uk
Rhenus Logistics (ireland) Ltd,Ballycoolin,Ireland
Rhenus Logistics Ag,Pratteln,Switzerland
Rhenus Logistics Ltd,Dublin 12,Ireland
Ri.ma Group S.r.l,Settimo Milanese,Italy
Rib World,Fethard,Ireland
Ribago D.o.o.,Slovenia,Slovenia
Ribex Trading,Yanko Komitov Bul,Bulgaria
Ribex,Boulogne-sur-mer,France
Rich Baking,Lisburn,Northern Ireland
Rich Products,Andover,Uk
Rich Sauces,Newtownards,Northern Ireland
Richard Hochfeld Ltd,Kent,Uk
Richard Solari Farms Ltd,Beckbury,United Kingdom
Richard Steele – Rs Shellfish Ltd,Quigleys Point,Ireland
Richard Wellock & Sons Ltd,Nelson,Uk
Richardsons Foods,Ballysimon Road,Ireland
Riches Monts Pace,Pace,France
Richetti Spa,Teramo,Italy
Richmond Marketing Ltd,Tallaght,Ireland
Richmond Marketing Ni,Moira,Northern Ireland
Richmond Marketing,Dublin,Ireland
Rick Bestwick Ltd,Warrington,Uk
Rick Bestwick,Simonswood,Uk
Ricoh Uk Products Ltd,Telford,Uk
Rida Trade,Poeldijk,Netherlands
Rideau C/o John Driege,Boulogne,France
Riello S.p.a C/o Brt Spa,Albairate,Italy
Riello S.p.a,Legnago,Italy
Riello Spa C/o Brt Spa,Albairate,Italy
Rigaill Maree (delanchy),Boulogne-sur-mer,France
Rimfruit Op Soc. Coop. A R.l.,San Vito Chietino,Italy
Rinaudo,Montauban,France
Ringaskiddy Port,Ringaskiddy Port,Ringaskiddy Port
Ringtons Limited,Newcastle On Tyne,Uk
Rio Logistics S L / Pallex Iberia,Montornes Del Valles,Spain
Rioja Alta Marketing Company,Labastida,Spain
Riso Scotti,Pavia,Italy
Ristogamma S.r.l.,Rubiera Re,Italy
Ristop | Arino Ovest Ve,Dolo,Italy
Ritrama Ltd,Dukinfield,Ireland
Ritters,Bicester,Uk
Riunione Srl,Genova,Italy
Rivalta Spedizioni Srl,Tortona,Uk
Rivasam (mollerusa),Mollerusa,Spain
Rivasam S.a.,Barcelona,Spain
River Deep Mountain High,Galway,Ireland
Rivergold/lachs Import,Bouchum,Germany
Ventara Trading Company,Riyadh,Saudi Arabia
Road Chef,Watford,Uk
Road Parking - Northampton,Northampton,Uk
Roadchef - Motorway Services,Johnstonebridge,Uk
Roadchef - Tibshelf M1 (southbound),Alfreton,United Kingdom
Roadchef - Watford Gap M1 Northbound,Northampton,Uk
Roadchef Annandale Water A74,Johnstonebridge,Uk
Roadchef Annandale Water,Johnstonebridge,Uk
Roadchef Clacket,Westerham,Uk
Roadchef Hamilton M74 Northbound,Lanark,Uk
Roadchef M56,Chester,Uk
Roadchef M6 Sandbach Northbound,M6,Uk
Roadchef Northampton M1,Northampton,Uk
Roadchef Northampton South,Northampton,Uk
Roadchef Stafford,Stafford,Uk
Roadchef Taunton Deane M5 Northbound,Taunton,Uk
Roadchef Tibshelf M1 (northbound),Alfreton,Uk
Roadchef Tibshelf M1,Tibshelf,United Kingdom
Roadchef Tibshelf,Alfreton,Uk
Roadchef,Durham,Uk
Roadchef,Strensham,Uk
Roadstone Laghey,Laghey,Ireland
Roadstone Retail Feltrim,Dublin,Ireland
Roaring Water Bay (johnny O'brien),Skibereen,Ireland
Roaring Water Bay (michael O'neill),Skibereen,Ireland
Roaring Water Bay (normandy Ireland),Skibereen,Ireland
Roaring Water Bay (rodeen),Skibereen,Ireland
Roaring Water Bay (shellfish Ireland),Skibereen,Ireland
Roaring Water Bay - Collection,Skibereen,Ireland
Robert Kukla Bilbao,Santurce,Spain
Robert Mccabe Ltd,Drogheda,Ireland
Roberts Bakery,Northwich,Uk
Robinson Meat,Dublin 20,Ireland
Roca Grup Carni,Banyoles,Spain
Rocco Galati Mondo Freezer Srl,Fondi,Italy
Rocco Trasporti Srl,Battapaglia,Italy
Roche Logistics Group,Rosslare,Ireland
Rockabill Seafood Limited,Balbriggan,Ireland
Rockvale Farm,Cork,Ireland
Rockwool Ltd,Bridgend,Uk
Ro Dino Croatia,Croatia,Croatia
Rode Vis B.v,Urk,Netherlands
Rodeen Fish Farm (bantry),Bantry,Ireland
Rodeen Fish Farm C/o Kush,Ardgroom,Ireland
Rodeen Fish Farm Kilmackilogue,Kilmackilogue,Ireland
Rodeen Fish Farms - Castletownbere Fhc Synchrolift,Castletownbere,Ireland
Rodeen Fish Farms C/o Ott Galway,Moycullen,Ireland
Rodeen Fish Farms Cromane,Kilorglin,Ireland
Rodeen Fish Farms,Castletownbere,Ireland
Rodeen Fish Farms  Dinish Island,Castletownbere,Ireland
Rodeen Fishfarms Leenane,Leenaun,Ireland
Rodeen Rwb,Skibbereen,Ireland
Roem Van Yerseke B.v,Yerseke,Netherlands
Roem Van Yerseke B.v.,Yerseke,The Netherlands
Roem Van Yerseke,Yerseke,Netherlands
Roen Caldaro,Caldaro Sulla Strada Del Vino,Italy
Romac Logistics Limited,Manchester,England
Romac Logistics,Wolverhampton,Uk
Romac Logistics Eurocentral,Motherwel,Scotland
Romac Logistics Wolverhampton,Wolverhampton,Uk
Romac Logistics,Middleton,Uk
Romac Logistics,Somercotes,Uk
Roman Y Martos Alimentacion S.l,Algemesi,Spain
Roman Y Martos Alimentacion Si,Algemesi,Spain
Roman Y Martos,Algemesi,Spain
Roncadin Spa,Meduno,Italy
Rondanini Uk,Manchester,Uk
Rongs Wholesale Ltd,Ballyfermot Upper,Ireland
Ronseal,Doncaster,Uk
Rooney Fish,Kilkeel,Northern Ireland
Rooser,Boulogne Sur Mer,France
Rooser Sas,"Boulogne Sur Mer,",France
Rosdera Irish Meat Group,Offaly,Ireland
Rosen Eiskrem Sud Gmbh,Prenzlau,Germany
Rosen Eiskrem Sud Gmbh,Prenzlau,Germany
Rosewood Pet Products Ltd,Hadley,Uk
Rosie & Jim,Inchicore,Ireland
Rosmoney Shellfish,Westport,Ireland
Rossaveel- Harbour,Rossaveel,Ireland
Rossetto Trade,Bigarello,Italy
Rosslare Harbour,Rosslare Harbour,Ireland
Dafm-rosslare Border Control Post,Co. Wexford,Ireland
Rosslare Truck Parking,Wexford,Ireland
Rouen Maree C/o Delanchy Copromer Transports,Boulogne-sur-mer,France
Rouen Maree Sas,Boulogne-sur-mer,France
Rouen Maree Sas,Boulogne-sur-mer,France
Rouen Maree,Rouen,France
Le Rouge Gorge,Taize,France
Round Tower C/o Interfrigo Chill,Antrim,Northern Ireland
Route 55 Diner,Abergele,Uk
Route 74 Truckstop,Lanark,Uk
Rouxel Stockage,Vannes,France
Roveg Fruit Bv,Waddinxveen,Holland
Rowan International Ltd,Basildon,Uk
Rowebb,Broxburn,Scotland
Rowlinson Packaging Ltd,Wardle,Uk
Roxanne Uk,Carlisle,Uk
Roxanne,Lichfield,Uk
Roy Evans & Sons,Stoke On Trent,Uk
Roy Trevor Ltd,Warrington,Uk
Royal Fish,Boulogne-sur-mer,France
Royal Greenland Seafood Gmbh,Cuxhaven,Germany
Royal Mail - Newtownabbey (noi),Newtownabbey,Northern Ireland
Royal Mail,Warrington,Uk
Royal Portrush Golf Club,Portrush,Northern Ireland
Royale Maree (yeu Island),Boulogne Sur Mer,France
Royalfred,La Rapita,Spain
RozmÁr Nagykereskedés Voyagex Morini Kft,Budapest,Hungary
Rp Motorhomes,Leeds,Uk
Rs Haulage & Mechanical Ltd,Lisburn,Northern Ireland
Rsu Dublin,Santry,Ireland
Imperial Productos Almentiares,Vila Do Conde,Portugal
Ruabon Oakland Farm Eggs,Wrexham,Uk
Ruby Molly Hotel C/o Expert Removals,Dublin 15,Ireland
Rudden Drumuck C/o Kadona,Cavan,Ireland
Rudds Fine Foods,Birr,Ireland
Rudolf Olz Meisterbacker Gmbh,Dornbirn,Austria
Rugby Gateway,Rugby,Uk
Ruidellots Plc,Riudellots De La Selva,Spain
Cash Sale,,Gb
Rungis Express,Boulogne-sur-mer,France
Rungis Express,Meckenheim,France
S.n.c Reynaud Rungis,Rungis,France
Transgourmet Seafood,Rungis,France
Maison Blanc,Rungis,France
Expert Export,Rungis,France
Maison Blanc,Rungis,France
Paris Caviar,Rungis,France
Leca MarÉe,Rungis,France
Rush Green Motors,Hertfordshire,Uk
Rushfleet,Dublin,Ireland
Ruskim Seafoods,Telford,Uk
Russell Meats C/o Cross Fine Foods,Cong,Ireland
Russell Meats C/o Ott,Moycullen,Ireland
Russell Transport,Glasgow,Uk
Russells,Glasgow,Uk
Ryan Meats,Finglas,Ireland
Ryan Moore C/o Eamon Mc Cahill,Lettermacaward,Ireland
Ryan Moore C/o Ott Dublin,Hollystown,Ireland
Ryan Wallcoverings Ltd,Ballymount,Ireland
Rym Montefrisa,Algemesi,Spain
S & J Sales Co,London,Uk
S & T Enterprises Limited,Birmingham,Uk
S A Alain Postic,Servon Sur Vilaine,France
S J Bargh,Lancaster,Uk
S M Bayne & Co Limited,Lochore,Uk
S.a Bardet Rungis,Boulogne-sur-mer,France
S.a Champagne Vilmart 4,Rilly La Montagne,France
S.a Hesbaye Frost,Geer,Belgium
S.a. Gel'pam,La Garde Adhemar,France
S.a.r.l. Les Claires D'orivol Huîtres Got/counil,La Tremblade,France
S.a.s. Sud Est Maree,Boulogne Sur Mer,France
S.b. Castle Modular Ltd,Galway,Ireland
S.c.a Madec,Carantec,France
S.e.g Cassic,Boulogne-sur-mer,France
S.e.m Lorient Keroman,Lorient,France
S.e.m Lorient,Boulogne Sur Mer,France
S.i.c. D.o.o.,Visnjan,Croatia
S.n.c Reynaud Rungis,Rungis,France
S.n.c. Reynaud Stef Bsm Onward To,Boulogne-sur-mer,France
S.n.c. Reynauds Prf,Boulogne-sur-mer,France
S.n.c. Reynauds Rungis,94150 Rungis,France
S.n.c. Reynauds,Bolougne Sur Mer,France
S442,Boulogne-sur-mer,France
S494,Boulogne-sur-mer,France
S787,Boulogne Sur Mer,France
S791,Boulogne-sur-mer,France
Sa Auchan France C/o,Chateauneuf Du Faou,France
Sa Auchan France C/o-mowi,Boulogne-sur-mer,France
Sa Bardet( Rungis Maree),Boulogne-sur-mer,France
Sa Bra Catering Srl,Fiano Romano (rm),Italy
Sa Cooperative Maritime Des Pecheurs Et Ostreicult,Auray,France
Sa Ni Mar,Chioggia,Italy
Sa Pinguin Lutosa Foods,Leuze En Hainaut,Belgium
Sa Viviers D'audierne (eur),Boulougne Sour Mer,France
Sa.ni.mar,Chioggia,Italy
Sabelli Spa,Ascoli Piceno,Italy
Sabiana Spa C/o Sabiana 3,Magenta,Italy
Sabic Ip Car Site Arniella,Lobosillo,Spain
Sabra,Fondi,Uk
Sacchital,Pregnana Milanese,Italy
Sacha,Boulogne-sur-mer,France
Sachafish Sl,Boulogne Sur Mer,France
Sachsenobst  Vermarktungsgesellschaft,Grimma,Germany
Philip Dogherty C/o Alan Rankin,Muff,Ireland
Saddle Rock Fisheries,Carndonagh,Ireland
Saddle Rock Fisheries (philip Dogherty),Malin Head,Ireland
Saddle Rock-mulroy Bay Yard,Mulroy Bay,Ireland
Saf Limited / The Fish Society,Normandy,Uk
Safa Foods,Dublin,Ireland
Safco Fine Foods Ltd,Clondalkin,Ireland
Saferoad Uk,Gainsborough,Uk
Safety Direct - Galway,Galway,Ireland
Saggiomo Luxury Food Ltd,Croydon,Uk
Sagi,Fondi,Italy
Saica Pack Dublin Ltd,Clondalkin,Ireland
Saica Pack,Ashbourne,Ireland
Sailsbury Poultry,Bilston,Uk
Saint-jean Sas,Romans Sur Isere,France
Sainsburry's Distribution Centre,Birmingham,Uk
Sainsbury Bristol,Bristol,Uk
Sainsbury Dc/ Dfds,Belfast,Uk
Sainsbury Distribution Centre,Stoke On Trent,Uk
Sainsbury Hoddesdon,Hoddesdon,Uk
Sainsbury Hurricane,Leeds,Uk
Sainsbury's - Northampton,Pineham,Uk
Sainsbury's Distribution Centre (sherburn),Leeds,Uk
Sainsbury's Distribution Centre,Birmingham,United Kingdom
Sainsbury's Distribution Centre,Bristol,Uk
Sainsbury's Distribution Centre,Leeds,Uk
Sainsbury's Distribution Depot Crick,Crick,Uk
Sainsbury's Waltham Point,Waltham Abbey,Uk
Sainsbury's,Dartford,Uk
Sainsbury's,Waltham,Uk
Sainsbury,Northampton,Uk
Sainsburys Crick,Northampton,Uk
Sainsburys Dc,Belfast,Uk
Sainsburys Distribution (east Kilbride),East Kilbride,Scotland
Sainsburys Distribution Centre,Bristol,Uk
Sainsburys Distribution Centre,Saint Helens,Uk
Sainsburys Distribution,Glasgow,Scotland
Sainsburys Distributions Centre,Northampton,Uk
Sainsburys Emerald Park,Bristol,Uk
Sainsburys Frozen Ndc,Kislingbury,Uk
Sainsburys Kempston,Kempston,Uk
Sainsburys Ndc,Tamworth,Uk
Sainsburys Su Basinstoke,Basinstoke,Uk
Sainsburys Tray Wash,Glasgow,Uk
Sainsburys-basingstoke,Basingstoke,Uk
Sainsburys,East Kilbride,Scotland
Sainsburys,Hoddeson,Uk
Sainsburys,Rugby,Uk
Sainsbury’s Distribution Centre,Bristol,Uk
Saint Gobain Performance Plastics,Kilrush,Ireland
Saint Gobain Weber,Flitwick,Uk
Sasgo,Glenrothes,Scotland
Saint Gobain Weber,Telford,Uk
Saint Gobain,Kingscourt,Ireland
Saint Jean,Romans-sur-isere,France
Sainte Fontaine Sarl,Pouan Les Vallee,France
Sakana,Milano Mi,Italy
Salade 2 Fruits Sas,"Boulogne Sur Mer,",France
Salgado Congelados,A Coruña,Spain
Salicoque Maree,Dieppe,France
Salisbury Poultry (telford),Telford,Uk
Salisbury Poultry,Bilston,Uk
Salmeron,Boulogne-sur-mer,France
Salmo Poultry B.v.,Nijkerk Gld,Netherlands
Sarl Le Cren Maree En Gros,Rungis,France
Salmon Springs Ltd,Moycullen,Ireland
Salt Water / Seafarers,Miami,Us
Salters Warehouse,Wisbech,Uk
Saltspray Mussels Ltd,Bantry,Ireland
Saltz B.v,Yerseke,Netherlands
Salumificio San Michele S.p.a,Langhirano,Italy
Salumificio San Michele S.p.a,Offanengo,Italy
Salvat Logistica Sa,Gipuzkoa,Spain
Salvat Logistica,Barecelona,Spain
Salvatex Recycling Group,Corby,Uk
Salvesen Logistica,Sant Cugat Del Valles,Spain
Salvi Unacoa,Ferrara,Italy
Sam Dennigan Market,Dublin,Ireland
Sam Dennigan,Old Town,Ireland
Samazeuilh Et Cie C/o:,Cavignac,France
Sampgroup,Vigo,Spain
Sample String 3,Sample String 7,Sample String 10
Samworth Bros,Penrith,England
Sanbey Gmbh,Berlin,Germany
Sanchez & Sanchez,Figueira Da Foz,Portugal
Sandor Seafoods,Boulogne-sur-mer,France
Sandyford Abattoir Co,Paisley,United Kingdom
Sandyford Ceramics,Dublin,Ireland
Sandyhall Oysters - George Doherty,Muff,Ireland
Sandyknowes Roundabout,Mallusk,Northern Ireland
Sanguinius Ltd Discount Store,Belfast,Ireland
Sanjurjo Blanco Sl,Olano,France
Sanofi Winthrop Industries,Tours,France
Sansburys Ndc Pineham,Northampton,Uk
Santa Catarina - Armazem De Alverca,Alverca Do Ribatejo,Portugal
Sanyamar S.l C/o Mercamadrid,Madrid,Spain
Sanz Hermanos Valencia Slu,Benisano,Spain
Sap Nurseries,Cahir,Ireland
Sapa Prodotti Plastici Sagl,San Vittore,Switzerland
Sarah Gate Nursery,Quadring,England
Sardanet,Boulogne Sur Mer,France
Sardini Bank Road (new),Larne,Northern Ireland
Sardini Ltd C/o Ott Dublin,Hollystown,Ireland
Sargopesca,Barcelona,Spain
Sarl Acomar,Boulogne Sur Mer,France
Sarl Alain Courdavault,Dolus D'oleron,France
Sarl Aubry,Le Château-d'oléron,France
Sarl Bertot Yanick,Hiers-brouage,France
Sarl Ceres Distribution,"Boulogne-sur-mer,",France
Sarl Ceres Distribution,Rungis,France
Sarl Chateau Montifaud,Jarnac Champagne,France
Sarl Denis Durantou,Pomerol,France
Sarl Desbois,Jospinet,France
Sarl Furic Solutions,Terre-plein Du Port De Peche,France
Sarl Huitres Cocollos,Bourcefranc-le-chapus,France
Sarl Huitres Prat Ar Coum,Lannilis,France
Sarl Huitres Schaller,Marennes,France
Sarl Jean Lebeaupin C/o Delanchy,Boulogne Sur Mer,France
Sarl Jean Lebeaupin,Reze,France
Sarl La Maree Pour Tous,Boulogne Sur Mer,France
Sarl La Perle Saline,Bricqueville,France
Sarl Le Creff,Sainte-hélène,France
Sarl Le Fumoir Gastronomique,Boulogne-sur-mer,France
Sarl Mare Nova,Boulogne Sur Mer,France
Sarl Monbrun,Blainville Sur Mer,France
Sarl Navarre,Gouville-sur-mer,France
Sarl Oceanide Maree,Bouin,France
Sarl Pourtier,Grandcamp-maisy,France
Sarl Reseau Mer,Boulogne Sur Mer,France
Sarl Sanchez,Loupian,France
Sarl Saumon Fumé D Irlande C/odelanchy Guidel,Lorient,France
Sarl Savimer C/o Morin Maree,Boulogne-sur-mer,France
Sarl Savimer T/a Morin Maree,Boulogne,France
Sarl Sixfruits,Le Thor,France
Sarl Tomine,Boulogne-sur-mer,France
Sarl Toute La Maree,Boulogne Sur Mer,France
Earl Verine,Charron,France
Sarl Verine Chez Durivaud Sarl,Charron,France
Sarni Arda Est,Fiorenzuola D'arda,Italy
Sarni Esino Est,Falconara Marittima,Italy
Sarni Torre Alemanna Sud,Ascoli Satriano,Italy
Sarni Trigno Ovest,Monterero Di Basaccia,Italy
Sarrion Transport,La Rochelle,France
Sas Les Delices De La Mer,Carhaix,France
Sas Ame Hasle (mesguen),Boulogne-sur-mer,France
Sas Aubry Client Madec Michel Courtage,Le ChÂteau D'oleron,France
Sas Barba Lucien (delanchy),Boulogne-sur-mer,France
Sas Bertrand Roger,La Chainade,France
Sas Capitaine Houat,France,France
Sas Capitaine Houat,Lanester,France
Sas Crealine,Lessay,France
Sas Crustillages Et Coctaces - Delivery Gouville S,Gouville Sur Mer,France
Sas Crustillages Et Coctaces - Livraison Plerguer,Plerguer,France
Sas Distri Malo,St Malo,France
Sas Donatien,Lorient,France
Sas Eskimo,Boulogne-sur-mer,France
Sas Francheteau,Beauvoir Sur Mer,France
Sas Hys,Boulogne Sur Mer,France
Sas Jaffray C/o Stef Bsm,Boulogne Sur Mer,France
Sas Liot,Annezin,France
Sas Maison Morisseau,Le Vivier Sur Mer,France
Sas Moussion Et Fils,Etaules,France
Sas Mw Europe,La Terriere,France
Sas Pecheries Celtiques,Boulogne Sur Mer,France
Sas Salin,Blanquefort,France
Sas Seguin,Saint-martin-de-varreville,France
Sas Vadet,Boulogne-sur-mer,France
Sas Vives Eaux (nantes),Boulogne Sur Mer,France
Sashtime Amazon Glasgow,Glasgow,Scotland
Sat Agorreta 721 Na,Fontellas,Spain
Gastromer Sa,Boulogne-sur-mer,France
Satmar Lestre,Lestre,France
Satmar,Landeda,France
Satmar,Plougres,France
Saumextra,Boulogne-sur-mer,France
Saumon Fume D'irlande (mesguen Bsm),Boulogne-sur-mer,France
Savage & Whitten Wholesale,Newry,Northern Ireland
Save S.p.a,Chiuppano Vi,Italy
Savencia,Westbury,Uk
Savona Foodservice,Ilfracombe,Uk
Sca Logistics Port Of Tilbury,Tilbury,Uk
Scachap (delanchy),Boulogne-sur-mer,France
Scachap,La Rochelle,France
Scachap,Ruffec,France
Scafla,Ancenis Saint Gereon,France
Scal - Soluciones Conjuntas Alimentación S.l.,Redondela (pontevedra),Spain
Scal Rennes,Servon-sur-vilaine,France
Scal- Soluciones Conjuntas Alimentación S.l.,Redondela (pontevedra),Spain
Scal,Sur Yvette,France
Scallan Martin,Ferrybank Quay,Ireland
Scallans Food Service,Wexford,Ireland
Scanfisk Seafood S.l.,Zaragoza,Spain
Scania - Washington,Washington,United Kingdom
Scania Darlington,Darlington,Uk
Scania Deeside,Alltami,Uk
Scania Dundee,Dundee,Scotland
Scania Eurocentral,Motherwell,Uk
Scania Grimsby,Grimsby,Uk
Scania Inverness,Inverness,Uk
Scania Inverness,Inverness,Scotland
Scania La Creche,La Rochelle,France
Scania Leeds,Leeds,Uk
Scania Preston,Preston,Uk
Scania Telford,Telford,Uk
Scania Arras,Saint-laurent-blangy,France
Scania,Warrington,Uk
Scania,Widnes,United Kingdom
Scapmaree,Blainville-sur-mer,France
Scapmaree (delanchy),Boulogne-sur-mer,France
Scapmaree,Boulogne Sur Mer France,France
Scapmaree Chez Thaeron  Norfrigo 9,Wimille,France
Scapmaree Chez Thaeron,Saint Guemole,France
Scapmaree,Boulogne Sur Mer,France
Scapp - Poissonnier Corail,Boulogne-sur-mer,France
Scapp,Boulogne-sur-mer,France
Scarlinpizza,Lecce,Italy
Scea Bellocq,Gujan Mestras,France
Scea De L'epine,Divatte-sur-loire,France
Scea Fines De Cancale,Saint-meloir-des-ondes,France
Scea Huitres Jmc,St Marie Du Mont,France
Scea La Cabane Du Paliquey,Gujan Mestras,France
Scea Massé Jaulin Et Fils,Le Château D’oléron.,France
Aloia International Srl,"Boulogne Sur Mer, 62200",France
Scea Prodimar,Loupian,France
Sceas Les Vergers Ostreicoles De Normandie,Saint-vaast-la-hougue,France
Sceo Ostrea,Saint-meloir-des-ondes,France
Schafer Sudex Sro,Ledec Nad Sazavou,Czech Republic
Schenker (ireland) Limited,Dublin 15,Ireland
Schenker (ireland) Ltd,Dublin,Ireland
Schenker Italiana S.p.a,Lucino,Italy
Schenker,Ballycoolin,Ireland
Schenker,Bradford,Uk
Schenker,Hayes,Uk
Schepers Nv,Alken,Belgium
Schlotter Ireland,Naas,Ireland
Schoeller Allibert Ltd,Cheshire,Uk
Schoepe Display Gmbh,Dahme,Germany
School Lunches Limited,Longford,Ireland
School Snax C/o Fresh Today,Wexford,Ireland
Schueco Uk Ltd,Milton Keynes,Uk
Schuh Ltd,Bathgate,Uk
Schuh,Livingston,Scotland
Schulte+sohn,Mönchengladbach,Germany
Schwamm & Cie Mbh,Saarbrücken,Germany
Schwamm C/o Bard Frische Kuche,Saar Brücken,Germany
Schwartauer Werke Gmbh & Co. Kgaa,Ratekau,Germany
Sciana Mara Teoranta,Achill,Ireland
Science In Sport Plc,Blackburn,Uk
Scoil Chaitriona,Galway,Ireland
Scope_wa_m50_1bx_913,Salford,Uk
Scora Sa,Caffiers,France
Scot Seafoods,Boulogne-sur-mer,France
Scot Seafoods,Paris,France
Scotbeef Ek,East Kilbride,Uk
Abp Queenslie,Glasgow,Uk
Scotbeef Wl,Wolverhampton,Uk
Scotbeef,Morecambe,Uk
Scotbeef,Stirling,Uk
Scotchfrost Ltd,Uddingston,Uk
Scott & Newman Limited,Shrewsbury,Uk
Scott Farms,Pershore,Uk
Scott Gibson,Muff,Ireland
Scottish Import Finefood Gmbh,Boulogne-sur-mer,France
Scottish Import Finefood Gmbh,Eltville Am Rhein,Germany
Scottish Import Finefood(stef),Boulogne-sur-mer,France
Scottish Imports,Breskens,Netherlands
Scottish Imports-bsm,Boulogne-sur-mer,France
Scottish Midland (semichem),Livingston,Scotland
Scottish Midland Coop,Livingston,Uk
Scotts Bakery Ltd,Antrim,Northern Ireland
Screfix Darndale,Dublin,Ireland
Screwfix Longford Tc,Longford,Ireland
Screfix- Ballymena Tc,Ballymena,Northern Ireland
Screwfix - Bangor,Bangor,Ireland
Screwfix - Portlaoise,Portlaoise,Ireland
Screwfix - Sandyford,Dublin,Ireland
Screwfix -dungannon,Dungannon,Northern Ireland
Screwfix Sligo,Sligo,Ireland
Screwfix Stafford,Stafford,Uk
Screwfix Swords,Swords,Ireland
Screwfix Uk - Uk Holyhead,Holyhead,Uk
Newtownabbey Tc (ni),Newtownabbey,Northern Ireland
Screwfix- Omagh Tc,Omagh,Northern Ireland
Screwfix,Belfast,Ireland
Screwfix,Coleraine,Ireland
Screwfix-enniskillen Tc,Enniskillen,Northern Ireland
Screwfix Stoke On Trent,Stoke On Trent,Uk
Scunthorpe Truck Stop,Scunthorpe,United Kingdom
Sczczecinek,Szczecinek,Uk
Sdc Trailers,Antrim,Northern Ireland
Sdpn,Le Portel,France
Sea Farms Ltd,Redditch,Uk
Sea Frais,Boulogne,France
Sea Frais Sarl C/o  Entrepot Sdpn,Le Portel,France
Sea Source Ltd,Kilkeel,Northern Ireland
Sea Stocks,Larkhall,Gb
Seafood 21,London,Uk
Seafood Ecosse Limited,Petershead,Scotland
Seafood Ecosse Limited (domestic),Peterhead,Scotland
Seafood Scotland,Yerseke,Netherlands
Seafood Scotland,08908 Hospitalet,Spain
Seablue C/o Efbs,Le Havre,France
Seablue,Aix -en Provence Cedex 3,France
Seablue,Vitrolles,France
Seabridge Frieght,Colnbrook,Uk
Seabridge Ireland,Dublin,Ireland
Seabridge,Nutts Corner,Northern Ireland
Seabrook Export Services Ltd,West Thurrock,Uk
Hilton Seafood Ltd,Grimsby,Uk
Seaco  A/s,Bolougne Sur Mer,France
Seaco  A/s,Boulogne-sur-mer,France
Seacreative,Le Portel,France
Seacrest Oysters Ltd,Moville,Ireland
Seafarm B.v.,Kamperland,Netherlands
Seafast Logistics Ltd,Fleixstowe,Uk
Seafood Cold Storage 2.1,Hospitalet,Spain
Seafood Ecosse (fraserburgh),Fraserburgh,Scotland
Seafood Ecosse - Casic,Boulogne-sur-mer,France
Seafood Ecosse C/o Vooruit Breskens,4511 Breskens,Netherlands
Seafood Ecosse Germany,Boulogne-sur-mer,France
Seafood Ecosse Ltd,Peterhead,Scotland
Seafood Ecosse - Bsm,Boulogne-sur-mer,France
Seafood Escosse,Wiesbaden,Germany
Seafood Link,Boulogne-sur-mer,France
Seafood Processors Ltd T/a Morgans,Co. Louth,Ireland
Seafood Sourcing,Fraserburgh,Scotland
Seafood Sourcing,Peterhead,Scotland
Seafood Supreme - Dublin Airport (wfs),Dublin Airport,Ireland
Seafood Supreme C/o Jenkinsons Logistics,Cloghran,Ireland
Seafood Technology Equipment Srl,Serravalle,Italy
Seafood Technology,Boulogne-sur-mer,France
Seafoodchoice B.v.,Urk,Holland
Scot Seafoods,Boulogne-sur-mer,France
Seafoods Beshoffs Ltd-howth,Howth,Ireland
Seaforth Hotel (stornoway) Ltd T/a The Caladh Inn,Stornoway,Gb - United Kingdom
Seaforth Hotel (stornoway) Ltd,Stornoway,Scotland
Sealane Borkum Bv,Eemshaven,Netherlands
Seamar S.a.,Anderlecht,Belgium
Seamark Plc,Droylsden,Uk
Sean Bun - Cromane Seafood Ltd,Killorglin,Ireland
Sean Connick Warehouse,New Ross,Ireland
Sean Dunne Meats,Laois,Ireland
Sean Glennon & Sons Ltd,Birr,Ireland
Sean Haran,Sligo,Ireland
Sean Kelly Meats,Newport,Ireland
Sean Loughnane Meats,Tuam Road,Ireland
Sean Loughnanes Warehouse,Claregalway,Ireland
Sean Loughnanes-coldmove,Oranmore,Ireland
Sean Mccarthy-shamrock,Kilmacalogue,Ireland
Sean Mcdaid - Greencastle,Greencastle,Ireland
Sean Ward Fish Coldstore,Killybegs,Ireland
Seaquest Systems,Killybegs,Ireland
Seatang Ltd - De Brun,Dingle,Ireland
Seatang Ltd,Ballycoolin,Ireland
Seatrace International Inc C/o Wfs,Dublin Airport,Ireland
"Seattle Shrimp And Seafood Company, Inc.",Usa,Us
Seaview Fisheries,North Shields,Gb
Seaweed Loading Point,Clifden,Ireland
Seawell Hirtshals A/s,Hanstholm,Denmark
Sebastian Faux,Le Chateau D'oleron,France
Sebastien Comte,Dolus D'oleron,France
Seca Des Vergers De La Moriniere,Crosmieres,France
Securispeed Ballycoolin,Dublin,Ireland
Securispeed,Dublin,Ireland
Sedna,62480 Le Portel,France
Sedumextra Bv,Alphen,Netherlands
Seed Technology Ltd.,Waterford,Ireland
Seedtech Processing & Distribution,Waterford,Ireland
Seerys Of Athlone,Athlone,Ireland
Seguin Sas,Chaillevette,France
Seillier Claude,Wimereux,France
Seillier Clotaire,Wimille,France
Seko Logistics Ireland,Dublin 9,Ireland
Select Fish S.a,Attica,Greece
Select Opale,Boulogne Sur Mer,France
Selfcair Uk,Wisbech,Uk
Selvic Shipping Services Ltd,Stallingborough,Uk
Sem (via Mesguen) - Boulogne-sur-mer,Boulogne-sur-mer,France
Sem Lorient Keroman,Lorient,France
Sepco Europe Ltd,Boldon Colliery,Uk
Sephra Europe Ltd,Kirkcaldy,Scotland
Septodont Sas,Croissy-beaubourg,France
Septodont,Maidstone,Uk
Serafi I Fills,Barcelona,Spain
Serafi,Boulogne-sur-mer,France
Serena Wines,Conegliano,Italy
Serfrial Brothers Sources S L,Las Torres De Cotillas,Spain
Sernal C,La Jonquera,Spain
Service 2000 C/o Magherita Srl,Treviso,Italy
Service Estacion De Servicio Repsol,Vallodolid,Spain
Servier (ireland) Industries Ltd,Arklow,Ireland
Servimar Sas,Ciboure,France
Serways Rastatte Kschinger Forst Ost,Hepberg,Germany
Serways Raststatte Denkenforf,Denkendorf,Germany
Serways Raststätte Resser Mark Nord,Gelsenkirchen,Germany
Sesap Srl,Piacenza,Italy
Severn & Wye Smokery Limited,Gloucestershire,United Kingdom
Seven Seas Veg,Baldonnell,Ireland
Seven Seas Voyager (regent),Belfast,Northern Ireland
Severn & Wye Smokery Ltd,Grimsby,Uk
Severn & Wye,Grimsby,England
Severn And Wye Smokery,Gloucester,Uk
Sevigne Maree,Loctudy,France
Sevington Inland Border Facility,Ashford,Uk
Sfdp Shotts,Shotts,Uk
Samuel Fish & Shrimp Co. New York,New York,Us
Sg Srl,Viguzzolo,Italy
Sgt Nantes Vallet,Zi Dorices,France
Shakespeare Electronics Ltd,Fleetwood,Uk
Shamrock Gift Company,Dublin,Ireland
Shanahan Meats,Palliskenry,Ireland
Shane Doherty C/o John Farren,Moville,Ireland
Shane Doherty  - Mcdaids Yard,Carndonagh,Ireland
Shane Mcginty - Dooriel Fisheries,Westport,Ireland
Shanghai Aozhiyuan Fooshanghai Aozhiyuan Food Co.l,Shanghai,China
Shannon Airport,Shannon,Ireland
Shannon Estuary Oysters,Westport,Ireland
Sharp Manufacturing,Guebwiller,France
Shaun Mc Kinney,Malin,Ireland
Shaun Mc Kinney-yard,Malin,Ireland
Shaun Mckinney C/o Ocean Gems,Moville,Ireland
Shaun Mckinney C/o Tiarnan Mcdaid,Carndonagh,Ireland
Shaun Mckinney,Donegal,Ireland
Shaw Commercials,Castlebar,Co. Mayo
Shaws ( Carlow),Carlow,Ireland
Shazan Foods Limited,Eye,Uk
Shed 66,Larne,Northern Ireland
Sheehan's Cash & Carry,Killeens,Ireland
Sheenan's Cash & Carry,Clonard,Ireland
Shell Area Of Saint - Julien Mot Denis,Saint Julien Mont Denis,France
Shell Bochum,Bochum,Germany
Shell Express,Saint Vith,Belgium
Shell Forfar,Forfar,Scotland
Shell Lng,Meer,Holland
Shell Nieuwegien,Nieuwegein,Netherlands
Shell Peterborough,Peterborough,Uk
Shell,Kettering,United Kingdom
Shellfish De La Mer C/o Pkc,Kinsale,Ireland
Shellfish De La Mer C/o Rwb,Skibbereen,Ireland
Shellfish De La Mer (bantry Harbour),Bantry,Ireland
Shellfish Ireland (kilmackilogue),Kilmackilogue,Ireland
Shellfish Ireland C/o Alex O'riordan,Ballincollig,Ireland
Shellfish Ireland C/o Ibs,Ballincollig,Ireland
Shellfish Ireland C/o Kush Ardgroom,Ardgroom,Ireland
Shellfish Ireland,Castletownbere,Ireland
Shenzhen Yianheng International Freight Forwarders,Shenzhen,China
"Shenzhen Yianda Supply Chain Co., Ltd",Shenzhen,China
Sheridans Cheesemonger,Carnaross,Ireland
Sheridans Cheesemongers,Kells,Ireland
Sherlock Warehouse,Navan,Ireland
Shield Foods (uk) Limited,South Ruislip,Gb
Shop Sieur D'arques,Limoux,France
Shorcontrol Safety,Naas,Ireland
Shorrock Trichem,Atherton,Uk
Shree Sai Trading Ltd,Dartford,Uk
Shreeji,London,Uk
Shs Sales & Marketing,Newtownabbey,Northern Ireland
Shs,Rathcoole,Ireland
Sica Gerfruit,Chenu,France
Sica Les Vieilles Touches,Les Vieilles Touches,France
Sica Serve Gatine,Verruyes,France
S.i.c. D.o.o.,Donado (ro),Italy
Sichuan International Air Cargo Development Co.ltd,121,China
Sichuan International Air Cargo Development Co.ltd,China,China
Sichuan International Air Cargo Development Co.ltd,Cn,China
Sichuan International Air Cargo Development Co.ltd,Xx,China
Sichuan International Air Cargo Development Co.ltd,,China
Sichuan International Air Cargo,"Chengdu, Sichuan",China
Sicily Food S.r.l. C/o,Tribiano,Italy
Sicily Food S.r.l.,Sicily,It
Sicsoe,Cenac,France
Sideover Shellfish (stephen Foley),Killorglin,Ireland
Siege Social Fleury Michon,Pouzauges,France
Signature Flatbreads,Dunstable,Uk
Silca Import Ag,Hamburg,Germany
Silent Aire,Dublin,Ireland
Silent-aire,Dublin,Ireland
Silex Ltd,Bordon,Uk
Sillis Green Veg Limited,"Glaslough,",Ireland
Silsa Confeccoes Sa,Braga,Portugal
Silver Scot / Latitude 66,Le Portel,France
Silverscot,Boulogne Sur Mer,France
Silverscot,Boulogne-sur-mer,France
Silverscot,Boulogne-sur-mer,France
Silvio Rabbitte & Sons Limited,Mabestown,Ireland
Simastock - Decathalon,Henin Beaumont,France
Sime Darby Oils,Liverpool,Uk
Simmell Mfg,Dublin,Ireland
Simon_ch_sk9_3rl_967,Wilmslow,Uk
Simply Natural Health,Dublin,Ireland
Simpson Group,Tyne And Wear,Uk
Sims,Dumfries,Uk
Sing Kee,Leeds,Uk
Singleton Trading Ltd,Liverpool,Uk
Sisk Site Compound,Galway,Ireland
Site Tech Building Products Ltd,Dublin,Ireland
Site Tech Building Products Ltd,Little Island,Ireland
Site Tech Building Products Ltd,Mullingar,Ireland
Site Tech Ltd,Rathcoole,Ireland
Sitra Dover,Dover,Uk
Frais Embal,Boulogne-sur-mer,France
John Driege,Boulogne-sur-mer,France
Sivep - O'toole Transport France,Boulogne Sur Mer,France
Sivep Ouistreham,Caen,France
Sivep,Boulogne Sur Mer,France
Sk Chilled Foods Limited,Middlesbrough,Uk
Sk Food & Drinks,Birmingham,Uk
True North Seafood Company,Orlando,Us
Sk Freight Services Ltd,Hounslow,Uk
Skalo S.r.l,Osimo An,Italy
Skelmersdale Truckstop,Skelmersdale,Uk
Skiach Services,Evanton,Uk
Skipper Shellfish,Cromone,Ireland
Skoda Parts Center,Mlada Boleslav,Czech Republic
Sky @ Dhl,Milton Keynes,Uk
Sky @ Gxo Servicetech,Northampton,Uk
Sky Dhl Supply Chain,Dublin,Ireland
Skyport Engineering,Westport,Ireland
Sl Fabrication,Moulton Seas End,Uk
Sliogeisc Gaothdobhair,Letterkeny,Ireland
Sligo Foodservice - Strandvaus,Sligo,Ireland
Sliogeisc Gaothdobhair,Letterkenny,Ireland
Sliogeisc Inisheane - Conal Hunter,Dungloe,Ireland
Sliogeisc Na Rosann C/o Ott Dublin,Hollystown,Ireland
Sloan Transport,Dromore,Northern Ireland
Scot Live Shelfish Ltd,Alness,Uk
Sly Bros,Spalding,Uk
Smart Buyer Wholesaler Ltd,Barking,Uk
Santa Monica,Los Angeles Airport,Us
Smd,Vayres,France
Smith & Brock,London,Uk
Smith Logistics Home,Kildare,Ireland
Smits Transport & Logistiek B.v.,Strijen,Netherlands
Smj Luxury Kitchens,Thursles,Ireland
Prodia,Boulogne-sur-mer,France
Smurfit Kappa (83268),Norwich,Uk
Smurfit Westrock Limerick,Ballycummin,Ireland
Smurfit Westrock Nottingham Sheeter,Millennium Way,Uk
Smurfit Westrock,Swadlincote,Uk
Smyths Toys Alto Warehouse,Stroke On Trent,Uk
Smyths Toys Arrow Warehouse,Corby,Uk
Smyths Toys C/o Carlow Wareh,Bagnelstown,Ireland
Smyths Toys C/o Logs 1,Houplines,France
Smyths Toys C/o Logs-houplines 2 (dhl),Houplines,France
Smyths Toys Corby Warehouse,Corby,Uk
Smyths Toys,Dundalk,Ireland
Sn Cofima,Boulogne Sur Mer,France
Sn Jeanne Mareyage,Boulogne-sur-mer,France
Sn Jeanne Mareyage,Port En Bessin,France
Snacks El Valle Sl,Villena,Spain
Snap Parking,Spalding,Uk
Snc Captaine Houat,Boulogne-sur-mer,France
Snv Site Des Fourmis,Rives-d'andaine,France
So Lo Discount Stores,Newtown Cunnigham,Ireland
So. Pe . Co Srl,Cervantes,Italy
Sobomar,France,France
Sobasco,Bouin,France
Sobomar (delanchy),Boulogne-sur-mer,France
Sobomar,France,France
Sobovi,Bordeaux,France
Socamaine 2,Champagne,France
Societa Cooperativa,Taranto,Italy
Societe Du Vanicol,Houville En Vexin,France
Societe Madec Courtage Et Negoce,Crach,France
Societe Madec Courtage Et Negoce,Saint Philibert,France
Societe Nouvelle Cofima,Boulogne-sur-mer,France
Socopa Sa,Brittany,France
Sofa So Good,Newton Aycliffe,Uk
Sofegross C/ O Eurofrigo Vernate,Vernate Mi,Italy
Sofi Shellfish,Westport,Ireland
Sofi Shellfish,Mulranny,Ireland
Sofibel,Revel,France
Sofilrog - Vitry,Vitry Sur Seine,France
Sofilrog Ouest-site De Pouzages,Pouzauges,France
Sofina Cookstown,Cookstown,Northern Ireland
Sofina Foods Europe,Castleblayney,Ireland
Sofina,Scunthorpe,Uk
Sofrilog Sa,Cholet,France
Sofrilog Saint-maixent,Saint-eanne,France
Sofrilog Transport Mondeville,Mondeville,France
Sofrilog Trappes,Trappes,France
Sofrilog,La Mothe Achard,France
Sofrilog,Le Lion D'angers,France
Sofrilog,Pouzagues,France
Sofrimar Ltd,Wexford,Ireland
Softview T/a Richardsons,Ballysimon Road,Ireland
Sogebras,Bouguenais,França
Sogegross Spa,Vernate,Italy
Sogegross Spa,Ge Genova,Italy
Sogelmar,Lorient,France
Sogelmer,Boulogne Sur Mer,France
Sogelmer (via Mesguen) - Boulogne-sur-mer,Boulogne-sur-mer,France
Sogelmer,Lorient,France
Sokolow Sa,Kolo,Poland
Isola Fish,Fiano Romano (rm),Italy
Soleil Food Services,Deeside,Uk
Solidus Uk Solutions Ltd,Corby,Uk
Solidus Videcart S.a.,Ibiricu De Egues,Spain
Solina Coatings Uk Limited,Biggleswade,Uk
Solo Italia Srl,Ossona,Italy
Soluciones Conjuntas Alimentación S.l.,Pontevedra,Spain
Solway Foods Worksop,Nottinghamshire,Uk
Somaco,Boulogne-sur-mer,France
Somatref,Vitrolles,France
Sonefa - Nicot Frigo Quai Du Moros,Concarneau,France
Sonefa,Concarneau,France
Sonefa,Concarneau,France
Sonoco,Nantes,France
Sorescol Services Sa,Charleroi,Belgium
Sorrento Sapori E Tradizioni,Salerno,Italy
Sotraf I,Saint- Leonard,France
Sotralim Dunkerque,Grande Synthe,France
South West Engineering And Fabrications Ltd,Castle Douglas,United Kingdowm
Soundstore Warehouse,Cork,Ireland
Source Fruit Oud-beijerland,Oud Beijerland,Holland
South Caernarfon Creameries Ltd,Pwllheli,Uk
South East Vegetables Producers Ltd,Curraghmore Upper,Ireland
South East Vegetables,New Ross,Ireland
South England Pastries,Wokingham,Uk
South Lincs Foodservice,Sutterton,Uk
Southeast Traders Ltd,Cumbernauld,Scotland
Southern Head Fishing,Eastbourne,Uk
Southern Tapes & Packaging Ltd C/o Pil Shannon,Shannon,Ireland
Southward Ltd,Bantry,Ireland
Sovena Spain S.a,Brenes,Spain
Sovex Grands Chateaux,Beychac & Caillau,France
Sovintex C/o Delanchy Guidel,Guidel,France
Sovintex C/o Delanchy,Boulogne-sur-mer,France
Sovintex C/o Mesguen Transport,Saint-pol-de-leon,France
Sovintex C/o Stef-bsm,Boulogne-sur-mer,France
Sovintex Sa,Grande-synthe,France
Sp - Food,Krefeld,Germany
Sp Berner Paterna,Paterna,Spain
Spa Seafoods C/o Good Fish,Carrigaline,Ireland
Spa Seafoods Ltd C/o Spillane Seafoods,Killarney,Ireland
Spaggiari Industria Gomma Srl,Luzzara,Italy
Spar Kenmare,Kenmare,Ireland
Spar Shop Letterkenny,Letterkenny,Ireland
Sparco C/o M3 Logistic,Settimo Torinese,Italy
Sparco,Volpiano,Italy
Sparks Labs,Dublin,Ireland
Spdn,Le Portel,France
Special Bannow Bay Shellfish,Carrig-on-bannow,Ireland
Special Bannowbay Shellfish Ltd,Carrig On Bannow,Ireland
Special Fish Group Bari,Noicattaro,Italy
Special Fruit - New Spitalfields Market,Leyton,Uk
Speciales Gillardeau,Bourcfranc Le Chapus,France
Spedition Riedle Gmbh & Co. Kg,Leutkirch Im Allgau,Germany
Speedpak Contract Services,Coolock,Ireland
Spey Fruit Cold Store,Elgin,Scotland
Sph Gerard Bertrand,Narbonne,France
Spice Direct,Clydebank,Uk
Spice O' Life Ltd,Dunmanway,Ireland
Spiers & Hartwell Ltd,Blackminster,Uk
Spillane Seafoods C/o Goog Fish,Ringaskiddy,Ireland
Spillane Seafoods Ltd.,Killarney,Ireland
Spinney Dubai Llc,Swords,Ireland
Spinney Dubai Llc C/o Wfs,Delivery To Wfs Emirates,Ireland
Spinneys Dubai L.l.c,Cloghran D17cd 96--- Dublin Ireland,Ireland
Spizarnia Sp Zoo Spotka,Lubin,Poland
Spk Sales & Marketing C/o Midon Ltd,Knowsley,Uk
Spreafico Francesco E Figli,Ferrara,Italy
Spreafico Sala Bolognese,Sala Bolognese,Italy
Spring Coatings,Eire,Ireland
Spring Distribution,Bathgate,Uk
Sprint Logistics Ltd,Brackmills,Uk
Sprint Logistics Ltd,Heathrow,Uk
Sprint Logistics,Middlesex,Uk
Spuanti Valdo S.r.l,Bassano Del Grappa,Italy
"Spóldzielnia Mleczarska ""mlekpol"" W Grajewie",Grajewo,Poland
Sr Mailing,Manchester,Uk
Sr Mailing,Manchester,Uk
Ssg Logistic Solutions Limited,Merstham,Uk
Sso Logistics,Haydock,Uk
Stena Line,Europoort,Netherlands
St Finbarr's Burial Ground,Cork,Ireland
St Helens Plant Ltd,St Helens,Uk
St James Smokehouse,Annan,Uk
Stenaline,Birkenhead,United Kingdom
St Marys School,Galway City,Ireland
Stanic,Croatia,Croatia
Staay Export 02,Papendrecht,Holland
Staay Hispa Bv,Papendrecht,Holland
Stadel Fischimport Ag,Pratteln,Switzerland
Stafford Bonded Warehousing,Waterford,Ireland
Stafford Lynch,Ballycoolin,Ireland
Staffords Bakery,Gorey,Ireland
Staines Layby,Staines,Uk
Stakehill Industrial Estate,Middleton,Uk
Stan Robinson Ltd,Stafford,Uk
Stanley Black & Decker,Northampton,Uk
Stanor,Moissac,France
Alfred Enderby,Grimsby,Gb
Staplehurst Transits Ltd,Tonbridge,Uk
Staples Vegetables,Boston,Uk
Staples Vegetables,Boston,Uk
Stapleton's Tyre Services,Woolston,Uk
Staptelsons Tyre Services Ltd,Guildford,Uk
Star Brands C/o White Logistics & Storage,Pinvin,Uk
Star Crest Seafoods Ltd-donegal,Donegal Town,Ireland
Star Seafoods,Kerry,Ireland
Starbucks - Shell,Leiderdorp,Netherlands
Stateline Containers,Ballymun,Ireland
Stateside Foods Ltd,Bolton,Uk
Station Avia L’isle D’abeau,L’isle D’abeau,France
Station Fruitiere Du Domaine De Confoux,Lamanon,France
Stax Trade,Glasgow,Scotland
Std - Gxo,Boigny Sur Bionne,France
Steeltech Sheds,Tuam,Ireland
Stef 50 Saint Lo,Saint Lo,France
Stef Alverca,Fraccao,Portugal
Stef Arras C/o Orlog,Saint-laurent-blangy,France
Stef Barcelona,Barcelona,Spain
Michael Beierer / Seafood Ecosse,Boulogne-sur-mer,France
Stef Carquefou,Carquefou,France
Stef Chateaubourg,Domagne,France
Stef Coldstore,Vannes,France
Stef Frozen Italia S.r.l.,Fidenza,France
Stef Frozen Italia,Campolungo Villa Sant Antonio,Italy
Stef Gare De Maree,Boulogne Sur Mer,France
Stef International Italia Spa,Milan,Italy
Stef Irun - Internacional,Gipuzkoa,Spain
Stef Italia S.p.a,San Giovanni Lupatoto,Italy
Stef Italia S.p.a. - Filiale Di Verona,Verona,Italy
Stef La Rochelle,La Rochelle,France
Stef La Rochelle,La Rochelle,France
Stef Lagdons Ltd,Whitfield,Uk
Stef Langdons,Somerset,Uk
Stef Langdons Ltd,Bridgewater,Uk
Stef Langdons Ltd,Redditch,Uk
Stef Langdons Ltd,Whitfield,Uk
Stef Langdons,Liverpool,United Kingtom
Stef Langdons,Luton,Uk
Stef Lodi,Lodi,Italy
Stef Logistics Metz Nord,Metz,France
Stef Logistics Portugal Lda,Arcozelo,Portugal
Stef Logistics,Moreac,France
Stef Logistics,Saint-sever,France
Stef Logistics,St Laurent-blangy,France
Stef Logistique Allonnes,Rue Du Chatelet,France
Stef Logistique Internationale,Cavrin,France
Stef Logistique Les Essarts,Les Essarts,France
Stef Logistique Metz Nord,Metz,France
Stef Logistique Niort,La Creche,France
Stef Logistique Nord,Tilloy-les-mofflaines,France
Stef Logistique Pessac,Pessac,France
Stef Logistique,Donzenac,France
Stef Logistique Thaeron,Lorient,France
Stef Logistique,Rennes,France
Stef Logistique,Saint-brieuc,France
Stef Olot,Girona,Spain
Stef Overseas Calais,Calais,France
Stef Seafood Bourcefranc,Bourcefranc-le-chapus,France
Stef Seafood Frontignan,Frontignan,France
Stef Seafood La Tremblade,La Tremblade,France
Stef Seafood Lorient,Branderion,France
Stef Seafood Nantes,Sautron,France
Stef To La Criee,La Rochelle,France
Stef Transport,Boulogne-sur-mer,France
Stef Transport Bordeaux,Begles,France
Stef Transport Chateaubourg,Domagne,France
Stef Transport Et Logistique Lesquin,Fretin,France
Stef Transport Le Mans Sas,Le Mans,France
Stef Transport Lille,Carvin,France
Stef Transport Narbonne,Nevian,France
Stef Transport Plan D'orgon,Plan-d'orgon,France
Stef Transport Saint Brieuc,Z.i. Du Moulin A Vent,France
Stef Transport Tours,Parcay Meslay,France
Stef Transport,Limoges,France
Etc -stef Rungis,"Rungis,",France
Stef Transport,Saint-lo,France
Stef  Metz,Moulins Les Metz,France
Stef Trp,Vire,France
Stefano Toseli,Mezidon-canon,France
Stef Transport Boulogne,Boulogne-sur-mer,Fr
Scottish Import Finefood Gmbh,Boulogne,France
Landshandilin P/f,Boulogne-sur-mer,France
Oceanord,Boulogne-sur-mer,France
Pescados Nortemar S.l. (john Driege),Boulogne-sur-mer,France
Steinhaus,Remscheid,Germany
Stella Bernain,Kreuzlingen,Switzerland
Stella Ice Cream,Liverpool,Uk
Stena Line,Belfast City,Northern Ireland
Stena Line,Cairnryan,Uk
Stena Line,Cherbourg,France
Stena Line Dub,Dublin,Ireland
Stena Line,Esbjerg,Denmark
Stena Line,Rotterdam,Netherlands
Stena Line,Frederikshavn,Denmark
Stena Line,Goteborg,Sweden
Stena Line,Harwich,Uk
Stena Line,Heysham,Uk
Stena Line,Hoek Van Holland,Netherlands
Stena Line,Holyhead,Uk
Stena Line,Immingham,Uk
Stena Line,Kiel,Germany
Stena Line,Killinghome,Uk
Stena Line,Fishgaurd,Uk
Stena Line Birkenhead,Birkenhead,Uk
Stena Line Dublin > Birkenhead Ferry,Dublin,Ireland
Stena Line,Birkenhead,Uk
Stena Line,Rosslare Harbour,Ireland
Stena Line,Rostock,Germany
Stena Line,Trelleborg,Sweden
Stephane Braud,Bouin,France
Stephen Casey,Skibbereen,Ireland
Stephen Faughnan,Carrick-on-shannon,Ireland
Stephen O'hare (fomhar Na Mara Ltd),Kilkeel,Northern Ireland
Stephen Sanderson Transport,Corby,Uk
Stephens Catering Equipment,Ballymena,Northern Ireland
Sterigenics Uk,Alferton,Uk
Steris Bradford,Bradford,Uk
Steven Browne-mcdaids Yard,Carndonagh,Ireland
Stewarts Of Tayside,Perth,Scotland
Stg Nantes Vallet,Vallet,France
Stg Rouen,Maromme,France
Stibbington Truck Stop(snap),Stibbington,Uk
Stillorglin Trading Post Ltd T/a Swift Fine Foods,Loughmourne,Ireland
Stirchley Burger,Halesowen,United Kingdom
Stirling Services,Stirling,Uk
Stl Logistics Garage,Limerick,Ireland
Stl Logistics,Annacotty,Ireland
Bulmers Ireland C/o Stl Logistics,Borrisoleigh,Ireland
Stl Logistics,Borrisoleigh,Ireland
Stn8,Buckinghamshire,Uk
Stn9 Houghton Regis,Dunstable,Uk
Sto (sas),La Copechagniere,France
Sto Se & Co. Kgaa,Stuhlingen,Germany
Sto Vc Donaueschingen,Donaueschingen,Germany
Stockage Chalonnais,Chalonnes-sur-loire,France
Stockhabo Ice,Mouscron,Belgium
Stockhabo,Mouscron,Belgium
Metzgerei StÖckle Ohg,Rain Am Lech,Germany
Stockmer C/o Delanchy,Boulogne-sur-mer,France
Stoelzle Union S.r.o,Areal Orco,Czech Republic
Stollwerck Gmbh,Berlin,Germany
Stollwerck Gmbh,Norderstedt,Germany
Stollwerck Gmbh,Saalfeld/saale,Germany
Stop 24 Truck Stop,Hythe,Uk
Store All Logistics,Waterford,Ireland
Storebest Shopfitting Co. Ltd,Tallaght,Ireland
Stores Supply,London,Uk
Stornoway Ferry Terminal,Stornoway,Uk
Strabane Meeting Point,Strabane,Northern Ireland
Strachans Peterhead,Peterhead,Scotland
Strachans,Great Yarmouth,Uk
Strat Innov,Nieulle Sur Seudre,France
Strata Products,Nottingham,Uk
Strathcathro Services,Brechin,Uk
Strawson Ltd,Notts,Uk
Streamline Shipping Group (depot),Kirkwall,Scotland
Streamline,Coatbridge,Scotland
Streck Transport,Weil Am Rhein,Germany
Stretton Fulls (m & B),Stretton,Uk
Strokestown Roscommon,Strokestown,Ireland
Stuart Nicol Transport,Shotts,Uk
Su Antares (stef),Boulogne-sur-mer,France
Su Nant (stef),Boulogne-sur-mer,France
Su Vend,Boulogne-sur-mer,France
Sub Contract Bottling Packing,Clondalkin,Ireland
Sudguss Gmbh,Ortrand,Germany
Suditrans,Sangonera La Seca (murcia),Spain
Suempol France,Boulogne Sur Mer,France
Suempol Sp Zoo,Bieslk Podlaski,Poland
Suempol Sp.z.o.o,"Le Portel,",France
Suempol To Marcel Baey,Bolougne Sur Mer,France
Suffolk Fresh Limited,Ipswich,Uk
Suffolk Mushrooms,Bury Saint Edmunds,Uk
Suffolk Mushrooms,Bury Saint Edmunds,Uk
Sultan Center (olive Country) Swissport,Dublin Airport,Ireland
Sumitomo Bakelite Europe Barcelona,Montornes Del Valles,Spain
Sumitomo Warehouse,Grobbendonk,Belgium
Sumitomo Warehouse,Herentals,Belgium
Sun Branding Solutions,Bradford,Uk
Sun Chemical,Radstock,Uk
Sun Garden,Malanow,Poland
Sundollitt (foamextra),Glasgow,Scotland
Sundown Products Ltd.,Tilbrook,Uk
Sundrell,Ashbourne,Ireland
Sundry 01 - James  Ryan -mayo,Castlebar,Ireland
Sunfresh,London,Uk
Sunnyside Fruit Limited,Rathcormac,Ireland
Sunseeker Holiday Homes,Hull,Uk
Sunshine Juice Ltd,Carlow,Ireland
Superfast Ferries,Igoumenitsa,Greece
Supervalu Boyle,Boyle,Ireland
Super Valu Barna,Barna,Ireland
Super Valu Cardonagh,Carndonagh,Ireland
Super Valu Clane,Clane,Ireland
Super Valu Grange,Grange,Ireland
Superb Seafood,Wimille,France
Supercongelado Y Marisco 123 S.l,"Madrid,",Spain
Superdrug,Dunstable,Uk
Superflora,Newport,Uk
Supergel 28,Nogent Sur Eure,France
Supergel 91,Ballancourt,France
Supergel 91,Ballancourt,France
Superior Express,Dublin,Ireland
Supermac's & Papa John's,Tuam,Ireland
Supermac's & Papa John's,Ballindine,Ireland
Supermac's - Ballinalack,Ballinalack,Ireland
Supermac's Head Office,Galway,Ireland
Supermac's Kill North,Supermac's Kill North,Supermac's Kill North
Supermarche Match,Boulogne Sur Mer,France
Supermax Healthcare Europe Limited,Cork,Ireland
Supermax Healthcare Ltd,Peterborough,Uk
Supersavers,Donegal,Ireland
Super Seafood Inc,Ny,Us
Supervalu & Centra,Tramore,Ireland
Supervalu Ballybofey,Balybofey,Ireland
Supervalu Bundoran,Bundoran,Ireland
Supervalu Carndonagh,Carndonagh,Ireland
Supervalu Carrick-on-shannon,Carrick-on-shannon,Ireland
Supervalu Claremorris,Claremorris,Ireland
Supervalu Clones,Clones,Ireland
Supervalu Donegal Town,Donegal Town,Ireland
Supervalu Kiltimagh,Kiltimagh,Ireland
Supervalu-athlone,Athlone,Ireland
Supervalu,Carrick On Suir,Ireland
Supervalu,Moycullen,Ireland
Surehaul Urlingford,Urlingford,Ireland
Surgelsud Spa,Cesena,Italy
Surgelsud Spa,Monopoli,Italy
Surgelsud,Boulogne-sur-mer,France
Surgital,Ravenna,Italy
Survitec Service & Distribution Ltd (gy),Stallingborough,Uk
Sustainable Seafood Ireland Ltd,Clonshaugh,Ireland
Sustainable Seafood Ireland C/o Ott Dublin,Hollystown,Ireland
Sustainable Seafood C/o Eastcoast Millenium,Dublin,Ireland
Sustainable Seafoods Baldoyle,Baldoyle,Ireland
Sutaka Uk Ltd,Hayes,Uk
Sutterton Truckstop,Spalding,Uk
Suzanne Kitchen,Abergele,Uk
Moxon's Fresh Fish Ltd.,London,Gb
Swales J & Sons,Huntingdon,Uk
Swa_cookspro,Newport,Uk
Swa_mhstaruk,Suffolk,Uk
Swift Group,Cottingham,United Kingdom
Swinton Commercials,Warrington,Uk
Swiss Port International Ltd,Swords,Ireland
Swiss Umzuge,Basel,Switzerland
Swissport,Aberdeen,Scotland
Swissport Cargo Services,Shannon,Ireland
Swissport Hpc,"Sandringham Road, Heathrow Airport",England
Swlt,Rungis,France
Swords Labs Bristol Meyers Squibb,Mulhuddart,Ireland
Sykes Seafood Ltd,Great Sankey,Uk
Sykes Seaood,Navan,Ireland
Symington Family Estates,Guifoes,Portugal
Synergix Logistics Solutions Ltd,Earley,Uk
Syntec,Dublin,Ireland
Sysco Belfast,Nutts Corner,Northern Ireland
Sysco Dublin,Dublin,Ireland
Sysco Foods,Newcastle West,Ireland
Sysco France,Dieppe,France
Sysco France,Wimille,France
Sysco Oranmore,Oranmore,Ireland
Sysmex Logistics,Wymbush,Uk
Systemair Gmbh,Windischbuch,Germany
Systemair Ltd,Birmingham,Uk
Syston,Burton On The Wolds,Uk
T & A Piccaver,Long Sutton,Uk
T Blunnie C/o Ott Moycullen,Moycullen,Ireland
T Blunnie,Poulnasherry,Ireland
T F Bowman & Son,Spalding,Uk
T H Clements,Boston,Uk
T M L Housewares,Birmingham,United Kingdom
T N Salmon Ltd Partnership,Boston,Us
T N Salmon Ltd Partnership,Quebec,Canada
T Quality Ltd,Avonmouth,Uk
"T""achterhuis",Udenhout,Holland
T&b Containers Ltd,Lincolnshire,Uk
T&r Dublin,Dublin,Uk
T&t Precision Ltd,Curraheen,Ireland
T.h Nicholson,Kilkeel,Northern Ireland
T198,Boulogne-sur-mer,France
T206 Delanchy,Boulogne-sur-mer,France
T275,Boulogne-sur-mer,France
T361  (delanchy),Boulogne-sur-mer,France
T412,Boulogne-sur-mer,France
T544  (delanchy),Boulogne-sur-mer,France
T722,Boulogne-sur-mer,France
T740,Boulogne-sur-mer,France
T761,Boulogne-sur-mer,France
T930,Boulogne-sur-mer,France
Taconic International,Mullingar,Ireland
Tadhg De Burca,Dungarvan,Ireland
Tadhg O Maoileoin Teoranta,Dungarvan,Ireland
Tait Transport Solutions Limited,Bellshill,Scotland
Taiyo Seafood Boston,Boston,Us
Taiyo Seafood Maryland,Columbia,Us
Taikos,Kaunas,Lithuania
Tait Transport,Bellshill,Scotland
Take 1 Scenic Services Ltd,Manchester,Uk
Tallon International Ltd,Coventry,Uk
True World Tampa,Tampa,Us
Tank & Rast,Zierrnberg,Germany
Tansey Transport Limited,Naas,Ireland
Taras Mare Srl,Taranto,Italy
Tardrum Fisheries,Greencastle,Ireland
Target Transport Services,Dublin,Ireland
Tarkett,Maidstone,Uk
Tartine Organic Bakery,Dublin,Ireland
Tas Contract Logistics Gmbh,Aschersleben,Germany
Taste Of Portugal,Salford,Uk
Tasty Foods Cuisine,Pembroke Loop Road,Northern Ireland
Tata Chemicals,Lostock,Uk
Tazaki Foods C/o Salisbury House,Enfield,Uk
Tazaki Foods Itd.,Clonmahon,Ireland
Tb Chambers,Haddneham,Uk
On Route To Depo,On Route To Depo,Uk
On Route To Port,On Route To Port,Uk
On Route To Collection,Tbc,United Kingdom
On Route To Delivery Uk,On Route To Delivery,Uk
"Seattle Shrimp And Seafood Company, Inc.",,Us
Tbs,Colchester,Uk
Tc Group / C/o,Oldbury,Uk
Tc Trailers,Dublin,Ireland
Tcfg Coldstore,Naas,Ireland
Tcl Coldstores,Roscrea,Ireland
Tdl Group - Fresh Logistics - Cooltrans Logistics,Willebroek,Belgium
Tdn Logistics,C/majuelo,Spain
Te Connectivity C/o Dhl Bristol,Bristol,Uk
Te Connectivity,Swindon,Uk
Te Connectivity,Trutnov,Czech Republic
Teahan Owen & P Teahan,Castlemaine,Ireland
Teahan Partners - Michael Teahan,Cromone,Ireland
Tebay Services,Penrith,Scotland
Tech Data Limited,Lutterworth,Uk
Technopath Clinical Diagnostics,Tipperary,Ireland
Tecnospedas S.r.l.,Venezia,Italy
Tecron,Galway,Ireland
Tecspedi Srl,Turate,Italy
Ted Kelly  (atlantic Clams),Ballinfull,Ireland
Tedesco,Perugia,Italy
Teknos Limited,Launton,Uk
Telford Copper & Stainless Cylinders Ltd,Telford,Uk
Tembe Diy Products,Auckley,Uk
Tempe 2,Elche,Spain
Tempka Foods,Aghaloughan South,Ireland
Templenoe Oysters Ltd,Kenmare,Ireland
Templenoe Oysters Shed,Kenmare,Ireland
Templetuohy Foods Limited,Cashel,Dublin
Tempside Ltd,Clondalkin,Ireland
Tennant & Ruttle Distribution,Dublin,Ireland
Tennant & Ruttle,Dublin,Ireland
Terbeke-pluma,Wommelgem,Belgium
Terberg Mpm,Hillsborough,United Kingdom
Terminal 10 (dafm),Dublin Port,Ireland
Terminal 10 (dafm),Dublin Port,Ireland
Terminal 11 (customs),Dublin Port,Ireland
Terminal 3 - Export Control,Dublin Port,Ireland
Terminal 7 (seal Check),Dublin Port,Ireland
Terminal 9 - Dafm,Dublin Port,Ireland
Terminal Bjg Team,S.stefano Ticino,Italy
Terminal Odpraw Celnych Swiecko,Swiecko,Poland
Terres De St Malo,La Gouesniere,France
Terryloire,Noyant-villages,France
Tesco - Goole,Goole,Uk
Tesco - Magor,Magor,Uk
Tesco - Purfleet,Purfleet,Uk
Tesco Airdrie,Airdrie,Scotland
Tesco Avonmouth Distribution Centre,Severn Beach,Uk
Tesco Bathgate,Bathgate,Scotland
Tesco Bond,Rugby,Uk
Tesco Carluke,Carluke,Scotland
Tesco Dagenham,Dagenham,Uk
Tesco Davidson M,Edinburgh,Scotland
Tesco Dc920 Grocery,Northampton,Uk
Tesco Didcot Distribution Centre,Didcot,Uk
Tesco Distribution Centre - Southampton,Nursling,Uk
Tesco Distribution Centre,Aylesford,Uk
Tesco Distribution Centre,Didcot,Uk
Tesco Distribution Centre,Hinckley,Uk
Tesco Distribution Depot Widnes,Widnes,Uk
Tesco Distribution Ltd (west Lothian),West Lothian,Scotland
Tesco Distribution Ltd,Antrim,Northern Ireland
Tesco Distribution Ltd,Livingston,Scotland
Tesco Distribution Stores Ltd,Belfast,Northern Ireland
Tesco Doncaster Distribution Centre,Doncaster,Uk
Tesco Extra,Greenock,Scotland
Tesco Head Office,Dun Laoghaire,Ireland
Tesco Lichfield,Lichfield,Uk
Tesco Lockerbie,Lockerbie,Scotland
Tesco Peterborough,Peterborough,Uk
Tesco Rdc (ballymun),Santry,Ireland
Tesco Rdc,Donabate,Ireland
Tesco Rdc,Milton Keynes,Uk
Tesco Rdc,Reading,Uk
Tesco Rdc,Thurrock,Uk
Tesco Rugby,Warwickshire,Uk
Tesco Warehouse Hinkley,Hinckley,Uk
Tesco Wishaw,Wishaw,Scotland
Tesco,Rugby,Uk
Tesco,Snodland,Uk
Tesco,Widnes,Uk
Tesco_re_rg2_6da_577,Reading,Uk
Tessier,Le Tour Du Parc,France
Tetrosyl,Rochdale,Uk
Texaco Leeds Skelton Lake,Leeds,Uk
Texaco,Bunclody,Wexford
Tf Bowman & Sons,Spalding,Uk
Tfc Holland B.v.,Maasdijk,Netherlands
Tfc Holland Bv,Waddinxveen,Holland
Tfm Martone Logistica,Fondi,Italy
Sichuan International Air Cargo Development Co.ltd,,China
Tg Viandes,Rennes,France
Tglobal Food S.r.l.,Nicotera,Italy
Th Nicholson,Kilkeel,Uk
Thaeron Freres,Lorient,France
Thalassa Distribution,Blainville-sur-mer,France
Thammachart Seafood,Thais,France
Thammachart Seafood Retail Co Ltd,Thiais,France
Thanet Earth,Birchington,Uk
The 'fechan Truckstop & 24hr Truck Wash,Lockerbie,Uk
The Abergavenny Fine Food Co,Blaenavon,Uk
The Abergavenny Fine Food Co.,Blaenavon,Uk
The Airport Cafe,Ashford,Uk
The Alliance Chippers Ltd,Spalding,Uk
The Brewery Bussiness Park,Dundalk,Ireland
The Bright Screw Co Ltd,Leeds,Uk
The British Embassy Paris C/o  Norfrigo 9,Wimille,France
The Burger Manufacturing Company,Llanelwedd Powys,Uk
The Cantillon Group,Cork,Ireland
The Chill Hub,Stanford Le Hope,Uk
The Chill Hub,Stanford Le Hope,Uk
The Culinary Food Group,Naas,Ireland
The Culinary Food Group,Naas,Ireland
The Deep Seafood Co Llc,Dubai,Dubai
The Deep Seafood Co Llc,Usa,Ae
The Deep Seafood Co. Llc,Heathrow Airport,Uk
The Fresh Produce Centre,Tonbridge,France
The Furniture Centre,Cork,Ireland
The Greenfield Food Company,Accrington,Uk
The Health Grain,Newry,Northern Ireland
The Health Grain C/o Rich Baking,Lisburn,Northern Ireland
The Hub,Walsall,Uk
The Hut Group - Manchester 2,Altrincham,Uk
The Hut Group - Omega,Warrington,Uk
The Hut Truckstop,Tewkesbury,Uk
The Ice Co Storage & Logistics,Fleetwood,Uk
The Ice Co,South Kirkby,Uk
The Ice Company,Preston,Uk
The Irish Times Print Facility,Dublin,Ireland
The Keelings Market Company,Dublin,Ireland
The Kerry Way,Killarney,Ireland
The Lakes Free Range Rgg Co.,Penrith,Uk
The Lunch Bag,Nenagh,Ireland
The Menu Partner Ltd,Bicester,Uk
The Menu Partner Ltd,Bicester,Uk
The Menu Partners,London,Uk
The Milkshake Factory Foods Ltd,Holycross,Ireland
The Millennium Fishmarket C/o East Coast Inshore F,Ballycoolin,Ireland
The Moldovan Retail Store,Dublin,Ireland
The Old Wagon Works,Coalville,Uk
The Original Produce Co,Middlesbrough,Uk
The Oyster Farm Bv,Yerseke,Netherlands
The Produce Connection Ltd,Stretham,Uk
The Range Bandridge,Bandbridge,Northern Ireland
The Reefer Trailer Centre,Stoke-on-trent,Uk
The Sfs Manufacturing Group Ltd,Luton,Uk
The Silver Crane Company Ltd,Bournemouth,Uk
The Silver Crane Company Ltd,Poole,Uk
The Smokin' Butcher,Navan,Ireland
The Stockyard Truckstop,Rotherham,Uk
The Viaduct,Cork,Ireland
The Village Bakery Wrexham,Wrexham,Uk
The Wine Merchant Logistique,Peujard,France
The Wine Society,Stevenage,France
Thepenier Pharma & Cosmetics,Saint-hilaire-le-chatel,France
Thermo Fisher Scientific,Newcastle Upon Tyne,Uk
Thermo Fisher Scientific,"Warwickshire,",Uk
Thermo-transit Denmark A / S,Padborg,Denmark
Thermofisher C/o Gxo Amber Park,Derbyshire,Uk
Thermofisher C/o Xpo Logistics,South Normanton,Uk
Thermofisher Cramlinton,Newcastle Upon Tyne,Uk
Thermofisher Newcastle,Newcastle,Uk
Thermoking,Barcelona,Spain
Thermotraffic Holland Bv,Rotterdam-albrandswaard,Netherlands
Thermotraffic Hythe,Hythe,Uk
Thermotraffic Northern Way,Bury St Edmunds,England
Thermotraffic Ltd,Wrexham,Uk
Thierry Beuron (delanchy),Boulogne-sur-mer,France
Thierry Column,La Baulle,France
Thistle Seafoods,Uddingston,Scotland
Thistle Seafoods,Peterhead,Scotland
Thomas Baty Ltd,Gateshead,Uk
Thomas Fawcett & Sons Ltd,West Yorkshire,Uk
Thomas Gaden Hay & Straw Merchant,Gloucestershire,Uk
Thomas Galvin,Kilrush,Ireland
Thomas Hardie Commercials Ltd,Deeside,United Kingdom
Thomas Hardy,Derby,Uk
Thomas Henry,Achill,Ireland
Thomas Hine C/o Louis Royer,Jarnac,France
Thomas Ridley Foodservice,Bury Saint Edmunds,Uk
Thomas Ridley Foodservice,Rougham,Uk
Thomas Tunnock Ltd,Glasgow,Scotland
Thomas Tunnock Ltd,Glasgow,Uk
Gilberts (blackpool) Ltd,Blackpool,Uk
Thompsons (of Penrith) Ltd,Penrith,United Kingdom
Three Pears,Willenhall,Uk
Thumbs Up Bury Ltd,Bury,Uk
Thurles Bacon,Thurles,Ireland
Tiarnan Mc Daid (northern Bay)-carndonagh,Carndonagh,Ireland
Tibberton Manor,Shropshire,Uk
Tican Chilled Ltd,Walsall,United Kingdom
Tiemme Raccorderie S.p.a.,Castegnato,Italy
Tierney International Logistics Ltd,Dunkerrin,Ireland
Tillers Turf Ltd,Newark,Uk
Tim Green,Glengariff,Ireland
Tim Griffin C/o Ardgroom,Cork,Ireland
Timerfruit Bv,Rotterdam,Netherlands
Timett Ltd,Newry,Northern Ireland
Timmerman,Vion,France
Tims Jones And Sons Butchers,Kerry,Ireland
Tip Dublin,Dublin,Ireland
Tip Glasgow,Airdrie,Uk
"Tipafrost, A.s",Kozichovice,Czech Republic
Tipp Distribution,Cahir,Ireland
Tipperary Co-operative Creamery,Garryskillane,Ireland
Tipperary Town Plaza,Tipperary,Ireland
Tir Parking Paris,Reau,France
Tir Parking,Réau,France
Tirlan (glanbia) -trans Stock,Waterford City,Ireland
Tirlan (glanbia),Portlaoise,Ireland
Tirmar Gourmet C/o Stef Bsm,Boulogne Sur Mer,France
Tirsped,Lucino,Italy
Tisa Cornella,Cornella Del Terri,Spain
Tisa Trans,Palol De Revardit,Spain
Tj Fast Food Ltd,Leicester,Uk
Tj Hood Transport Ltd,Crumlin,Ireland
Tj Morris Regional Distribution Centre,Great Sankey,Uk
Tj Morris,Amesbury,Uk
Tj Morris,Liverpool,Uk
Tjr Scaffolding,Exeter,Uk
Tjx Europe,Knottingley,Uk
Tjx Stoke Dc,New Castle Under Lyme,Uk
Tk Maxx,Bloxwich,Uk
Tls (mussles),Ferrybank,Ireland
Tls Group Merchants Limited,Cromane,Ireland
Tls Yard Cromane,Cromane,Ireland
Tma Tubular Manipulation,Audenshaw,Uk
Tml Housewares,Ladywood,Uk
Todd & Duncan Ltd,Kinross,Scotland
Topway Enterprise Dba Kazy’s Gourmet,Houston,Us
Tofthill Farm,Perth,Uk
Tougher's Restaurant,Newhall,Ireland
Toga Freight Services Ltd,Killeen Road,Ireland
Toga Freight,Coleshill,Uk
Togher's Services,Kildare,Ireland
Togie Distribution,St Malo,France
Togie Italia C/o Stef Bsm,Boulogne-sur-mer,France
Toilettes,Chermignac,France
"Toldekspedition, Esbjerg",Esbjerg,Denmark
Toldekspedition,Esbjerg,Denmark
Tolsa Uk Ltd,Scunthorpe,Uk
Total Produce Belfast Ltd T/a Tom Conaty Belfast,Belfast,Northern Ireland
Tom Duffy - Jimmys Drive Through,Ballina,Ireland
Tom Durcan (o'crualaoi Butchers),Ballincollig,Ireland
Tom Hayes,Killorglin,Ireland
Tom Hixson,London,Uk
Tom Lynch Pork & Bacon,Ardee,Ireland
Tom Muldoon C/o Ger Mcnulty,Mulranny,Ireland
Tom Muldoon,Castlebar,Ireland
Tom Sweeney,Cahir,Ireland
Tom Walker & Sons Ltd,Stockton-on-tees,Uk
Tom Whelan Meats Products Ltd,Clondalkin,Ireland
Tomeosea,Caserta,Italy
Tomeosea,Minturno,Italy
Tommy Joyce Superstore,Ballymoe,Ireland
Tomosea,Caserta,Italy
Tomra Sorting Ltd,Dublin,Ireland
Toneleria Del Sur Rafael,Montilla,Spain
Tony Butler Meats Ltd,Wexford,Ireland
Tony Mc Grath Fish Ltd,Belmullet,Ireland
Tony Mcgrath C/o Milligan C & O,Ardglass,Northern Ireland
Tony Mcgrath C/o Rossaveel,Rossaveel,Ireland
Tony Teahan,Killorglin,Ireland
Tool Bank,Dublin,Ireland
Toolbank Ireland (tucks),Citywest,Ireland
Sicily Food S.r.l.,Milano,It
Toolfix,Dundalk,Ireland
Top 56,Boulogne-sur-mer,France
Top 76 (delanchy),Boulogne-sur-mer,France
Top 91 Paris,Boulogne Sue Mer,France
Top Atlantique (delanchy),Boulogne-sur-mer,France
Top Atlantique (prod),Boulogne Sur Mer,France
Top Atlantique C/o Dfds Larkall,Larkhall,Scotland
Top Atlantique Lorient,Lorient,France
Top Atlantique,Boulogne-sur-mer,France
Top Form Uk,Ilkley,Uk
Top Fruit,Cassano Allo Ionio,Italy
Top Oil Claremorris,Claremorris,Ireland
Top Oil Cobh Cross Service Station,Cobh Cross,Ireland
Top Oil Hilltop Service Station,Culleens,Ireland
Top Oil Msa Dundalk East,Dromiskin,Ireland
Top Oil Newbridge,Naas,Ireland
Top Oysters,Killorglin,Ireland
Top The Onion Group,S Gravenpolder,Netherlands
Top Atlantique,Tremuson,France
Topacio 7,Valladolid,Spain
Topform Limited,Ballyhugh,Ireland
Topline__np19_4ed_356,Newport,Uk
Torque Leeds,Leeds,Uk
Tosa,Coventry,Uk
Tosara Pharma Ltd,Baldoyle,Ireland
Tosca Castleford,Castleford,England
Tosca Coventry,Coventry,Uk
Tosca Ltd,Rathcoole,Ireland
Tosca Pesce S.p.a,55049 Viareggio (lu),Italy
Tosca Pesce,Viareggio,Italy
Total Energies,Zonhoven,Belgium
Total Energies Beaune,Mercceuil,France
Total Energies Lelystad De Aalscholver,Lelystad,Netherlands
Total Energies Puilboreau,La Rochelle,France
Total Energies Zolder,Zolder,Belgium
Total Energies,Merignac,France
Dole Exotics B.v,Bleiswijk,Netherlands
Total Exotics,Spalding,Uk
Total Foodservice Solutions Limited,Barrow,Uk
Total Meat Supplies,Halifax,United Kingdom
Total Produce (hq),Dublin,Ireland
Total Produce (u1),Swords,Ireland
Total Produce (u2),Swords,Ireland
Total Produce Cork,Togher,Ireland
Total Produce Liverpool,Fazakerley,Uk
Total Produce,Belfast,Northern Ireland
Total Trelliers,Treilliers,France
Totalenergies,Brugge,Belgium
Totalenergies - Communay Nord - Access,Communay,France
Totalenergies - Grassinieres,Les Sorinieres,France
Totalenergies - La Dentelle D'alencon,Valframbert,France
Totalenergies - Rel.poitou Charentes Sud,Vouille,France
Totalenergies Access,Leubringhen,France
Totalenergies Tessenderlo,Tessenderlo Ham,Belgium
Tougher's Truck Stop Naas,Newhall,Ireland
Towers Thompson Avonmouth,North Somerset,United Kingdom
Town & Country Meats Group,Wolverhampton,United Kingdom
Town & Country,Nottingham,Uk
Town And Country Fine Foods Ltd,Slough,Uk
Toyota Material Handling,Dublin 12,Ireland
Toyota Tsusho Uk,Telford,Uk
Toyota,Fox & East Common,Ireland
Tpn Cork > Tpn Dublin,Cork,Ireland
Tpn Dublin,Dublin City,Ireland
Trabay Ltd,Lettermacaward,Ireland
Trace & Go,Puceul,France
Tractamotors,Dublin,Ireland
Tracy Parkin Loais,Laois,Ireland
Trade Counter Distribution,Suffolk,Uk
Trade Distribution,Skelmersdale,Uk
Trade Solutions,Blairgowrie,Uk
Tradeteam Ltd,Brockworth,Uk
Tradimer Sarl,Dolus D'oleron,France
Tradimer,Dolus D'oleron,France
Tradipom,Bias,France
Traditional Cheese Co.,Dublin,Ireland
Traditonal Cheese Co,Dublin,Ireland
Trailer Collection - Musgraves,Clifden,Ireland
Tralee Golf Club,Ardfert,Ireland
Tralee Oysters C/o Castlemaine,Castlemaine,Ireland
Tralee Oysters Fisheries,Tralee,Ireland
Trans Stock Warehousing & Cold Storage Ltd,Waterford,Ireland
Transcosatal/ Primever,Alonnes A Saumur,France
Transfreeze,Vendin Le Vieil,France
Transgirostock-rademacher Celra Ii,Celra,Spain
Transgourmet C/o  Norfrigo 9,Wimille,France
Transgourmet C/o Dfds,Larkhall,Uk
Transgourmet Ouest,Carquefou,France
Transgourmet Seafood (delanchy),Boulogne-sur-mer,France
Transgourmet Seafood,Boulogne-sur-mer,France
Transgourmet Seafood,Rungis,France
Translink Storage,Whetstone,Uk
Transmatias Plataforma Logibesa,Barcelona,Spain
Transport Clareton,Montady,France
Transport Indo,Orio,Spain
Transport Menage,Pleudihen-sur-rance,France
Transport Van Duijn & Zn Bv,De Lier,Netherlands
Transport Vooruit Bv (kotra Transport),Breskens,Netherlands
Transportes Frigorificos Indo,Aia,Spain
Transportes Tae,Barcelona,Spain
Transports Dasilva,Montigny Le Roy,France
Transports Dorchies,Rue Rene Panhard,France
Transports Et Manutention,Coudekerque-branche,France
Transports Frigorifiques Geofret,Boulogne Sur Mer,France
Transports Fuchs / Dow Europe Gmbh,Erstein,France
Transports Godfroy,Carpiquet,France
Transports Godfroy,Jonage,France
Transports Guidez (groupe Primever),Monchy-le-preux,France
Transports Jammet,Fleure,France
Transports Jean Marie Hamel,Troarn,France
Transports Le Belier,Boulogne-sur-mer,France
Transports Mesguen Sa,Paimpol,France
Transports Mesguen,Boulogne-sur-mer,France
Transtock Distribution,Co.kilkenny,Ireland
Transton Logistics,Ratoath,Ireland
Transway Trailers/fleet Solutions,Dublin,Ireland
Transzone-abc Logistics Bv,Poeldijk,Holland
Tranziberia,Carlow,Ireland
Tranzit Food Kft.,Nyirgelse,Hungary
Trasco,Priorswood,Ireland
Trattoria Croce Grossa,Piacenza,Italy
Travis Perkins,Inverness,Uk
Travis Perkins,Watford,Uk
Trabay Ltd,Lettermacaward,Ireland
Treacy Parking Laois,Laois,Ireland
Treaty Trucking,Lisnagry,Ireland
Tregor Coquillages,Pleumeur Badou,France
Tremco Construction Products Group Europe,Leicester,Uk
Trend Mania,Manchester,Uk
Trevisani Pietro Srl C/o Spaim,San Benedetto Del Tronto,Italy
Trevors Warehouse,Fleetwood,Uk
Trevors,Blackpool,Uk
Tria Giovanni,Trani,Italy
Tria Giovanni,Trani Bt,Italy
Triaina Hf Sa,X,Netherlands
Triaina Hf Sa C/o,Kortemark,Belgium
Trilanco Ltd,Wesham,Uk
Trilanco,Wesham,Uk
Trinature,Blaringhem,France
Trincapeixe,Vigo,Spain
Trinity Gmbh,Bad Bentheim,Germany
Trio Foods Ltd,Letterkenny,Ireland
Triportugal,Sanguinhal,Portugal
Triskell C/o Ott Dublin,Hollystown,Ireland
Triumph Way,Liverpool,Uk
Trofi Pack B.v.,Den Hoorn,Holland
Troiano Stefano,San Giovanni Teatino,Italy
Trois Domaines,Agen,France
Trojan Baths,Huddersfield,Uk
Tropical Solutions,Den Hoorn,Holland
Truck And Trailer Works (noi),Dungannon,Uk
Truck And Trailer Works Swords,Swords,Ireland
Truck Haven,Carnforth,Uk
Truck Park Eurotunnel,Calais,France
Truck Parking (bsm),Boulogne-sur-mer,France
Truck Parking Centre Routier Beaune,Beaune,France
Truck Rest Area,Huntingdon,Uk
Truck Stop Jarkowa,Jarkowa,Poland
Truck Stop Venlo,Venlo,Netherlands
Truck Wash Bsm,Boulogne Sur Mer,France
Trucker Land,Semoutiers Montsaon,France
Truckers Rest Cafe,Cannock,Uk
Truckstop 26bis,Huesden Zolder,Belgium
Truckstop Inn Nobis Asten,Asten,Holland
Truckstop/parking Lokeren,Lokeren,Belgium
True North - Ny Fish Dhl,Hayes,Uk
True North Seafood Company,28208,Us
True North Seafood Company: International Marine Products,Ca,Us
True North Seafood Company- Washington Dulles,Dulles,Us
True North Seafood Company,Mississauga,Canada
True North Seafood Company,"San Francisco,",Us
True North Seafood Company-atlantica,Ny 11430,Us
True North Seafood Company,Charlotte,Us
True North Seafood Company-bogopa,Ny State 11430,Us
True North Seafood Company,Chicago,Us
True North Seafood Company,Chicago,Us
True North Seafood Company,Florida,Us
True North Seafood Company,New Jersey,Us
True North Seafood Company,New York,Us
True North Seafood Company-crab Du Jour,New Jersey,Us
True North Seafood Company,Houston,Texas
True North Seafood Company,Mississauga,Canada
True North Seafood Company,Florida,Us
True North Seafood Company,Houston,Texas
True North Seafood Company,Houston,Texas
True North Seafood Company,New York,New York
True North Seafood Company-int Marine,Ca 94128,Us
True North Seafood Company-jfk International,Ny State 11430,Us
True North Seafood Company,Los Angeles,Us
True North Seafood Company,Los Angeles,Us
True North Seafood Company,Boston,Us
True North Seafood Company,"Chicago,",Us
True North Seafood Company,Mississauga,Canada
True North Seafood Company,Houston,Us
True North Seafood Company,Charlotte,Us
True North Seafood Company,Houston,Us
True North Seafood Company,Chicago,Us
True North Seafood Company,San Francisco,Us
True North Seafood Company,"Mississauga, On L5p 1b2",Us
True North Seafood Company-superseafood,"Queens, Ny 11430",Us
True North Seafood Company,Boston,Us
True North Seafood Company,New York,Us
True North Seafood Company,Houston,Us
True North Seafood Company,"New York, Ny State 11430",Us
True North Seafood Company,Miami,Florida
True North Seafood Company,Los Angeles,Us
True World Food,Dallas,Us
True North Seafood Company,Los Angeles,Us
True World Foods Minneapolis Llc,Xx,Us
True World Foods Spain Sl,Wimille,France
True World Foods Uk Ltd,Southall,England
Truefoods,Ripon,United Kingdom
True North Seafood Company,Baltimore,Usa
Trump International Golf Links,Aberdeen,Scotland
Ts Foods,Castlewellan,Northern Ireland
Tss - Technical Support Services Dublin,Dublin,Ireland
Tst Transport Ltd,Ballymena,Ireland
Ttw Armagh,Dungannon,United Kingdom
Ttw Swords,Co. Dublin,Ireland
Ttw,Dublin,Ireland
Tube Manipulation & Assembly,Manchester,Uk
Tucks Fasteners & Fixings,Dublin,Ireland
Tucks O'brien Ltd,Dublin,Ireland
Tuffys Wholesale,Collooney,Ireland
Tulip Ltd (ashon),Dukinfield,Uk
Tulip Ltd,Redruth,Uk
Tullamore Meats,Tullamore,Ireland
Tullow Milking Machines,Cork,Ireland
Tully Shellfish Ltd,Quigleys Point,Ireland
Tullys Wholesale Ltd,Arles,Ireland
Tunap Uk,Tonbridge,Uk
Turkey Shore Road Parking,Holyhead,Uk
Turkey Shore Road Parking,Holyhead,Uk
Turner & Price,Hull,Uk
Turner Bianca (dukinfield),Dukinfield,Uk
Turner Bianca Plc,Oldham,Uk
Turner Bianca,Manchester,Uk
"Turners (soham) Ltd, Bicker Depot",Boston,Uk
Turners (soham) Ltd,Newmarket,Uk
Turners Bianca Ireland Ltd C/o Turner Bianca Plc,Oldham,Uk
Turners Distribution Ltd,Newmarket,Uk
Turners,Boston,Uk
Tuttogelo Srl,Modugno Ba,Italy
Tv. Da Gandara 65,Cortegaca,Portugal
Tvar Vyrobni Druzstvo Pardubice,Pardubice,Czech Republic
True World - Los Angeles,Lax,Us
True Food World Dallas,Dallas,Us
True World Foods,Miami,Us
True World Foods Minneapolis Llc,,Us
Twins Warehouse,Merignac,France
Two Sisters Food Group,Scunthrope,Uk
Twv Park,Labourse,France
Tydene,London,Uk
Tyneside Express Traansport,Gateshead,Uk
U Enseigne –   Agen (stef),Boulogne-sur-mer,France
U Enseigne –   Antares (stef),Boulogne-sur-mer,France
U Enseigne –   Ifs Frais (stef),Boulogne-sur-mer,France
U Enseigne –   Nanteuil (stef),Boulogne-sur-mer,France
U Enseigne –   Vendargues (stef),Boulogne-sur-mer,France
U Enseigne –  Plaintel (stef),Boulogne-sur-mer,France
U Enseigne – Boulogne (stef),Boulogne-sur-mer,France
U Enseigne – Carquefou (stef),Boulogne-sur-mer,France
U Enseigne – Fontenay (delanchy),Boulogne-sur-mer,France
U Enseigne – Fontenay (stef),Boulogne-sur-mer,France
U Enseigne – Savigny (delanchy),Boulogne-sur-mer,France
U Enseigne – Savigny (stef),Boulogne-sur-mer,France
U Enseigne – Savigny,Boulogne-sur-mer,France
U Enseigne – Vendargues,Vendargues Cedex,France
U118 (delanchy),Boulogne-sur-mer,France
U161,Boulogne Sur Mer,France
U191,Boulogne Sur Mer,France
U250,Boulogne-sur-mer,France
U338 Delanchy,Boulogne-sur-mer,France
U338,Boulogne-sur-mer,France
U341 Delanchy,Boulogne-sur-mer,France
U550,Boulogne-sur-mer,France
U7 - La Boulangere,La Chaize Le Vicomte,France
Uab Norvelita,Raseiniai,Lithuania
Uab Reketukas,Mazaiciai,Lithuania
Uab Sanitex,Kampiskiai,Lithuania
Uab Viciunai Ir Partneriai,Plunge,Lithuania
Ubris Food,Urbisaglia Mc,Italy
Ucb Farchim Sa,Mohlin,Switzerland
Ucc,Cebazan,France
Ucp / Zeller Plastik,Norfolk,Uk
Uds Freight Ltd,Ballymena,Northern Ireland
Ueno Srl,Milan,Italy
Uin Foods,Glasgow,Uk
Ukpr Group Ltd ( Trespass ),Lanark,Scotland
Uls,Surrey,Gb
Ulster Rugby,134 Mount Merrion Avenue,Northern Ireland
Ultima Office,Ballybane,Ireland
Ultra Finishing Ltd,Bolton,Uk
Ultra Marine Food Sa,Boulogne,France
Ultra Marine Food Sa,Boulogne,France
Ultra Marine Food Sa,Boulogne Sur Mer,France
Ultra Marine,Boulogne-sur-mer,France
Ultramarine Food,Boulogne-sur-mer,France
Ulysse Cazabonne,Arsac,France
Ummar Sp.zo.o C/o Kotra,Boulogne-sur-mer,France
Ummera Smoked Salmon,Timoleague,Ireland
Unbrako,Shannon,Ireland
Underwood Meat Company,Chesterfield,United Kingdom
Uni Maree (john Driege),Boulogne-sur-mer,France
Unicom Deposito Belluno Catering,Belluno,Italy
Unicomm,Presso Piattaforma,Italy
Unigra Spa,Lavezzola,Italy
"Unilever Europe Bv, C/o Pdc Tlb Gmbh - Plant",Heppenheim,Germany
"Unilever Europe Bv,c/o Partner Logistics",Gloucester,Uk
Unilever Europe Bv,Burton On Trent,Uk
Unilever Foods,Leioa,Spain
Unilever Syrenia,61-001 Syrenia 4,Poland
Unilever,Cannock,Uk
Unilever,Doncaster,Uk
Union Hall Seafoods C/o Keohane Cork,Cork,Ireland
Union Hall Smoked Fish,Scibereen,Ireland
Union Hall Smoked Fish C/o Good Fish,Ringaskiddy,Ireland
Unionfrigo S.r.l.,Chioggia,Italy
Unipart Logistics - Nhs Supply Chain (baginton B),Coventry,Uk
Uniphar Group,Rathcoole,Ireland
Uniserve,Tilbury,Uk
Unit 1 - 2 Moore Park Way,Merseyside,Uk
Unit 1,Dublin,Ireland
Unit 11,Wolverhampton,Uk
United Drug Distributors Ltd,Dublin,Ireland
United Drug,Dublin,Ireland
United Foods,Bradford,Uk
United W/sale Flemington,Lanarkshire,Scotland
United W/sale Maxwell,Lanarkshire,Scotland
United Wholesale Grocers Ltd,Glasgow,United Kingdom
United Wholesale,Glasgow,Scotland
United Wholesale,Glasgow,Scotland
United Wholesale,Grangemouth,Uk
Unitherm Heating Systems Ltd.,Newcastle,Ireland
Unit_f4__m11_2wj_985,Manchester,Uk
Univar Ireland Limited,Rathcooe,Ireland
Universal Meat,Portadown,Northern Ireland
Universal Product Solutions,Lancashire,Uk
Universe Seafoods,Arvert,France
Universe Seafoods,Arvert,France
Abertay  University,Dundee,Uk
Unox Logistic Hub - Shipping Department,Cadoneghe,Italy
Unox S.p.a,Saletto,Italy
Up Logistics,Cumbernauld,Uk
Upminster Distribution (new Site),West Horndon,Uk
Upminster Distribution,South Ockendon,Uk
Upn,Lichfield,Uk
Uppercross Enterprises Ltd,Tallaght,Ireland
Ups,Shannon,Ireland
Ups Athlone,Atlone,Ireland
Ups Bolton,Bolton,Uk
Ups Healthcare Picking Pharma,San Fernando De Henares,Spain
Ups Paris Hub,Corbeil-essonnes,France
Ups Shannon - Airfreight Collection,Shannon,Ireland
Ups West Distribution,Derbyshire,Uk
Ups-cork,Little Island,Ireland
Ups-eastmidl-gb,Alfreton,Uk
Ups,Finglas,Ireland
Ups,Oranmore,Ireland
Ups-shaw-wf12,Dewsburry,Uk
Ups-tamworth-gb,Tamworth,Uk
Urbandiet,Figueres,Spain
Urbis Food Srl,Urbisaglia,Italy
Urk Export Bv,Urk,Netherlands
Usa Seafood,New York,Us
Za Lannugat,Dournenez,France
Usine Thon Chancerelle Sas,Douarnenez,France
Uttoxeter Services,Uttoxeter,Uk
V115,Boulogne Sur Mer,France
V547 (delanchy),Boulogne-sur-mer,France
V583 (delanchy),Boulogne-sur-mer,France
V816 Delanchy,Boulogne Sur Mer,France
V931,Boulogne Sur Mer,France
V996,Boulogne-sur-mer,France
Vafo Prehysov,Prehysov,Czech Republic
Vaillant Industrial Uk Ltd,Belper,Uk
Valdigrano Di Flavio Pagani Srl,Rovato (bs),Italy
Valdo – Warehouse Bracchi (divisione Logistic Net),Bassano Del Grappa,Italy
Valefresco Hampton Lucy,Stratford On Avon,Uk
Valefresco Ltd Offenham Site,Evesham,Uk
Valeo Foods Group (odlums),Ballymount,Ireland
Valeo Service Uk,Washford,Uk
Valerios Ltd,Bedford,Uk
Valle Jean Etienne,Boulogne-sur-mer,France
Valleymount Foods Ltd,Naas,Ireland
Valofish,Le Portel,France
Valpizza Srl,Bologna,Italy
Valsped Group Spa,Dalmine Bg,Italy
Valstar Holland Bv,Poeldijk,Netherlands
Valu Centre Castlebar,Castlebar,Ireland
Valu Centre Cavan,Cavan,Ireland
Valu Centre Kilkenny,Kilkenny,Ireland
Valu Centre Sligo,Sligo,Ireland
Value Centre  Killarney,Killarney,Ireland
Value Centre - Castlebar,Castlebar,Ireland
Value Centre Bwg,Dublin 11,Ireland
Value Centre C&c Galway,Galway,Ireland
Value Centre C&c,Finglas North Road,Ireland
Value Centre Cash & Carry Carlow,Carlow,Ireland
Value Centre C&c,Clonmel,Ireland
Value Centre Ennis,Ennis,Ireland
Value Centre Letterkenny,Donegal,Ireland
Value Centre Limerick,Limerick,Ireland
Value Centre Nenagh,Nenagh,Ireland
Value Centre Wexford,Wexford,Ireland
Value Centre 68000,Kilkenny,Ireland
Value Foods Ltd T/a Worldwide Foods,Dublin,Ireland
Value Foods T/a Worldwide Foods,Rathcoole,Ireland
Van 4,Castlebar,Ireland
Van Dijk Flora,De Kwaskel,Netherlands
Van Duijn Coldstore,De Lier,Holland
Van Oers United,Ridderkerk,Netherlands
Van Rack,Magherafelt,Uk
Van Ze Maree C/o La Criee,Concarneau,France
Van Ze Maree To Le Creff,Sainte Helene,France
Van Ze Maree,Concarneau,France
Van Ze Maree,Zl De Pommenaugue,France
Van Zellars Collection C/o Etar Ervedosa Do Douro,Ervedosa Do Douro,Portugal
"Van Zellers & Co, Vinhos, Lda.",Sao Joao Da Pesqueira,Portugal
Vandemoortele Athies,Athies,France
Vandemoortele Reims,Reims,France
Vandemoortele,Izegem,Belgium
Vandenbogaerde,Menen,Belgium
Vanderwindt Packaging,Cork,Ireland
Vanmarcke-foulan-ghesquiere,Wevelgem,Belgium
Isola Fish C/ O Vanni Group,Naples,Italy
Varekamp Coldstores  Bv,De Poeldijk,Netherlands
Varem,Bovolenta,Italy
Vasilis Savrams & Co Ltd,Zi Cesena,Italy
Vbs Logistique,St Laurent De Medoc,France
Vc C/o Williams Gate,Lisbaun,Ireland
Vcv,1070 Anderlecht,Belgium
Vdh Cool Logistics Bv,Breda,Holland
Vdh Forward & Warehouse Bv,Ridderkerk,Holland
Vdh Logistics- Moerdijk,Zevenbergen,Netherlands
Vdm Iberica S.a.,Santa Perpetua,Spain
Vds,Knokke-heist,Belgium
Vebatrans B.v,Urk,Netherlands
Vecg,Deeside,Uk
Vega Salmon,Handewitt,Germany
Vegware/dsv Brackmills,Northamptonshire,Uk
Veiling Hoogstraten,Hoogsrtaten,Belgium
Vemo,Staffordshire,Uk
Ven Poultry B.v.,Lierop,Netherlands
Vendee Crustaces C/o John Driege,Boulogne,France
Vendee Crustaces Sa ( Delanchy),Boulogne-sur-mer,France
Vendee Crustaces,Les Sables-d'olonne,France
Venlose Heide,Venlo,Netherlands
Veno Seafoods A/s,Yerseke,Netherlands
Veno,Boulogne-sur-mer,France
Vent Axia Ltd,Dudley,Uk
Ventamac Packaging Materials,Ballyfermot Road,Ireland
Ventara Commercial Company,Riyadh,Sa
Ventara Commercial Company,Riyadh,Saudi Arabia
Ventara Trading Company,Riyadh,Riyadh
Venture Finishing,Dublin 15,Ireland
Veos,Dohna,Germany
Veqd,West Yorkshire,Uk
Verbiest,Antwerpen,Belgium
Verdevip S.r.l,Ponteranica,Italy
Verdi Log,Barendrecht,Holland
Verger De Beaumont (langevin Patrick),Beaumont Pied De Boeuf,France
Vergerdanjou,Saint Sylvaind Anjou,France
Vergers De La Courtoise,L'isle Sur La Sorgue,France
Vergers De Mauguio,Mudaison,France
Earl Verine Pere Et Fils,Charron,France
Vermeister,Mornico Al Serio,Italy
Vernacare Ltd,Chorley,Uk
Vernon Catering,Dublin,Ireland
Vero Coffee Company,Ballycoolin,Ireland
Verona Tiles,Doncaster,Uk
Versaitle Packaging Site 2,Killyneill,Ireland
Versatile Packaging,Silverstream,Ireland
Versiv Composites Limited,Kilrush,Ireland
Verzorgingsplaats Haarrijn,Breukelen,Netherlands
Vette & Verhaart,Boulogne-sur-mer,France
Vf Coldstores,Finglas,Ireland
Vgk Cool Logistics,Ridderkerk,Holland
Via Foods,Newcastle,Ireland
Via Foods,Newcastle,Ireland
Vibrantz Performance Coatings,Stoke-on-trent,United Kingdom
Vichy Catalan Plataforma Logistica Central,Riudellots De La Selva,Spain
Viciuani,Plunge,Lithuania
Victor Farrell C/o Ott Moycullen,Moycullen,Ireland
Victoria Laverty,Newry,Northern Ireland
Victory Conversions,Sandholme,United Kingdom
Victory Leisure Homes (gilberdyke),Brough,Uk
Victory Leisure Homes,Hull,Uk
Videla,Barcelona,Spain
Vidifresh Venlo B.v,Venlo,Netherlands
Viennoiserie Ligerienne,Mortagne Sur Sevre,France
Villargreen,Saint Pol De Leon,France
Vilsund Blue A/s,Nykobing Mors,Denmark
Vina Del Lentisco S.l.,Lapuebla De Labarca,Spain
Vincent Chagnoleau C/o Mesguen St. Pol,Saint-pol-de-léon,France
Vincent Chagnoleau,Arvert,France
Vini Tonon Srl,Carpesica Vittorio Veneto,Italy
Vinovalie,St Sulpice La Pointe,France
Vintae Luxury Wine Specialists C/o Vintae Logistic,La Rioja,Spain
Vintage Roots Ltd,Hook,Uk
Vira Foods,Usa,Usa
Vira Foods,,Us
Virginia International Logistics,Kells,Ireland
Virginia Transport,Tamworth,Uk
Viscofan,Caseda,Spain
Vishandel Schot Tholen,Boulogne Sur Mer,France
Vision International,Poeldijk,Holland
Korf Vis Bv,Urk,Netherlands
Visscher Seafood For Visscher,Breskens,Netherlands
Visscher Seafood,Urk,Netherlands
Visserijbedrijf Nelis B.v.,Yerseke,Netherlands
Visserijbedrijf Primar B.v.,Yerseke,Netherlands
Vita Liquid Polymers Ltd,Manchester,Uk
Vitaal Evesham | Nationwide Produce Plc,Evehsam,Uk
Vitacress Salads Ltd,Andover,Uk
Vitacuire Sa,Meyzieu,France
Vitapep Bv,Honselersdijk,Holland
Vitaprim,St Julien De Concelles,France
Viuda E Hijos De Jeronimo Izaguirre Sl,Gipuzkoa,Spain
Viuda E Hijos De Jerónimo Izaguirre,Gipuzkoa,Spain
Viuda E Hijos,Gipuzkoa,Spain
Viva Sanitary Ltd,Liverpool,Uk
Viveiros De Guincho Via Stef To,Aboboda,Portugal
"Viveiros Do Guincho, Mariscos, Lda",C. Industrial Da Abóboda,Portugal
Vivers Scotlamb,Dornock,Uk
Vives Eaux C/o Delanchy,Boulogne,France
Vives Eaux C/o Mesguen,Boulogne,France
Vivier Du Pradic,Etel,France
Vivieros San Anton S.a.,Getaria,Spain
Viviers D'armor - Parcs St Kerber,Cancale,France
Viviers D'armor,Cancale,France
Viviers D'armor,Cancale,France
Viviers D'audierne,Audierne,France
Viviers D'audierne,Boulogne-sur-mer,France
Viviers De L'aber Benoit,Landeda,France
Viviers De Locarec - Furic Maree,Penmarc'h,France
Viviers De Locarec,Penmarch,France
Viviers De Locarec,Penmarch,France
Viviers De Loctudy,Boulogne Sur Mer,France
Viviers De Loctudy,Loctudy,France
Viviers De Mariscos Viuda E Hijos De Jeronimo Izag,Aguinaga,Spain
Viviers De Penfoulic C/o Sonefa,Concarneau,France
Viviers De Penfoulic,La Foret-fouesnant,France
Viviers De Porsguen,Plouescat,France
Viviers Du Becquet,Tourlaville,France
Viviers Saint Colomban,Carnac,France
Vivimar Srl,Comacchio,Italy
Vlaamse Visveiling (fish Auction),Oostende,Belgium
Vlaamse Visveiling Nv,Brugge,Belgium
Vlees Centrale Viande,Brussels,Belgium
Voa Foods Limited,Athlone,Ireland
Voci Food - Truck It,Varese,Italy
Volac Milk Replacers Ireland Ltd,Kells,Ireland
M. De Groot & Zoon B.v,Volendam,Nl
Pierrick Vollet,La Tremblade,France
Voltan S.p.a,Olmo,Italy
Voltan S.r.l,Marcon,Italy
Voltan S.r.l,Olmo Di Martellago,Italy
Voltan,Lainate,Italy
Volvac Milk Replacers Ltd (kimes),Sleaford,Uk
Volvo Service - Deeside,Deeside,Uk
Volvo Truck & Bus Centre North,Aberdeen,Uk
Volvo Truck & Bus Centre South And East - Hamilton,Hamilton,Uk
Vooruit Breskens,Breskens,Netherlands
Vooruit Transport Bsm For Micarna Sa Fisch Zurich,Switzerland,Switzerland
Voskamp Trading,De Lier,Netherlands
Vow Wholesale,Lutterworth,Uk
Vow,Lutterworth,Uk
Vow,Rathcoole,Ireland
Vrm Srl,Boulogne-sur-mer,France
Vrugteboom International Bv,Gorinchem,Holland
Vrygeteboom International Bv,Ammerzoden,Netherlands
Vsv Van Slooten Vis Bv,Ijmuiden,Netherlands
Vsv,Boulogne-sur-mer,France
Vuba Chemicals Innovation Limited,Aldam Dock,Uk
Vuba Leeds Dc,Birstall,Uk
Vw Group Logistics,Dordon,Uk
W H Malcolm Ltd,Grangemouth,Scotland
W M Morrisons Supermarket Plc,Northhampton,Uk
W Mcclure Ltd,Crumbria,Uk
W&j Linney Ltd,Mansfield,Uk
W. Mcclure Ltd C/o A1 Coldstore,Galgate,Uk
W346,Boulogne-sur-mer,France
W374,Boulogne-sur-mer,France
W675 (delanchy),Boulogne-sur-mer,France
Wacker Chemie Ag,Burghausen,Germany
Wacker Chemie Gmbh,Nunchritz,Germany
Wageningen Marine Research,Den Helder,Netherlands
Wagg Foods Limited,North Yorkshire,Uk
Wainfleet Produce,Friskney,Uk
Waitrose Bracknell,Bracknell,Uk
Waitrose Brinklow,Brinklow,Uk
Waitrose Chez Kuehne & Nagel,Reading,Uk
Waitrose Distribution Centre,Milton Keynes,Gb
Waitrose Distribution,Aylesford,Uk
Waldersley Produce,Downham Market,Uk
Walker Shortbread C/o Mcpherson Transport,Perth,Scotland
Walker Snacks,Warrington,Uk
Walker's Shortbread - Head Office,Banffshire,Scotland
Walker's Shortbread Ltd,Elgin,Scotland
Walkerpack,Northampton,Uk
Walkers Transport,Leeds,United Kingdom
Bakkafrost Usa Llc (fresh Salmon),Texas,Us
Walsh Engineering C/o Kuhne + Nagel,Cork,Ireland
Walsh Mushrooms (athlone),Westmeath,Ireland
Walsh Mushrooms Golden,Golden,Ireland
Walsh Mushrooms,Evesham,Uk
Walsh's Bakery,Lacken Road Business Park,Ireland
Wanis,Rainham,Uk
Wanly C/o Sofrilog,Vitry Sur Seine,France
Wannebo Norway,Boulogne Sur Mer,France
Wannebo Norway,Padborg,Denmark
Warlen Logistics  Ltd,Dublin 12,Ireland
Warburtons Ltd,Bolton,Uk
Warehouse Musgrave Channel Rd,Belfast,Northern Ireland
Warehousing 2000,Portlaois,Ireland
Warmflow Engineering,Lisburn,Uk
Warner Of Wingate,Wingate,Uk
Warrenpoint Daera,Warrenpoint,Northern Ireland
Warrenpoint Daera,Warrenpoint,Northern Ireland
Warrens Distribution,Rugby,Uk
Warrens Logistic Distribution Hub,Northampton,Uk
Warrens Rugby,Rugby,Uk
Warrens Warehousing & Distribution (midlands) Ltd,Warwickshire,Uk
Warrens Warehousing,Crick,Uk
Warrens Warehousing,Lutterworth,Uk
Warrens,Northampton,Uk
Warwick Services Northbound,Warwick,Uk
Washglade,Athlone,Uk
Washington Mills Electro Minerals,Manchester,Uk
Waste Matters Rossderra Clara,Clara,Ireland
Waterford C&c - Marketplace,Waterford City,Ireland
Waterford Foodservice,Waterford,Ireland
Waterford Oysters,Dungarvan,Ireland
Youngs Seafood Ltd,Fraserburgh,Gb
Watershed,Tallaght,Ireland
Watling Street Truck Stop,St Albans,Uk
Watson Manufacturing,Ribbleton,United Kingdom
Watts Farm Sales Ltd,Farningham,Uk
Waveney Mushrooms,Swainsthorpe,Uk
Wc De Gare De Corze Truck Stop,Angers,France
Weaver View Farm,Cheshire,Uk
Web Prints Concepts Ltd,Mahon,Ireland
Weber Samsung Weber Contract  Gp2  Ch,Northampton,Uk
Wechsler C/o Kotra Bsm,Boulogne Sur Mer,France
Wechsler Feinfisch,Erftstadt,Germany
Weddel Swift Distribution Ltd,Bridgend,United Kingdom
Weddel Swift Distribution Ltd,Wolverhampton,United Kingdom
Wedeclareag,Basel,Switzerland
Weedon Packaging Solution Centre,Hednesford,Uk
Weegbrug Kotra (weigh Bridge),Yerseke,Netherlands
Weener Plastics Norwich Ltd,North Walsham,Uk
Weetabix Food Company,Burton Latimer,Uk
Weigh Bridge Cancale,Saint-malo,France
Weighing Machine Services Ltd,Tallaght,Ireland
Welcome Break Abington,Abington,Uk
Welcome Break Birchanger Green Services,Bishops Stortford,Uk
Welcome Break Birchanger Green,Hockerill,Uk
Welcome Break Charnock Richard,Chorley,Uk
Welcome Break Corley Northbound Services M6,Coventry,United Kingdom
Welcome Break Gordano Services M5,Bristol,Uk
Welcome Break Keele - Southbound,Newcastle,Uk
Welcome Break Newark Services,Balderton,United Kingdom
Welcome Break Newport Pagnell Northbound,Newport Pagnell,Uk
Welcome Break Rothwell Truck Stop A14,Kettering,Uk
Welcome Break Services,Telford,Uk
Welcome Break South Mimms Services M25,London,Uk
Welcome Break Warwick Southbound Services M40,Warwick,Ireland
Welcome Break Warwick Southbound,Warwick,Uk
Welcome Break,Gretna Green,Uk
Welcome Break,Oxford,Uk
Welcome Break,Sheffield,Uk
Welcome Break,Warrington,Uk
Welcome Break,Whitley,Uk
Welford Truckstop,Northampton,United Kingdom
Wellhouse Leisure,Barnsley,Uk
Wellner Fruit B.v.,Meteren,Netherlands
Wells Cargo Logistics Ltd.,Dublin,Ireland
Welsh Lady Preserves,Gwynedd,Uk
Wensleydale Bacon Ltd,Northallerton,England
Wessex Foods,Northallerton,Uk
West Bake Ltd,Glenamaddy,Ireland
West Coast Sea Products,Kirkcudbright,Uk
West Coast Seafood Ek,Boulogne-sur-mer,France
West Coast Seafood Products,Fraserburgh,Uk
West Fish,Boulogne-sur-mer,France
Westbake Ltd,Galway,Ireland
Westcoast Ltd,Andover,Uk
Westcoast Seafood E.k.,Breskens,Netherlands
Western Brand Chicken,Ballyhaunis,Ireland
Western Plastics,Ballybrit,Ireland
Westfalenland Fleischwaren Gmbh,Munster-ost,Germany
Westfalia Fruit,Spalding,Uk
Westfleisch Erkanschwick,Oer-erkenschwick,Germany
Westmill Foods,Manchester,United Kingdom
Westmill,Enfield,Uk
Westpoint Shellfish Ltd,Ardgroom,Ireland
Westport Parking,Westport,Ireland
Westport Parking 2,Westport,Ireland
Westrock Ltd,Derbyshire,Uk
Wetherby Building Products,North Yorkshire,Uk
Wetherspoons House,Watford,United Kingdom
Wexford Home Preserves,New Ross,Ireland
Wexford Mussels Ltd - Sean Ryan,Ferrybank,Ireland
Wexford Parking,Wexford,Ireland
Wexford Services,Wexford,Ireland
Wexport Ltd T/a Leo Pharma Cork,Little Island,Ireland
Wfs Liege,Liege,Belgium
Wfs World Freight Terminal,Manchester,Uk
Wfs,Edinburgh,Uk
Wh Lucey,Dublin,Ireland
Whatmore Uk Ltd,Accrington,Uk
Whealan's Gourmet Foods,Clodalkin,Ireland
Wheeler C/o Db Shenker Ltd,Hounslow,Uk
Wheeler C/o Dhl Global Forwarding,London,Uk
Wheeler C/o Pml,Feltham,Uk
Wheeler Seafood Inc. C/o K&n,London,Uk
Wheeler Seafoods C / O Kuehne Nagel,Heathrow,Uk
Wheeler Seafoods C/o K&n Perishable Handling Centr,Hounslow,Uk
Whitbread Group Plc,Wellingborough,Uk
Whitby Seafoods Ltd,Kilkeel,Northern Ireland
White House Farm,Lincs,Uk
White Logistics & Storage,Pershore,Uk
Whitecap Seafoods,Le Havre,France
Whitecap,Outreau,France
Whitefurze Hall,Coventry,Uk
Whitelink Seafood,Newlyn,Uk
Whitelink Seafoods,Fraserburgh,Scotland
Whitelink Seafoods (france),Boulogne Sur Mer,France
Whitelink (kotra),Boulogne-sur-mer,France
Whitworth Bros Ltd C/o Gxo,Selby,Uk
Wholesale Trading Supplies,Watford,Uk
Whs Pickering Ltd,Pickering,Uk
Whyte & Mackay,Grangemouth,Scotland
Wicklow Cheese,Arklow,Ireland
Wilbay Meats Limited,Emo,Ireland
Wild Atlantic Shellfish,Lissadell,Ireland
Wild Water Avonmouth,Avonmouth,Uk
Wild Water Cold Storage,Plymouth,Uk
Wild Water Coldstore,Gwent,Uk
Wild Water Frozen,Merthyr Tydfil,Uk
Wild Water Group,Cardiff,Wales
Wild Water Group,Newport,Uk
Wildax Motorhomes,Elland,United Kingdom
Wilder Logistics,Slough,Uk
Wildoman,Irun Gripuzcoa,Spain
Wilhelm,Winsen,Germany
Wilkofruit B.v.,Prinsenbeek,Netherlands
Will Bay,Portlaoise,Ireland
Willerby,Hull,Uk
William Hughes C/o Willie Lynch,Derry,Northern Ireland
William Hughes,Derry,Northern Ireland
William Hughes,Moville,Ireland
William Lynch (mickey),Lifford,Ireland
William Yule & Son Ltd,Kirkcaldy,Scotland
William's Home V31 X446,Kerry,Ireland
Williams Gate,Tuam Road,Ireland
Willie  Lynch (foylemore),Derry,Northern Ireland
Willie Lynch,Derry,Northern Ireland
Willie Murphy C/o Ctb,Castletownbere,Ireland
Willie Murphy (pontoon),Castletownbere,Ireland
Willingdon Management Ltd,Fordingbridge,Uk
Willms Fleisch Gmbh,Ruppichteroth-bröleck,Germany
Willow Direct Limited,Wirksworth,Uk
Willow Geen  Wv Moorrison,Bridgwater,Uk
Willowbrook Foods Newtownards,Newtownards,Northern Ireland
Willowbrook Foods,Newtownards,Northern Ireland
Willy Ward,Inver,Ireland
Wilms Tks Gmbh Meat 200,Niederkrüchten,Germany
Wilsons Yard,Dromore,Northern Ireland
Wincanton Britvic,Lutterworth,Uk
Wincanton,Middlewich,Uk
Wincanton Corby,Corby,Uk
Wincanton For Sainsbury's,Northampton,Uk
Wincanton,Bellshill,Scotland
Wincanton,Greenford,Uk
Wing Yip,Aston,Uk
Winroy,Dublin 22,Ireland
Winthrop Site,Lucan,Ireland
Wissing Coldstore,Ahaus,Germany
With Taste,Ballyfermot Road,Ireland
Witley Park Farm,Great Witley,Uk
Witors Spa,Corte De Frati,Italy
Wm Morrison Supermarket,Belshill,Uk
Wm Morrison,Bridgewater,Uk
Wm Morrisons Thrapston,Thapston,Uk
Wn Shipping,Slough,Uk
Wolfgang Kotter,Bochum,Germany
Wonder Foods,Dublin,Ireland
Woodhead Bros Colne,Colne,Uk
Woodies Dc,Ashbourne,Ireland
Woodland Group,Hayes,Uk
Woodlawn Meats,Clonroche,Ireland
Woodside Distribution,Ballyclare,Northern Ireland
Woodstock Nursery,Carbury,Ireland
Woodstown Bay Shellfish C/o Waterford C&c,Waterford City,Ireland
Woodstown Bay Shellfish,Co Waterford,Ireland
Woodys Express,Inverness,Scotland
Woolsey Concrete,Craigavon,Uk
World Duty Free Distribution Centre,Crawley,Uk
World Of Oysters Bv,Yerseke,Netherlands
World Of Sweets,Worksop,Uk
World Wide Book Services,Rickford,Uk
World Wide Foods,Dublin,Ireland
Worldmart,Baranzate (mi),Italy
Worldwide Flight Services Ltd Warehouse,Santry,Ireland
Worldwide Flight Services Ltd Warehouse,Santry,Dublin
Worldwide Flight Services Ltd,Swords,Ireland
"Worldwide Foods,",Rathcoole,Ireland
Worldwide Fruit Ltd,Pinchbeck,Uk
Worlick Farms,Ramsey,Uk
Wow Logistics,Wednesbury,Uk
Wrf Oysters Ltd,Saltmills,Ireland
Wright Brothers Ltd,London,Uk
Kitestown Ltd T/a Wrights Of Howth,Howth,Ireland
Wrights Of Marino,Howth,Ireland
Wrigley Confectionsraben Logistics Czech S.r.o,Na Dlouhem 79,Czech Republic
Wronowice 25,Wronowice,Poland
Wsc Logistics Tessenderlo,Tessenderlo,Belgium
Wt Banks,Chester,Uk
Wurth Uk Ltd,Erith,Uk
Wuxi Biologics Ireland Ltd,Dundalk,Ireland
Wyke Farms Ltd,Wincanton,Uk
X / C&l Mushrooms,Newry,Uk
X2 Uk Limited,Hinckley,England
X427,Boulogne-sur-mer,France
X460,Boulogne Sur Mer,France
X559,Boulogne Sur Mer,France
X584,Boulogne Sur Mer,France
X584,Boulogne-sur-mer,France
X640,Boulogne Sur Mer,France
X739,Boulogne-sur-mer,France
Xanton,Hinckley,Uk
Xbh8 / Dp World Logistics,Burton-on-trent,Uk
Xbite Logistics,Lancashire,Uk
Xdp Express,Curdworth,Uk
Xiong Hai,Boulogne Sur Mer,France
Xiong Hai,Orly,France
Xiong Hai,Saint Ouen L'aumone,France
Xiong Hai,St Pierre Du Perray,France
Xpo (u3 F300),Oude Meer,Netherlands
Xpo - Belfast,Belfast,Northern Ireland
Xpo - Logistics,Spalding,Uk
Xpo / Gxo Diversey,Alfreton,Uk
Xpo / Princes,Bradford,Uk
Xpo Drinks,Derby,Uk
Xpo Logistics ( Almacen Nestle ),Pontevedra,Spain
Xpo Logistics - Nestle Uk,Derby,Uk
Xpo Logistics Doncaster,Doncaster,Uk
Xpo Logistics,Bedworth,Uk
Xpo Logistics,Bradford,Uk
Xpo Logistics,King's Lynn,Uk
Xpo Logistics,Lowestoft,Uk
Xpo Logistics,Luton,United Kingdom
Xpo Logistics,Peterborough,Uk
Xpo Transport Solutions Monchy Le Preux,Monchy-le-preux,France
Xpo Transport Solutions Spain S.l.,Oporrino,Spain
Xpo Trs Sud Fr,Entraigues Sur La Sorgue,France
Xpo,Crick,Uk
Xpo,Grantham,Uk
Xpo,Kettering,Uk
Xpo,Milton Keynes,Uk
Xpo Logistics,Santry,Ireland
Xpress 24 Hour Filling Station,Craigavon,Uk
Xukm - Amazon,Ashby De La Zouch,Uk
Y International Uk Ltd C/o Pml,Heathrow,Uk
Y International,Birmingham,Uk
Y.f Guegan,Bourbriac,France
Y163,Boulogne-sur-mer,France
Y472 (delanchy),Boulogne-sur-mer,France
Y472,Boulogne-sur-mer,France
Y614 Delanchy,Boulogne-sur-mer,France
Y627,Boulogne-sur-mer,France
Y714,Boulogne-sur-mer,France
Y747,Boulogne-sur-mer,France
Y834,Boulogne Sur Mwr,France
Y865,Boulogne Sur Mare,France
Yad Marine Earl,Carnac,France
Yad Marine Riantec,Riantec,France
Yard 4 - Hse,Dublin 3,Ireland
Ybert C/o Mesguen Transport,Boulogne-sur-mer,France
Ycc,Aalsmeer,Netherlands
Yearsley Bilsthorpe,Nottinghamshire,Uk
Yearsley Bristol,Portbury,Uk
Yearsley Chesterfield,Chesterfield,Uk
Yearsley Cold Store (lineage),Birmingham,Uk
Yearsley Food Ltd,Heywood,Uk
Yearsley Group,Grimsby,Uk
Yearsley Logistics,Bellshill,Uk
Yearsley Logistics,Hamshall,Gb
Yearsley Newark,Newark,England
Yearsley Wisbech,Wisbech,Uk
Yeasley,Coleshill,Uk
Yellow Stocking Hall,Crowland,Uk
Yeo Valley,Highbridge,Uk
Yester Farm Dairies Limited,East Lothian,Scotland
Yoann Lartigue,La Tremblade,France
Yoplait,Moneteau,France
Yore's Gala Lisduff,Lisduff,Ireland
Yorks Of Dundee,Dundee,Uk
You Chill We Deliver Ltd,Dublin,Ireland
Young's Seafood,Lothian,United Kingdom
Young Foods,Hull,Uk
Young's Seafood,Annan,Uk
Youngs Seafood (humberstone Road Site),Grimsby,Uk
Youngs Seafood Fraserburgh,Fraserburgh,Uk
Youngs Seafood Ltd-fraserburgh,Fraserburgh,Gb-sct
Youngs Seafood,Livingston,Scotland
Yusen Logistics Uk,Wellingborough,Uk
Yusen Logistics,Northampton,Uk
Yusen Smeg,Northampton,Uk
Yves Papin,Saint Marie Du Mont,France
Yvon Mau,Gironde Sur Dropt,France
Z137 (delanchy),Boulogne-sur-mer,France
Z223,Boulogne-sur-mer,France
Z353,Boulogne Sur Mer,France
Z425,Boulogne-sur-mer,France
Z610,Boulogne-sur-mer,France
Z633,Boulogne-sur-mer,France
Z823,Boulogne-sur-mer,France
Za-mar,Mesola,Italy
"Zabka Polska Sp. Z O.o.,cen Log Lebork",Zwarowska,Poland
Zafron Foods,Mitcham,Uk
Zaisa,Irun,Spain
Zaklady Drobiarskie,Kozieglowy,Poland
Zaklady Miesne Sokolów S.a.,Czyzew,Poland
Zampa Fish,London,Uk
Zeelandia C/o Kotra Bolougne,Bolougne Sure Mer,France
Zeelandia Van Belzen,Willich,Germany
Zeelandia Van Belzen Gmbh,Krefeld-hüls,Germany
Zeevisgroothandel Andre,Boulogne-sur-mer,France
Zelzate,Zelzate,Belguim
Zenith Nurseries Ltd,Evesham,Uk
Zeus External Warehouse 2 (convoy),Convoy,Ireland
Zeus External Warehouse,Letterkenny,Ireland
Zeus Packaging Limited,Rathcoole,Ireland
Zeus,Letterkenny,Ireland
Ziegler France,Vern-sur-seiche,France
Ziegler Sharp Manufacturing,Illzach,France
Ziegler Uk,Stanford Le Hope,Uk
Ziegler Uk,Stanford-le-hope,Uk
Ziegler W.s. (blanquefort),Blanquefort,France
Ziegler logistics Limited,Knocktopher,Ireland
Zintec Systems Ltd,Dublin,Ireland
Zoll Nord,Basel,Switzerland
Zoll Parkplatz,Weil Am Rhein,Germany
Zollamt Am Flughafen,Erfurt,Germany
Zollamt Münster-loddenheide,Münster,Germany
Zollas Verzollungen Gmbh,Thaynegen,Switzerland
Zoomweg Zeeland Coldstore Bv,Kruiningen,Netherlands
Zoutewelle Import Bv,Ridderkerk,Holland
Zt Systems,Almelo,Netherlands
Zuvela D.o.o.,Benkovac,Croatia
Zz Coldstore,Vlissingen - Oost,Netherlands
Àrea De L'empordà Sentit Sud,Girona,Spain
